puzzles,solutions,clue_numbers
147000080095140630060000000006030854580700309039504100451603098908450063073908540,147362985895147632362895417716239854584716329239584176451673298928451763673928541,45
108405000237009050050000190071540060302910584504006071020851040015004009640702815,198465237237189456456273198971548362362917584584326971729851643815634729643792815,45
000289760060314090290706000000092076100807504800000029653400987087035000412970653,341289765765314298298756341534192876129867534876543129653421987987635412412978653,45
460870910007139060013000500048513096296407350300000040030008005824700639170006024,462875913587139462913624587748513296296487351351962748639248175824751639175396824,45
098000546203645980600000032320490108007302090069071053900700305782000010500914820,198237546273645981654189732325496178817352694469871253941728365782563419536914827,45
050429376000706018007158200085091034000360857400580921519040083040000095008005400,851429376924736518637158249785291634192364857463587921519642783246873195378915462,45
086032004723400000019508037048305010052000406070004023005173948004056370100009652,586732194723491865419568237648325719352917486971684523265173948894256371137849652,45
125693708300804010080001930038025601542000070006300250274506300001930027090702060,125693748369874512487251936738425691542169873916387254274516389651938427893742165,45
517980046264001900930046071790800000003465000050019802180300007002007108670198024,517983246264571983938246571791832465823465719456719832189324657342657198675198324,45
300760498049501076607004150470000502008020760050040981581270600700400805060058027,315762498849531276627984153476819532198325764253647981581273649732496815964158327,45
058009670300008091000600000900374268034280059826095047502741836400003000683950000,258419673367528491149637582915374268734286159826195347592741836471863925683952714,45
312004609650231800007905302284076930030428005005090080590010000108040593400059020,312784659659231847847965312284576931931428765765193284593812476128647593476359128,45
203104975410500308059830641940080062000000007370016504032640080890001056564000200,283164975416597328759832641945783162621459837378216594132645789897321456564978213,45
054100007003508601002700845036495000549080063028360000080013400497002310360074208,854126937973548621612739845736495182549281763128367594285613479497852316361974258,45
400306015500840062263901000605019280094200530082503491026100009050790020907602000,478326915519847362263951874635419287194278536782563491826135749351794628947682153,45
390800700065400100120506390203008057907324081000700240030651070000283500506940832,394812765765439128128576394243168957957324681681795243832651479479283516516947832,45
400890000710004000689007450908413260265089001340050078124065007807240096000308100,452896713713524689689137452978413265265789341341652978124965837837241596596378124,45
640170390983500100271389504028093000500021400300065010019634275702910000400200000,645172398983546127271389564128493756567821439394765812819634275752918643436257981,45
607350000210780953053000080060590700021803495090127060800635149506900072040008006,687359214214786953953412687368594721721863495495127368872635149536941872149278536,45
020000713500317640030000098000001000050739026062584000306452879240078060090163254,624895713589317642731246598973621485458739126162584937316452879245978361897163254,45
020910564600080013090064087540701006201396400900450020305042009482170605009035000,827913564654287913193564287548721396271396458936458721365842179482179635719635842,45
028005900056000287001782000670090428802057000139804750214070009500930140003041075,728365914356419287491782563675193428842657391139824756214578639587936142963241875,45
631200950090600820280070360012054006370820495005307082429000010753106049100000070,631248957597613824284579361812954736376821495945367182429735618753186249168492573,45
439200610860040270020081394040576830006813020000090560000768043600104052014905000,439257618861349275527681394942576831756813429183492567295768143678134952314925786,45
089035700041068050050070609904000105008510004175000230500749806826050497090600513,689235741741968352352174689964823175238517964175496238513749826826351497497682513,45
179458230062109040458000000523090008084500069091084050040835600210900003030216700,179458236362179845458362917523691478784523169691784352947835621216947583835216794,45
008701403100000902430280050384092710209000048761040095012000030093120674647908000,928751463175364982436289157384592716259617348761843295512476839893125674647938521,45
300000040872950061945016070004200007597103200080579034058400603419630000003705410,361827945872954361945316872134268597597143286286579134758491623419632758623785419,45
520819630600245910001730002009060800815000200006058793308674100000903470400521300,524819637673245918981736542739462851815397264246158793398674125152983476467521389,45
306004705804000160009310248032987516007051300001400070003040950195263400048090030,316824795824579163579316248432987516987651324651432879263748951195263487748195632,45
071089035000500417653740090000032004362015078100890326700008501238006700016900200,471289635829563417653741892987632154362415978145897326794328561238156749516974283,45
000040612200783005590001830985024063040306009367908201623090000051030008009405026,738549612216783495594261837985124763142376589367958241623897154451632978879415326,45
007098326859002047000074080108000600064700950590640718785030400641850003020016070,417598326859362147236174589178925634364781952592643718785239461641857293923416875,45
009245867045000030000309000782000005106453270053780609967031402824007150000800096,319245867245678931678319524782196345196453278453782619967531482824967153531824796,45
000103007607540903013000452534000826079006534026350009040935000001400395390670200,452193687687542913913867452534719826179286534826354179248935761761428395395671248,45
058100047097856020000704508070005104010679852502403706005328400823000605140007000,658132947497856321231794568976285134314679852582413796765328419823941675149567283,45
030069080619548203050000601000016047106750309504030160963000052041275906000093010,237169485619548273458327691392816547186754329574932168963481752841275936725693814,45
500049008070520390090000562200400856050290407417060239000014005941758620005030901,562349178178526394394187562239471856856293417417865239623914785941758623785632941,45
000900057170004002029570038206000805790058203854602010900815320342769000500203900,483926157175384692629571438236197845791458263854632719967815324342769581518243976,45
000620008236080010000051632902004563300297800148530209480005320050070084703900056,514623798236789415897451632972814563365297841148536279489165327651372984723948156,45
500160870000920400000378009708002030210036708034007215900241386002083057006759002,529164873873925461461378529798512634215436798634897215957241386142683957386759142,45
317506004006084030800107596108000020003609018200000003081300940035942871400801365,317596284956284137824137596148753629573629418269418753781365942635942871492871365,45
572698034001075600806100275603700902209040700107002040028400010904003020300807469,572698134431275698896134275643751982289346751157982346728469513964513827315827469,45
389200000040500893561380470900000040720154060154030287690003124870002900402000708,389247615247561893561389472936728541728154369154936287695873124873412956412695738,45
902150803054000009386002001495018070230090080608030950001760200029001637060509418,972154863154386729386972541495618372237495186618237954841763295529841637763529418,45
460000502008053647352000910030040086016932405705008300921075000084100003003086291,467891532198253647352764918239547186816932475745618329921375864684129753573486291,45
923740085000150002001020704004500230065083009302490010008934657009675800500812003,923746185647158392851329764794561238165283479382497516218934657439675821576812943,45
000405000002718306781030204008196003300287001100004802930570618810903025000860430,693425187452718396781639254278196543345287961169354872934572618816943725527861439,45
450000019903457862068003704705040023321705040840000007004102000182500406030070281,457268319913457862268913754795846123321795648846321597674182935182539476539674281,45
030690028004287005800000069040768500078125003010039876100800257002013680406572000,531694728964287135827351469349768512678125943215439876193846257752913684486572391,45
500031902030000000008540713080065470265400398407309200100850607600190025850670039,546731982731928564928546713389265471265417398417389256193852647674193825852674139,45
002049005849700061703610080005001420071264598264005107100000059007136002008597000,612849375849753261753612984985371426371264598264985137136428759597136842428597613,45
206930015000042038039000602004000120000026489020000007370501294165204873402070561,246938715517642938839715642984357126753126489621489357378561294165294873492873561,45
060038200021009408000017659072063001104005963006840005000390182218000304430182500,965438217721659438843217659572963841184725963396841725657394182218576394439182576,45
013000006548920000090030400070510602064793018851642793187054069025009000030001004,713485926548926137692137485379518642264793518851642793187254369425369871936871254,45
187340659020600718596018002000005070709830205002000800260090183000003020031426597,187342659423659718596718342348265971719834265652971834264597183975183426831426597,45
120850009507096421006214085205609100000725960860031572008060250400070310000000890,124857639587396421936214785275689143341725968869431572798163254452978316613542897,45
270310468086907135053008290790200800000079503530186700320000004948030050600890002,279315468486927135153648297794253816861479523532186749327561984948732651615894372,45
201987400000506003654300879342170650080420791917000030070000010463090007120700046,231987465798546123654312879342179658586423791917865234875634912463291587129758346,45
000000520025460009080125304006018203510002097300096010231670950604059100059231400,463987521125463789987125364796518243518342697342796815231674958674859132859231476,45
783006005045807200600450003800300901491570306036900507064080730510003604000609158,783296415145837269629451873857362941491578326236914587964185732518723694372649158,45
000431059134020008520806314803014597900300042400059083000097030006103405300042070,678431259134925768529876314863214597957368142412759683245697831796183425381542976,45
260004509080075100005601008039016040106048003408309610043067280607180000802090765,261834579384975126795621438539716842176248953428359617943567281657182394812493765,45
050470830008000704947680125412006350500100967600030240135040609890050000724068000,251479836368512794947683125412796358583124967679835241135247689896351472724968513,45
470005310360042050090031427036400198089006500047819200000108732720094080000070045,472985316361742859895631427236457198189326574547819263954168732723594681618273945,45
084090610050024037970060248005200000197005000028007006032159860006300591510486023,284793615651824937973561248465238179197645382328917456732159864846372591519486723,45
040218069090057802000900754500841023602005148184026000000682930200000001000174286,745218369396457812821963754579841623632795148184326597417682935268539471953174286,45
000570021657129000012380675309800167000761000070293508061900754090450206005010000,438576921657129483912384675329845167584761392176293548261938754893457216745612839,45
006209300002304078010070259685190743000586090201043000000005400120030965069021837,876259314952314678413678259685192743347586192291743586738965421124837965569421837,45
092604030004100007035000406050921748040350100021807600479508310500213000210470860,792684531684135297135792486356921748847356129921847653479568312568213974213479865,45
105030002800040397900002410621050038450378061370021540200003000500706124700214900,145937682862145397937862415621459738459378261378621549214593876593786124786214953,45
319600020500019687608542000486025700100700000700080152000204010950837006204951870,319678524542319687678542391486125739125793468793486152837264915951837246264951873,45
040567092200814705576093008460709100090000650300406907980045070620908500104600009,841567392239814765576293418465729183792381654318456927983145276627938541154672839,45
000000270694172538027800900009020007402750690785396100536010780008500000901287300,853649271694172538127835946369421857412758693785396124536914782278563419941287365,45
306028507208009061070100004000945736495603000060810009854307010030261040621004003,316428597248759361579136284182945736495673128763812459854397612937261845621584973,45
000590064060173009589200100000485000058762903726900400372019600005007800891654070,137598264264173589589246137913485726458762913726931458372819645645327891891654372,45
096500170805400906704093280158049603003851400907000508079235800002004009001970300,396528174825417936714693285158749623263851497947362518679235841532184769481976352,45
750003861100500493309060027800600030403010075060000918615042309900150002270089106,752493861186527493349861527891675234423918675567234918615742389938156742274389156,45
985010700600040958740985631009000872036000095800109063070300006300260507264508300,985613724613742958742985631159436872436827195827159463578391246391264587264578319,45
000408960026530704008200310695314020130782059002900103407809530200650000063040090,351478962926531784748296315695314827134782659872965143417829536289653471563147298,45
009408006408001950060009002605004008790283501280000070030157204157902680902800715,579428136428361957361579842615794328794283561283615479836157294157942683942836715,45
004370618735801902001000053800109304219407805340506090160003580490700020008600009,924375618735861942681294753856129374219437865347586291162943587493758126578612439,45
065174800070030005000905004000200586086407003213580497759300628020709301041020050,965174832174832965832965174497213586586497213213586497759341628628759341341628759,45
354870092080062450000043001041720305003010079972030048000000010438197026010250830,354871692187962453296543781841729365563418279972635148625384917438197526719256834,45
000704006274039518369805400008100600026390750507200000090570060052460109600981075,185724936274639518369815427938157642426398751517246893891572364752463189643981275,45
001200350600038010830049706010823590400607283028950167000062845003000070500790630,941276358672538419835149726716823594459617283328954167197362845263485971584791632,45
026700530094010806500002704480090603600420179070035082908001060205084017017206008,826749531794513826531862794482197653653428179179635482948371265265984317317256948,45
070659002090204713008300006783000504000025807402730169027100045009006278564000301,371659482695284713248317956783961524916425837452738169827193645139546278564872391,45
370608040000370016608509073700083000096725380100096027001200700800961402054807069,372618945549372816618549273725183694496725381183496527961254738837961452254837169,45
600010503801005040000009018237400001005198072089003004916702435043061207008500169,694817523871325946352649718237456891465198372189273654916782435543961287728534169,45
102008904430500008800004051000060012040132587000807049571986000324005096690003175,152678934439521768867394251785469312946132587213857649571986423324715896698243175,45
200010036643502000910040852090063015500007083368025907100670320002951060470008090,285719436643582179917346852794863215521497683368125947159674328832951764476238591,45
296801403054629810010000602560090040902000365047300000870003526401560008605087030,296871453354629817718435692563298741982714365147356289879143526431562978625987134,45
800600503034709002026000809080270630650048700712005098300197006071026300005834017,897612543534789162126453879489271635653948721712365498348197256971526384265834917,45
641070095530000720002905406490017003008503960305094087160302040954701800000009071,641278395539146728872935416496817253718523964325694187167382549954761832283459671,45
608103097297860001031720648109400003800010704720086050070500902010647005005001076,648153297297864531531729648159472863863915724724386159476538912912647385385291476,45
516007804042001307070800561065009002000456130193702000907205613031900000004010978,516397824842561397379824561465139782728456139193782456987245613631978245254613978,45
054020310000000645001605928500831700000764502740592801090203170038006009067059003,654928317982317645371645928529831764813764592746592831495283176238176459167459283,45
802106030307020615165370902900685700001900508008400290710240009000098006009760324,892156437347829615165374982923685741471932568658417293716243859234598176589761324,45
058400910210850467060902800500086200607201395042305786030000500001520038020030170,358467912219853467764912853593786241687241395142395786836174529471529638925638174,45
000040600250783400900205800542300008009004706000198254603800509801059362405602107,738941625256783491914265873542376918189524736367198254623817549871459362495632187,45
900027041287000900000090270000306580598001060406950012802710004649002037173069820,965827341287134956314695278721346589598271463436958712852713694649582137173469825,45
020307040007408125648000009000600050804910367760584290000830004086140072400729603,521397846937468125648251739192673458854912367763584291279836514386145972415729683,45
840003006307069004960508370130400700780630009594087160208306000073904080409052600,845723916327169854961548372136495728782631549594287163258376491673914285419852637,45
895000001000000805400508307046901532532607100089200000053072018074010053608359204,895723461327164895461598327746981532532647189189235746953472618274816953618359274,45
103596740096427010407083659000070100970231006001000007609710830712300960008609000,183596742596427318427183659865974123974231586231865497649712835712358964358649271,45
500100080208050314031027095903000008047082039820300401000271850605009127000568903,569143782278956314431827695953714268147682539826395471394271856685439127712568943,45
030569040900007238700030009100682095090370082200090001318900704457013926009054800,832569147965147238741238569173682495594371682286495371318926754457813926629754813,45
000749021947200530802000970094180005780600009056093718008020090105930007039870102,563749821947218536812365974394187265781652349256493718478521693125936487639874152,45
145070628826140300073000001007382016600000080300614700001059030738261900009708062,145973628826145379973826541597382416614597283382614795261459837738261954459738162,45
013740090060012700000860021894623170051098030026007480480000010639070048002584060,213745896968312754547869321894623175751498632326157489485936217639271548172584963,45
901870350365291740000000900008056000590700403072348560053109270000503001019427005,921874356365291748784635912438956127596712483172348569853169274247583691619427835,45
081045200300608007004029186506970308020560040940002600038406072070103560400090831,681745293392618457754329186516974328823561749947832615138456972279183564465297831,45
864709501020040309000201468312005700497120600500900213730082046009000000250406130,864739521125648379973251468312865794497123685586974213731582946649317852258496137,45
569027000000609278000014596020140905006098002950270001640902307001065820002001654,569827143134659278287314596723146985416598732958273461645982317371465829892731654,45
009000240000452000420891673038005024657200300000083060082007450506020701301564892,819736245763452189425891673138675924657249318294183567982317456546928731371564892,45
006040030835609007702538600409700001158060720020851060000106490081402370290005180,916247538835619247742538619469723851158964723327851964573186492681492375294375186,45
384700006000690000916438257025170038000042790090063400802957100009316000160004570,384725916257691384916438257425179638638542791791863425842957163579316842163284579,45
073000200402378059091064300009052704206703000300900605938010472000007893724800560,873195246462378159591264387189652734256743918347981625938516472615427893724839561,45
064000109910034020002105600007569000843217090659083071038751904006020705070900300,364872159915634827782195643127569438843217596659483271238751964496328715571946382,45
100400030000006210300020048584260790063971850901080000032009465045032080810645072,127498536498356217356127948584263791263971854971584623732819465645732189819645372,45
090010847800600230000870695703000109000190023009730500950361400072005310016427958,695213847847659231231874695723548169584196723169732584958361472472985316316427958,45
020500400000800765005394208300001650504239187800450932000008540780045321009020870,128567493943812765675394218392781654564239187817456932231678549786945321459123876,45
560830740802140005047509208405098023301470096608001000903204607000006380050083400,569832741832147965147569238475698123321475896698321574983214657214756389756983412,45
900002030001035980530680000090700053007351490153094620062500049309068715000940860,986172534271435986534689271498726153627351498153894627862517349349268715715943862,45
851720046002640008634815027040360085000074103000080470180207604005400800460038700,851729346792643518634815927947361285528974163316582479183257694275496831469138752,45
280054019009206074750109806610405000903008205025073068040800000500047081801502037,286754319139286574754139826618425793973618245425973168347891652562347981891562437,45
401290065700810000009560410093670241067040530004900876030080020070409603942050180,481293765756814392329567418593678241867142539214935876635781924178429653942356187,45
006591400402060009059720000000876000000402687680100000521647390764983501098005704,836591472472368159159724836245876913913452687687139245521647398764983521398215764,45
900801000604902083003047005230084506000000029750003418461009832382006050097328600,925831764674952183813647295239184576148765329756293418461579832382416957597328641,45
030200007920060053476058900190430520080900604643020170308502740200000306014083205,835219467921764853476358912197436528582971634643825179368592741259147386714683295,45
794080060501090200083501704370028000456379000128406379800002005005837010010040830,794283561561794283283561794379128456456379128128456379837612945945837612612945837,45
018040060079830045425960038807154600501296080060780000150000806006000024090670513,318542769679831245425967138837154692541296387962783451153429876786315924294678513,45
800590360000874005509230008080900023324710000006340107170600834692083501430007200,847591362263874915519236748781965423324718659956342187175629834692483571438157296,45
389604001210000040674010098000090034700150809802743065500921083408060000001038576,389674251215389647674215398156892734743156829892743165567921483438567912921438576,45
067000043050493006430100020900701382803060001705802094084009257072300060691027030,167285943258493716439176825946751382823964571715832694384619257572348169691527438,45
058001390093004261002930804020305406084200000037806109870402010309700040240193008,458621397793584261162937854921375486684219735537846129875462913319758642246193578,45
231005760050400032060013950614320000578040290092007016080054020126930040740102000,231895764859476132467213958614329875578641293392587416983754621126938547745162389,45
000259400502416037100873095010607002076325904250041608000002040045160703300094000,738259461592416837164873295419687352876325914253941678681732549945168723327594186,45
201507408400260007007098261005374980000000304370982005749020153020100749003000820,261537498498261537537498261615374982982615374374982615749826153826153749153749826,45
510600342069240851023100970070000680040080097056090100000904013204315760035067400,518679342769243851423158976972431685341586297856792134687924513294315768135867429,45
000200940080954763409030210591403602806105030074608159200009070005000801900007326,637281945182954763459736218591473682826195437374628159263819574745362891918547326,45
500008703030054098200670510900007005150492680070310942000549020495206300060730409,541928763736154298289673514924867135153492687678315942317549826495286371862731459,45
071085006008460200946002538820040197100238054050901003010800000080690300769020485,271385946538469271946712538823546197197238654654971823312854769485697312769123485,45
000612407021400035407000021798030142560100700100789560009361000204890006306040850,935612487621478935487953621798536142563124798142789563859361274274895316316247859,45
165093704400000003002704060850306409074050026600070108536902817708005942249000000,165293784487561293392784561851326479974158326623479158536942817718635942249817635,45
370024056140658703000397001967203180030001679000900340493800507006009018020000930,379124856142658793685397421967243185234581679518976342493812567756439218821765934,45
000128035082360000356004000018053069690001523005049870823590047500000380001830056,947128635182365794356974218718253469694781523235649871823596147569417382471832956,45
040800921029530007068012503090000380080700050051360090830000200976250430502483679,345876921129534867768912543297145386683729154451368792834697215976251438512483679,45
056000390142037865009080020615003078000708650007500003093870010768152009001300786,856214397142937865379685124615423978234798651987561243493876512768152439521349786,45
408005000200849507050621948020904065000082070749000281004310892902000610103200750,498735126216849537357621948821974365635182479749563281574316892982457613163298754,45
048000006351620089072984003000040602034056078060809341000708004786490005409002807,948315726351627489672984513897143652134256978265879341523768194786491235419532867,45
080900205690150004205847090009710000060203570001604320902401036100308900806520147,784936215693152784215847693329715468468293571571684329952471836147368952836529147,45
000080040934020000681430275062090034090350027453007980005610000216900750849503060,527186349934725816681439275762891534198354627453267981375612498216948753849573162,45
628140509704905600093000041947052100005060074106070203060093025309000400802610390,628147539714935682593286741947352168235861974186479253461793825379528416852614397,45
000863104409720006683140050090576340706384900800900067568031009020058400000007680,275863194419725836683149752192576348756384921834912567568431279927658413341297685,45
651097400030561090907080165000120007079450600006739804760043000005672309400805070,651297483834561792927384165548126937379458621216739854762943518185672349493815276,45
305040000670090418840672053708900500453708209926403100560000000130007600087069340,395841726672395418841672953718926534453718269926453187569134872134287695287569341,45
095032800230001070106597304000875249420306700578924000000158007001709602907200000,795432816234681975186597324613875249429316758578924163362158497851749632947263581,45
001465800040820701982713050600042318000076924290080060003250109009630040000198070,371465892546829731982713456657942318138576924294381567763254189819637245425198673,45
800056371562013940130489620000028530006370000003941002970004003608500010025090086,894256371562713948137489625419628537286375194753941862971864253648532719325197486,45
000509860093080017600147350057006001369020705802070930035960024906000503200053098,174539862593682417628147359457396281369821745812475936735968124986214573241753698,45
004091003832050169000832405180000040400109007273000910506928704928047001047000092,754691283832754169691832475189273546465189327273465918516928734928347651347516892,45
300050074586000029007239568704901600630405001219000740060100032001000406803046917,392658174586714329147239568754921683638475291219863745465197832971382456823546917,45
136900000749082163025010090060709405408126000307005206000400501000060948904251607,136974852749582163825613794261739485458126379397845216673498521512367948984251637,45
700609080006258071850000490369820150428015039010060040275000804684072000100480700,731649582946258371852137496369824157428715639517963248275391864684572913193486725,45
420801000061900200005427000040002916002106453096040870210650734374218000609000120,427861395861935247935427681543782916782196453196543872218659734374218569659374128,45
602079000749001280001000947068004300903018400074503001300287504827900600405036720,682479135749351286531862947168724359953618472274593861316287594827945613495136728,45
906281403281703506703950000432560080067000040019400007000008764028004005604195200,956281473281743596743956821432567189567819342819432657195328764328674915674195238,45
302010596001090328560003710427150009005900002093204601008340100230060005170089240,382417596741695328569823714427156839615938472893274651958342167234761985176589243,45
900705032632080700704600018895430200073016090061009000029500346006102580000364120,918745632632981754754623918895437261473216895261859473129578346346192587587364129,45
908700030351984070060010890623500708519008362087002901235040607090000500806200400,948726135351984276762315894623591748519478362487632951235149687194867523876253419,45
600058090043072008000930702012389400300740050064521839001007005206013900479060103,627158394943672518185934762512389476398746251764521839831497625256813947479265183,45
013700000800003700602085100500801007301020650207050031920510370158070296034206518,413762985895143762672985143569831427381427659247659831926518374158374296734296518,45
409500280000810047800479003287943160651087390940001020168700000005008470700000816,479536281536812947812479653287943165651287394943651728168724539395168472724395816,45
837010204065942308029700600050800010208137046371060000900670425000054030042398000,837516294165942378429783651654829713298137546371465982983671425716254839542398167,45
704093208060180054200540369401059030070360420836000005000070083697831502080005090,754693218369182754218547369421759836975368421836214975542976183697831542183425697,45
096204738021000600007905102060050080210008390000630501742386905638090074100407800,596214738421873659387965142963152487215748396874639521742386915638591274159427863,45
907310004025607300100240600740983020893052460000070038000739802370800000281504703,967318254425697381138245679746983125893152467512476938654739812379821546281564793,45
007006189062091007009570040024089000105040908608107004743060590001734026000915403,537426189462891357819573642324689715175342968698157234743268591951734826286915473,45
400700609710306540000420100030010086041867095806000421083009017500170800027608954,452781639718396542369425178935214786241867395876953421683549217594172863127638954,45
062475000010200754050830060076000090091620400030189076600358029503902607020060583,962475318318296754754831962276543891891627435435189276647358129583912647129764583,45
200608710070500638803000592500100007018907305090020086907853401305461009100009850,259638714471592638863714592532186947618947325794325186927853461385461279146279853,45
000053040481060502350104600003410050597328104600790080030049005946502010200801490,769253841481967532352184679823416957597328164614795283138649725946572318275831496,45
000500209062034000517000430075020800108075903309140006781050390250003187093081650,834517269962834715517962438675329841148675923329148576781256394256493187493781652,45
958024006003590402214003050000400031130879245040010987000601003400030528307085060,958124376673598412214763859789452631136879245542316987825641793461937528397285164,45
104083509208006074009047000081320645000604081605710092820000416000872903000400827,174283569238596174569147238781329645392654781645718392827935416416872953953461827,45
900400500436000978502970460298030000700010209651209730100840350874356000305090040,987463521436521978512978463298734615743615289651289734129847356874356192365192847,45
070295081018000290250081307700004169502169008196708020860003010920870003435000000,374295681618347295259681347783524169542169738196738524867453912921876453435912876,45
710503000000081405030602010205000043180370590300250601050826174401005268002017309,718543926629781435534692817295168743186374592347259681953826174471935268862417359,45
180207300003481000700069018300694801010573049400000530020706904600948152009020760,184257396963481275752369418375694821218573649496812537521736984637948152849125763,45
380291074754638000902070800200100005001563028630020701049056080000904600500302419,386291574754638192912475836298147365471563928635829741149756283823914657567382419,45
000769108079040000001205960000407850038602704100308206203006485854003671016000320,325769148679841532481235967962417853538692714147358296293176485854923671716584329,45
501064098987102060040708152806021500405607900019500087002000010000030476060019235,521364798987152364643798152876921543435687921219543687352476819198235476764819235,45
080165070070300560105402003050020498701090056890603020216940005000216000007538612,389165274472389561165472983653721498721894356894653127216947835538216749947538612,45
073124089210090730908000002095640008067280050000930674006850390030016800080370461,673124589214598736958763142395647218467281953821935674146852397739416825582379461,45
000009013003420986006307504960273408002804091040106300325908000600502809400001235,254689713173425986896317524961273458732854691548196372325948167617532849489761235,45
301005274695027010207030000500670142004050706069214500953706800406002000010593400,381965274695427318247831659538679142124358796769214583953746821476182935812593467,45
301208705009070006007603000780051693000309278930827000508006329614030807000705401,361298745829574136457613982782451693145369278936827514578146329614932857293785461,45
094002573060035090070004200723091846950468327608200100030106002400000905287350000,194682573862735491375914268723591846951468327648273159539146782416827935287359614,45
740085023029604108800930607000000710000051092510829060030400089085063071174008006,746185923329674158851932647298346715463751892517829364632417589985263471174598236,44
090087000000140578005632194010000007950076400003001859037204981189000046042910005,491587623326149578875632194214895367958376412763421859537264981189753246642918735,44
000291007201387405007000000950800600073954802802670004030040720040708030028536149,465291387291387465387465291954812673673954812812673954536149728149728536728536149,44
621359008050700006007020509302507640080000903060290807079800362236075080010600705,621359478953748216847126539392587641785461923164293857579814362236975184418632795,44
000705040040106350050004061000603025036572004025498000603250418500840003418060590,861735249249186357357924861984613725136572984725498136673259418592841673418367592,44
600018020320049080701350690010035000000971000853260917502490030000520479409080560,694718325325649781781352694917835246246971853853264917562497138138526479479183562,44
002030700030090620704010583006305970927106354345027060000073200000050437473009005,612538749538794621794612583186345972927186354345927168851473296269851437473269815,44
058413290970865010004097060000000932001030608329678054805009700007081000400700581,658413297972865413134297865786154932541932678329678154815349726267581349493726581,44
000409500030000190100050806070230610320961050090745082206594730083120045904000061,862419573537682194149357826475238619328961457691745382216594738783126945954873261,44
019602057603050801400891630382570000507910008941008006208003045736005000054080000,819632457623457891475891632382576914567914328941328576298763145736145289154289763,44
020000000860197005179532648350408009010370824402060000700200980245600300600713400,523846791864197235179532648357428169916375824482961573731254986245689317698713452,44
794306058058097603603000004082701036506200047040035002800004300371000020020073865,794316258258497613613852794982741536536289147147635982865924371371568429429173865,44
109040200006280010020310000000678020250000608768521034513090800082153497047000053,139746285476285319825319746394678521251934678768521934513497862682153497947862153,44
708000643512400800006907005800340906000010402234000108067809321100074089000031764,798125643512463897346987215851342976679518432234796158467859321123674589985231764,44
045902030060004097027016405702100350100543070000000900258607143000005760079431520,845972631361854297927316485782169354196543872534728916258697143413285769679431528,44
309800460045001207820050109150280740000067003476105900700006090561900070930740650,319872465645391287827654139153289746298467513476135928784516392561923874932748651,44
400059003900700600007060500001007902295138467700590018000470096029085001174920830,462859173958713624317264589831647952295138467746592318583471296629385741174926835,44
680952403000680900900000001107208095095147068060395100814020730000009004030814506,681952473473681952952473681147268395395147268268395147814526739526739814739814526,44
000609308380452690009087425106800540003500000070126830735000906041060750068730000,452619378387452691619387425126893547893574162574126839735241986241968753968735214,44
000186240016074903704035008009001000501760394000300015958610032100403080003098601,395186247816274953724935168439851726581762394672349815958617432167423589243598671,44
069705300508230000023694800316400280002000704940000631081006509034907120795010000,469785312578231946123694857316479285852163794947528631281346579634957128795812463,44
189200700407009060000007081802004170571890436030071000026305810305718009700026040,189263754457189362263457981892634175571892436634571298926345817345718629718926543,44
109064000000870310802030654098041205620708001341020970053086100000450006006907540,139564782564872319872139654798341265625798431341625978453286197917453826286917543,44
324080510615300070900051003061003790502479100090806200000068350086135940000090680,324987516615342879978651423861523794532479168497816235249768351786135942153294687,44
840371002017590860500804301631725940984010720050008603060050000005000000008406157,846371592317592864529864371631725948984613725752948613463157289175289436298436157,44
060510403300080001025934008000847516008160002601300080530498067010003000984600325,867512493349786251125934678293847516478165932651329784532498167716253849984671325,44
320854670607003450405106090530000900061320084740010500096030100104960830003001069,329854671617293458485176392532487916961325784748619523296538147174962835853741269,44
803450109209080754000900000140000308738500960090070415326700001007090206901032847,863457129219386754574921683145269378738514962692873415326748591487195236951632847,44
140600050053020069968000240000075184007810906400396725000003512205008670370000098,142689357753421869968537241639275184527814936481396725894763512215948673376152498,44
009027083000801000100694752975082300040750210018060070834900521090210800000340097,469527183752831469183694752975182346346759218218463975834976521697215834521348697,44
000520374950730008073608059005072000306001002207463080019207836030005020704006905,861529374952734168473618259185972643346851792297463581519247836638195427724386915,44
100630849490501300000984200600200050500000102901305408810702034306190500075063901,152637849498521376763984215684219753537846192921375468819752634346198527275463981,44
719000005000097462004035010040306598800001006630000741056700104001563009078214650,719642385583197462264835917147326598895471236632958741356789124421563879978214653,44
972605001138000000054180079097050002065200004210400000049068127386712040021004600,972645831138927456654183279497856312865231794213479568549368127386712945721594683,44
002900400098400302605327008563000004004005020079048053921864500006573091007000846,732981465198456372645327918563792184814635729279148653921864537486573291357219846,44
702185403300002008815036920153640209000000530020510074004060002679821000000004796,792185463346972158815436927153647289467298531928513674534769812679821345281354796,44
260051349800009607439200501900705800720100406100900005000314960690578004010000758,267851349851439627439267581946725813725183496183946275578314962692578134314692758,44
052809603901030500000007001006750038075003426398402010504008369609005087807390000,752819643981634572463527891246751938175983426398462715524178369639245187817396254,44
390160480050739610601845070284057060010400037570690240042000000700204003005076100,397162485458739612621845379284357961916428537573691248142583796769214853835976124,44
200040000409853601503000947005012003090370000734680200057208194000091705041530860,216749358479853621583126947865912473192374586734685219357268194628491735941537862,44
090005612305610900000900705400809327200040050089307006040570200708203091620490578,894735612375612984162984735416859327237146859589327146941578263758263491623491578,44
400006700730008001060753409973080006526907140108560973004020007897640300000079010,489216735735498261261753489973184526526937148148562973614325897897641352352879614,44
690820574000475169005000020028034000000000430374650802456190083000506091900380045,691823574283475169745961328128734956569218437374659812456192783837546291912387645,44
685940231000000479907100056000594127094700083010068005401206508800400002206009010,685947231123685479947123856368594127594712683712368945471236598859471362236859714,44
563712048000635002001908605480070091057290860109004503640027180032009006010000000,563712948894635712271948635486573291357291864129864573645327189732189456918456327,44
300005087456070203718902064642507000931200008075003400000008970107026840080700602,329645187456871293718932564642587319931264758875193426263458971197326845584719632,44
602000758805600309034850120006104500100380267308062091007019000483076900201400000,612943758875621349934857126726194583149385267358762491567219834483576912291438675,44
200390047701025000930401582003004001690010305170200006812039704009640218007080050,285396147741825639936471582523964871694718325178253496812539764359647218467182953,44
080002740300009800079180500230948000048605327000030498800503070503704000724891053,186352749352479816479186532237948165948615327615237498891563274563724981724891653,44
400152006000489205152000048045006003000200671006908500620873009094601087003590102,489152736367489215152367948245716893938245671716938524621873459594621387873594162,44
003206005700401009041000020809327000460089030200005908392064801158030406674000293,983276145726451389541893627819327564465189732237645918392764851158932476674518293,44
340020107296500004000830069083276005062040900451398000030700001007001093814963500,348629157296517384175834269983276415762145938451398726639752841527481693814963572,44
207089045040172038938000017590610000000005760760030000156020080089501302370804106,217389645645172938938456217594617823823945761761238594156723489489561372372894156,44
973200514628514090154003008300900045092005100405130982700000050200050400580401009,973268514628514793154793268317982645892645137465137982741329856239856471586471329,44
487031560901000080562480930014000000020005814000010009198203706253046198700100050,487931562931562487562487931814329675329675814675814329198253746253746198746198253,44
005084731008730652713052000060009020800327046302540809007003400450108060036400100,625984731948731652713652984564819327891327546372546819187263495459178263236495178,44
000030508680000003100586427051600279792103084800000100400009350910005802063024791,274931568685472913139586427351648279792153684846297135428719356917365842563824791,44
000029030020000600173600092001206749200794010790501200800960370062040851347015900,658429137429173685173658492531286749286794513794531268815962374962347851347815926,44
376001900040006002001500600137928456020650731004100029002760008010490507760003204,376281945549376182281549673137928456928654731654137829492765318813492567765813294,44
000794002070203106820051097000830010380010649152046000018400070645079800039028004,561794382974283156823651497496837215387512649152946738218465973645379821739128564,44
000000187390070200708064003571600390060009715030751000040590001957816432106003500,624935187395178246718264953571682394862349715439751628243597861957816432186423579,44
001830020068520107095007036149000050526900000830602014000365091003291008900008365,471836529368529147295147836149783652526914783837652914784365291653291478912478365,44
420105709000890430790000506937010650600730240014506000876003100340051007052670090,423165789561897432798324516937412658685739241214586973876943125349251867152678394,44
080097014007040000142080769075426083420800590001905002014058020708209030009014005,583697214697142358142583769975426183426831597831975642314758926758269431269314875,44
026004307008397001709061504003720106070106000015030709291605070080000045560803012,126584397458397261739261584843729156972156438615438729291645873387912645564873912,44
000200683200386971306100002062803040803701065041000090010420530600918020000635809,179254683254386971386179452562893147893741265741562398918427536635918724427635819,44
068000420079241006004586030100000370640030019780009064931462705020000193007910600,568397421379241856214586937192654378645738219783129564931462785426875193857913642,44
030200705002587001005140902003004050567310429009700813308491200010000008706835090,431269785692587341875143962183924657567318429249756813358491276914672538726835194,44
017084069690005048400206751268957000750100806341000070105008000000031402004079013,517384269692715348483296751268957134759143826341862975135428697976531482824679513,44
318425900796300000402769030080042607004570893007930014000814000205690001840007000,318425976796381542452769138983142657124576893567938214639814725275693481841257369,44
306450718817002594095001003541700000080693145039500007064000300108000400070906850,326459718817362594495871623541728936782693145639514287964185372158237469273946851,44
001000003036541020902306410645018207090023050073405000800034001000087300364150872,451892763736541928982376415645918237198723654273465189827634591519287346364159872,44
901056407586720193274390058000009000815072904340000270020918060000000810190007002,931856427586724193274391658762439581815672934349185276423918765657243819198567342,44
350098002100035970980400005400809021000543089690001450870324090003956000009087204,356798142124635978987412365435869721712543689698271453871324596243956817569187234,44
810030290370900010500084000143070800928403500700098300437000182009021004201340956,814736295376952418592184673143675829928413567765298341437569182659821734281347956,44
010982350000005014653000008000820690270659431506010800300000009985136040702598060,417982356829365714653741928134827695278659431596413872361274589985136247742598163,44
002930014014060905005710062309027058000658009658040027080096400003080596006003280,862935714714862935935714862349127658127658349658349127281596473473281596596473281,44
831756009204080070500400813908500007005207084670800051009040065480010092006970038,831756249294183576567429813948531627315267984672894351729348165483615792156972438,44
250891743034020908081300060047080300060109070009457006008943650075200039003700080,256891743734526918981374265547682391862139574319457826128943657675218439493765182,44
907632800508790002020854700794000205031000079052009103069020007280547906070010008,917632854548791632326854791794163285631285479852479163169328547283547916475916328,44
098407230301000040407001908006974000510086790900513826000162080809030010000049375,698457231321698547457321968286974153513286794974513826735162489849735612162849375,44
106005070738001200004037906040082631001000027287103000609200100070318069810956700,196425378738691254524837916945782631361549827287163495659274183472318569813956742,44
605040090000105342023807061000710425204000607070524083502030109340900050091052030,615243798987165342423897561839716425254389617176524983562438179348971256791652834,44
600000003002100006018060520700803961080006240196000805030681400947325608861407050,679542183452138796318769524724853961583916247196274835235681479947325618861497352,44
751492086000000005368017204000800670017020008003000020105309867876001043934068002,751492386249683715368517294592834671617925438483176529125349867876251943934768152,44
049602700200001405170900000300090620705004810060003907613008209850420036904316078,549632781236871495178945362381597624795264813462183957613758249857429136924316578,44
289050607400908051513040908030010079000070503002003406041762800627890100000034760,289351647476928351513647928835416279164279583792583416341762895627895134958134762,44
106924005050000002904057103200008307008300006070069004700610450610495738095080621,136924875857136942924857163269548317548371296371269584783612459612495738495783621,44
102054807095730026800621409089000000017405000000893071008500943650040700034207605,162954837495738126873621459389172564217465398546893271728516943651349782934287615,44
600285010285009360100630800300870042076400001002390086713060204000020103920703608,637285419285149367149637825391876542876452931452391786713568294568924173924713658,44
905864007000395048604712000560048070400007506290053401820570300050000010340201705,935864127172395648684712953563148279418927536297653481821579364759436812346281795,44
106090230005080167083100009047020081608507002329008504004060700750930826862000900,176495238495283167283176459547329681618547392329618574934862715751934826862751943,44
001430506008090043024060010509000862206951430000620195137200058460009300890003020,971432586658197243324865719519374862286951437743628195137246958462589371895713624,44
406790300030204009579318006080436590040020810952870060000042005200057638005000904,426795381831264759579318246187436592643529817952871463368942175294157638715683924,44
643812057759600010010009340030527600406130720027406001000074003061280009900001500,643812957759643218812759346138527694496138725527496831285974163361285479974361582,44
051064090097100200400790003205607081706001032080030640500320009620009805070815326,351264798897153264462798153235647981746981532189532647518326479623479815974815326,44
201784905065123047840000030004650190586310720000472086070005400000000359050200670,231784965965123847847596231724658193586319724193472586678935412412867359359241678,44
090682073753491826280000904002730400041000390030040002000003700305074168070810230,194682573753491826286357914562739481841265397937148652618523749325974168479816235,44
061800320730000008805023600076094835080000491140508002000005200307640180620981503,461859327732416958895723614276194835583267491149538762918375246357642189624981573,44
501702080729406503408000000000930804973824065840100007090278000207040300004309278,531792486729486513468513792156937824973824165842165937395278641287641359614359278,44
340806700000340026826710349600574900574900681900000074160400208098060003000208060,349826715715349826826715349681574932574932681932681574167453298298167453453298167,44
030710060046300807870462003098100000012603789300000421007041600184230075620000048,539718264246395817871462593798124356412653789365987421957841632184236975623579148,44
908125436000978000025400900784050003000004095009601008006590321302006579097300064,978125436463978152125463987784259613631784295259631748846597321312846579597312864,44
104000086009368020083410900005003140730004000801500630452096803060830254308005709,124957386579368421683412975295673148736184592841529637452796813967831254318245769,44
040090001086007925092601000867534200000029608921068300350010700208470003670053100,743295861186347925592681437867534219435129678921768354359812746218476593674953182,44
001804390395021604084930201000093740002506900910472000538009400407308100109600000,271864395395721684684935271856193742742586913913472856538219467467358129129647538,44
702615804009327015560004300008039702900060500000081430307250048010000056625100073,732615894489327615561894327158439762943762581276581439397256148814973256625148973,44
084257060003000250750060009021930000009008020047005936206093574000602093398504012,984257361163489257752361489521936748639748125847125936216893574475612893398574612,44
362719400854023000901500030007951648080370519090800023029085060000200051500036000,362719485854623197971548236237951648486372519195864723729185364643297851518436972,44
400007010050280073063000248634005820007802364281000000815420096040760100976000430,428637519159284673763591248634975821597812364281346957815423796342769185976158432,44
396000000520360107417082906002095061631020580050610002000046725075008014004200090,396471258528369147417582936742895361631724589859613472983146725275938614164257893,44
001705002900602003026103700210937456000000021560021030045260310600309504103000268,831795642957642183426183795218937456379456821564821937745268319682319574193574268,44
056040703000000001008097025005470369693285104040900582082704900074609008500800407,256148793937526841418397625825471369693285174741963582182734956374659218569812437,44
003810640560090182210400037851674290020008064076000500100036000030089051980500370,793812645564397182218465937851674293329158764476923518145736829637289451982541376,44
035800420640095800107000359200050900700028000064973082006089200421500798870041060,935817426642395871187462359218654937793128645564973182356789214421536798879241563,44
512870003034000006807943001400068079793015000286739100040002000600300812108690004,512876493934521786867943251451268379793415628286739145345182967679354812128697534,44
806901050023876490001023006100390560002100030094602010000765040018239075705408000,876941253523876491941523786187394562652187934394652817239765148418239675765418329,44
000000910000709820190600050653000278400872560720065049040207080970586000865034702,286453917534719826197628354653941278419872563728365149341297685972586431865134792,44
942070035060409017080003400029716043403200700070534200230000106516002078790060020,942871635365429817187653492829716543453298761671534289234987156516342978798165324,44
086010005217000060004683070509040026803201097102970830025004613008000750630007409,386712945217459368954683271579348126843261597162975834725894613498136752631527489,44
306014857014857326800306000430000002090600401002000095100500278040278160078063040,326914857914857326857326914431795682795682431682431795163549278549278163278163549,44
781306042254870369000520007009400005017009003040007098405918030600000080190263750,781396542254871369936524817869432175517689423342157698475918236623745981198263754,44
007006403342170680960004001005260347290703100700050002020507816503600090680092700,157986423342175689968324571815269347296743158734851962429537816573618294681492735,44
008070000726450031504831070000187260650043187001060903067000098980000020240390016,318672459726459831594831672439187265652943187871265943167524398983716524245398716,44
103000485005060702000548000650037009700024560429800301210095830080700054590083120,163279485845361792972548613658137249731924568429856371217495836386712954594683127,44
793060120420703560805020307049006200080309070500002900630258400010630052008910706,793865124421793568865421397349576281182349675576182943637258419914637852258914736,44
200100905450082360003004820300619584961058730000273006002000470004320609000040213,278136945459782361613594827327619584961458732845273196132965478784321659596847213,44
000070462709024308046103007974300851185407006600010000000050904092830075500200683,831975462759624318246183597974362851185497236623518749368751924492836175517249683,44
050218037002370000003000820801702060530080279927600408070046192468900003200037004,654218937182379546793465821841792365536184279927653418375846192468921753219537684,44
037050000105946738064803500500030200700060384080020695070290006259004170648007050,837152469125946738964873521596438217712569384483721695371295846259684173648317952,44
800401053904000786530080090000000670706140328080609140049500800105807964308004502,867491253914253786532786491451328679796145328283679145649512837125837964378964512,44
856004000470090000290050407027906004040021698000540102062030741710269583030000920,856374219473192865291658437127986354345721698689543172962835741714269583538417926,44
000214895000060000040500007460020003080476019910308704174000050829630471600047928,736214895598763142241589637467921583385476219912358764174892356829635471653147928,44
000830900308960415600401870007005000001086250952043060005018607000524080183070542,514837926378962415629451873867295134431786259952143768245318697796524381183679542,44
008400000259008416000009700107060392000392100392187004905803671000940003803001945,738416259259738416416259738187564392564392187392187564945823671671945823823671945,44
000810269084000573200753084000085641640002800835460000400006000016237450007508906,573814269184629573269753184792385641641972835835461792458196327916237458327548916,44
070095002200073500195268300000020700006847010847010625031052480050604030684701000,473195862268473591195268374319526748526847913847319625731952486952684137684731259,44
590008300078203059023006807307162000050007260000580004960075420780024000030691578,596748312478213659123956847347162985859437261612589734961875423785324196234691578,44
209070430067843950034205700000609170690017040300580006006001089410008607980760004,259176438167843952834295761548629173692317845371584296726431589413958627985762314,44
005900203819060070362004018086005109537000680000080030054806320008307050700451896,475918263819263574362574918286735149537149682941682735154896327698327451723451896,44
930000200017582690850390741001905064000400108640801509128600030004018900000704012,936147285417582693852396741781925364295463178643871529128659437374218956569734812,44
046100070005087046308064105004001500019070820030042610053000061401905082702416900,246159378195387246378264195824691537619573824537842619953728461461935782782416953,44
013020004000009061009010000000270649008090513496005807052084096961352408080061035,613527984527849361849613752135278649278496513496135827352784196961352478784961235,44
593074080600120090080500700870012530900450678005867109260001400750000013309000862,593674281647128395182539746876912534921453678435867129268391457754286913319745862,44
305060420010500986908210350047630219201040063800000570009007600024050100650901702,375869421412573986968214357547638219291745863836192574189427635724356198653981742,44
019003740057120080860540920000010000678900213132700459000801600000476000746290038,219683745457129386863547921594312867678954213132768459925831674381476592746295138,44
300000001651380004024601039000006053010090087593807106000062305100078602062130798,389724561651389274724651839847216953216593487593847126978462315135978642462135798,44
249005106008060249100290750581326090302009081000508000020007810013600975905001020,249785136758163249136294758581326497362479581497518362624957813813642975975831624,44
594000601320806905000009273006970128030000504810045300601090832080160009070300416,594732681327816945168459273456973128739281564812645397641597832283164759975328416,44
070000093608029005029500106030051620860907510450002300146080950795106830200095000,574618293618329745329574186937451628862937514451862379146283957795146832283795461,44
810307045009000730007409018250003469083604002964000307020740090470915000190038600,812367945549182736637459218251873469783694152964521387328746591476915823195238674,44
008063500390005180004280369001409758000610034943800006032094870059000023817300000,128963547396745182574281369261439758785612934943857216632594871459178623817326495,44
007500060258006019000900820382009007906710238501800004805204976760108040023000501,197582463258346719634971825382469157946715238571823694815234976769158342423697581,44
036502090050981006008300057504720380080645900000800060800036705740290613013400029,436572198257981436198364257564729381381645972972813564829136745745298613613457829,44
750486003800003751923501800200158000069007508508640030004062005092000104070014602,751486923846293751923571846237158469469327518518649237184962375692735184375814692,44
009180450003450200050200100300715046040308005715900320800500674674800530501670002,269183457183457269457269183328715946946328715715946328892531674674892531531674892,44
900670000005094306700200098001529784807060020259407100010958007008740230400100859,984673512125894376763215498631529784847361925259487163312958647598746231476132859,44
001420007709063040500980600005716430040598070010340958050801064078000529406209000,361425897789163245524987613895716432243598176617342958952871364178634529436259781,44
100760390706080040390104050407030921003902067920070503070600000810247630035090074,142765398756389142398124756467538921583912467921476583274653819819247635635891274,44
090017365074300890003029401800702613016905020000631000930278000082004530001500280,298417365174356892563829471859742613316985724427631958935278146782164539641593287,44
597000406634970000210000795080000571105820609906750203051204067400000108069008300,597182436634975812218346795382469571175823649946751283851234967423697158769518324,44
700805620800406390406703510967138000004960031008254069070502940500649000000070005,793815624815426397426793518967138452254967831138254769371582946582649173649371285,44
000604008500270139700309004807102000020043870030086902279001600304065297608020340,193654728546278139782319564867192453921543876435786912279431685314865297658927341,44
000362100023109040000004020060905071170086903059400260006503019235000004917048532,748362195623159847591874326862935471174286953359417268486523719235791684917648532,44
809051600120070080467390010050716930004500001671043008580100090946030100012400850,839251647125674389467398215258716934394582761671943528583127496946835172712469853,44
056080000028130506703500240605728930000406702870010000200691854504070010109045020,956284173428137596713569248645728931391456782872913465237691854584372619169845327,44
690720001150000020807300496541070802008105609006802040089203060300560087405907200,694728351153496728827351496541679832238145679976832145789213564312564987465987213,44
010093482000028710080760009097800000004309805805106397008907050971235600050004901,716593482539428716482761539397852164164379825825146397648917253971235648253684971,44
481093502052100037007256840060002019039000020248000005800609254970400000020318706,481793562652184937397256841765842319139567428248931675813679254976425183524318796,44
200007060601300700870060523408603072790001356530009000364502800025008034087406200,253987461641325789879164523418653972792841356536279148364592817925718634187436295,44
008903021162840395509006784300009210605100003001030956943020070000394002050000039,478953621162847395539216784384569217695172843721438956943625178817394562256781439,44
080052019016300025004600380869023501045906000037504960470160890050809074300000100,783452619916378425524691387869723541145986732237514968472165893651839274398247156,44
420170009053000100781095024009086000517900460000751932040000090075209040602810573,426178359953642187781395624239486715517923468864751932148537296375269841692814573,44
900180600563729004408635029625897040000301200134006097000008000000503062350062400,972184635563729184418635729625897341789341256134256897296478513847513962351962478,44
908302600002645087005070300004097013800004509500030240000459008459003162783020095,978312654312645987645978321264597813831264579597831246126459738459783162783126495,44
500062834084950207607430159200380005000000900893500026000100302761043000002895601,519762834384951267627438159246389715175624983893517426958176342761243598432895671,44
306071582580030001090852346639708204250300070170004609423090800000000420000003907,346971582582436791791852346639718254254369178178524639423697815967185423815243967,44
401309200020080009060520040600000785200805104875004923940732500108900070702108406,481369257527481639369527841614293785293875164875614923946732518158946372732158496,44
620300104008041625174050938000862040206093050049507006013600000092100060560008013,625389174938741625174256938751862349286493751349517286413675892892134567567928413,44
481052060000007148697000205004073601810524300973010452048730906730060000100040000,481352769352697148697481235524973681816524397973816452248735916735169824169248573,44
089704100745106390160300000908001263004203080036080540850402009401630070000075410,389754126745126398162398754978541263514263987236987541857412639421639875693875412,44
002406598985210003634509070060305807270104000590000000047653082809000635050020010,712436598985217463634589271461395827278164359593872146147653982829741635356928714,44
062709500300058060084216090000307645600090003073004021408625710009843000200071408,162739584397458162584216397921387645645192873873564921438625719719843256256971438,44
106900073924700500003065200410389060090007100675421900009573620030206000000804357,156942873924738516783165294412389765398657142675421938849573621537216489261894357,44
586030074920740856010008090050680032000327041300010068100093000240106309800074610,586932174923741856714568293451689732698327541372415968165893427247156389839274615,44
604080072009005813000097450021076530967050100400810060190060385740038290000029007,654381972279645813318297456821976534967453128435812769192764385746538291583129647,44
400970305690050001305200697709085030102000060568301049014068200800502010253100006,421976385697853421385214697749685132132497568568321749914768253876532914253149876,44
240007685650029170107068200300700420000000309082001507864000750903170046715600900,249317685658429173137568294391756428576842319482931567864293751923175846715684932,44
620010007103780902804260000700420650590001824048906070417800536065007008980030000,629513487153784962874269315731428659596371824248956173417892536365147298982635741,44
605400003002000670193000002317560209000317500560249300920730854850000706706804900,675482193482193675193675482317568249249317568568249317921736854854921736736854921,44
546830090000912045090000703003000574470080009061745300208560437600000012034028056,546837291387912645192456783823691574475283169961745328218569437659374812734128956,44
090301254603250009000700000408697010000503842030842600004028076080076400760430928,897361254613254789542789361428697513976513842135842697354928176289176435761435928,44
608030790094100000003940608800003002450708361301024879900000006187300045006459180,618235794794186523523947618879613452452798361361524879945871236187362945236459187,44
040329751000070006701006009100863920925700000080205100302950010097148360008630507,846329751239571846751486239174863925925714683683295174362957418597148362418632597,44
060900534345701002000305006530104089000500017004896200209400068413607905600050340,761928534345761892928345176532174689896532417174896253259413768413687925687259341,44
001000486700608900486103705000217000008369102002850600317000069069731050050900317,931572486725648931486193725693217548548369172172854693317425869869731254254986317,44
370500400400378020010460387004183052005090008100025700900847210201900074047001905,378512496469378521512469387794183652625794138183625749956847213231956874847231965,44
901000006532006009040089030058367090703491052100052007010028503800000600375604928,981235746532746189647189235258367491763491852194852367416928573829573614375614928,44
074080009586310724319070006008900547900407360400608290142005903000803002000000675,274586139586319724319274856638921547921457368457638291142765983765893412893142675,44
630008240452031070098000100243069587005043006109075300000017400580320790000084032,631798245452631879798452163243169587875243916169875324326917458584326791917584632,44
000284710700590004020173956600740305401905680095060401000010060139658000000407009,956284713713596824824173956682741395471935682395862471247319568139658247568427139,43
900600001123905746004000500400006128012009600000800054080700302749063810230018497,958647231123985746674132589495376128812459673367821954581794362749263815236518497,43
409372850237080906508000700800509000040018690006037182100000409394701008000900217,469372851237185946518694723821569374743218695956437182172856439394721568685943217,43
004007150091004002000091080050002900482730005739150048610200597970600324203070800,864327159591864732327591486156482973482739615739156248618243597975618324243975861,43
200040378000256904100780005020030700006502003410007009951000062340008091682910437,265149378738256914194783625529431786876592143413867259951374862347628591682915437,43
609270000000068420740010096310496002904507100005000600836749205001003970497002008,689274531153968427742315896318496752964527183275831649836749215521683974497152368,43
006070932005000681320086070500090260002001493000062000490620815108047320060018709,816475932745239681329186574571394268682751493934862157497623815158947326263518749,43
008100900007580640604300085046705120080460597079001064700050002401607800895200700,258146973937582641614379285346795128182463597579821364763958412421637859895214736,43
004530602005260890002009305041953207000000030359726080090070006400890023273010908,984537612735261894162489375841953267627148539359726481598372146416895723273614958,43
058210009002700805007856000860940573009030186005068004570000392004320607900005410,658214739412793865397856241861942573249537186735168924576481392184329657923675418,43
003700109000016034196000087062370900705090420901640750007500001009104002614230890,243758169578916234196423587462375918735891426981642753327589641859164372614237895,43
310065008009073000546290713200600000160050072405780361650800000984000100732510009,317465928829173645546298713278631594163954872495782361651849237984327156732516489,43
601987354807050100540061009000019478080000910100070230400326090230008007010045620,621987354897453162543261789352619478784532916169874235475326891236198547918745623,43
068320500732150804900684030090410672206935148800762005000000000620500000080046003,468327519732159864915684237593418672276935148841762395357891426624573981189246753,43
160900534040160020972540100000720490030600710020439008006090000854000379300054261,168972534543168927972543186685721493439685712721439658216397845854216379397854261,43
900083020873205009025006370461070002000528160050001007002934080080160003394057200,946783521873215649125496378461379852739528164258641937612934785587162493394857216,43
300120800002960300896740020143050780025080030068401050050004013007010690231506400,374125869512968347896743521143259786925687134768431952659874213487312695231596478,43
000605002086219347010700500025000463000528070170304005290037050031450208654002000,347685912586219347912743586825971463463528179179364825298137654731456298654892731,43
031427000020680315986100240007963150205048603060000478078300000090254700000006001,531427869724689315986135247847963152215748693369512478678391524193254786452876931,43
374201059080740200000805730402106597900300160010009042703012005000600003800937420,374261859589743216126895734432186597957324168618579342793412685241658973865937421,43
003000081128537000009080507637902800204005306581306042015709408002000709070000053,753694281128537694469281537637942815294815376581376942315769428842153769976428153,43
001340670086002304003600100170003805050901432324800007830700241010508700960200080,291345678786192354543687129179423865658971432324856917835769241412538796967214583,43
512030946080600500900002008000008205250301409490520010843200057609710000070483690,512837946387694521964152378731948265256371489498526713843269157629715834175483692,43
079003124004009680080210509010000067050030410360100950730086200091300806046020735,579863124124759683683214579418592367952637418367148952735486291291375846846921735,43
105460890476938005080152046060090501030715680000040009607000902040520060590071000,125467893476938215983152746864293571239715684751846329617384952348529167592671438,43
000415830050830690023607000060304078002970156987106000506000783738000000200780509,679415832451832697823697415165324978342978156987156324596241783738569241214783569,43
307800450028500071065031082040273009800150020732080504000300000153027600200408130,317892456928546371465731982541273869896154723732689514684315297153927648279468135,43
000090086010600504087053902928730000060000820540080067052069073300120600896047051,435291786219678534687453912928736145763514829541982367152869473374125698896347251,43
024700158801020730630150400163500097092001500005007300510002973200000010300015842,924736158851429736637158429163584297792361584485297361516842973248973615379615842,43
645008000230000600197040008350080476476350980000470352009700500563000700014003829,645238197238197645197645238352981476476352981981476352829714563563829714714563829,43
500000206718060059002594071000620790600047008907080002009471080830200147471006900,594718236718362459362594871183625794625947318947183562259471683836259147471836925,43
206900100900380670081200540604590730130024890598000026003002004712060000469003010,276945183945381672381276549624598731137624895598137426853712964712469358469853217,43
000096032649702850273851006910640005000089040060000109800914067706520900000007028,185496732649732851273851496918643275527189643364275189852914367736528914491367528,43
472006000016385742000700000503827001600050820000461000020039570008200630369578210,472196385916385742835742196593827461641953827287461953124639578758214639369578214,43
058149702270850400941370080020000070090020601004793250530680000010035860086900020,658149732273856419941372586825461973397528641164793258532684197719235864486917325,43
300500081507108000186349005000000570870010042200057060019023850000401237730680904,394572681527168493186349725961234578875916342243857169419723856658491237732685914,43
308002097400385020120409050504208901000540200080016504709804602005623700000700045,358162497497385126126479358574238961961547283283916574719854632845623719632791845,43
001980024809624030000107985084702590027500000900060012510809070060001840408206001,371985624859624137246137985684712593127593468935468712513849276762351849498276351,43
387400900500037046001250783403126098005003610016000074000000807002578400708304060,387461925529837146641259783473126598895743612216985374134692857962578431758314269,43
370098520210007098980020030109076384040010000700080015508062700001740859000059160,376498521215637498984521637159276384843915276762384915598162743621743859437859162,43
094700605308025000560901083040850019020400856685019430006092170059004000017000002,194783625378625941562941783743856219921437856685219437836592174259174368417368592,43
502000143607140200000205790169002800050060032200050961975014000416028500020009604,582796143697143285341285796169432857758961432234857961975614328416328579823579614,43
870600032302079060004312700040526000100740200500093470900407325230001007467230000,879654132312879564654312789748526913193748256526193478981467325235981647467235891,43
046000200205040108087002004870050010461278305059060000023090601004810702618320500,946781253235649178187532964872953416461278395359164827723495681594816732618327549,43
030198040540630800890005036960000325018520060300769000109082603003071280004006009,736198542542637891891245736967814325418523967325769418179482653653971284284356179,43
020107000060002178178346020080254001245709000701638045050000430016403950000005006,529187364364592178178346529683254791245719683791638245957861432816423957432975816,43
547000000612750809903201400254800600301025000008106040030002704470080251105007308,547398126612754839983261475254879613361425987798136542836512794479683251125947368,43
358040706006035010019602050632580000045197002901003840100008500004710280280000160,358941726726835419419672358632584971845197632971263845167328594594716283283459167,43
509640078000008000270509600105006092092035086480000130061024950804957060057000024,519643278643278519278519643135486792792135486486792135361824957824957361957361824,43
200600000010053702950208040821465903000097010007001650180549000730086400000732861,278614539614953782953278146821465973465397218397821654186549327732186495549732861,43
023000510510092874870600920002005601601030457050009302130000705040570000065013240,923487516516392874874651923382745691691238457457169382139824765248576139765913248,43
000020030903501274047398051300052040704006510520400380102940865000085020056010000,615724938983561274247398651368152749794836512521479386172943865439685127856217493,43
480356901300009004197400050508700092040583060010294005070902008001045006050630019,482356971365179824197428653538761492249583167716294385673912548921845736854637219,43
009648715715003040000017320190362050200804190058091060680005030930006000004030082,329648715715923846846517329197362458263854197458791263682475931931286574574139682,43
000781095081009620039000807270003069100900000040200530094620150015304206620815003,462781395781539624539462817278153469153946782946278531394627158815394276627815943,43
920006837060730005087000641000005004214067080850420003002603908106809002798004300,925146837461738295387592641673985124214367589859421763542613978136879452798254316,43
208760035903000610001093284100204000867000042020080050006070523710350460030846700,248761935953428617671593284195234876867915342324687159486179523719352468532846791,43
098004350005790600200005907519870234423509708800023000682340009000680003000050820,798264351135798642264135987519876234423519768876423195682341579957682413341957826,43
506013700400056010180040200018037590052068037047092008030000021705000380061304970,526813749479256813183749256618437592952168437347592168834975621795621384261384975,43
084620095309018067276005008060009534503006720092050806000500002628700000400860073,184627395359418267276935148861279534543186729792354816937541682628793451415862973,43
000230050004670382000040016400012890090056020701000060849567001006123040132800675,617238459954671382283945716465712893398456127721389564849567231576123948132894675,43
078000050691352700523007001786091324004670095910020070000000407102004080340080510,478169253691352748523847961786591324234678195915423876869215437152734689347986512,43
800267400100080060600010089041320600006491820038700090310000546460009078782640001,893267415154983762627514389941328657576491823238756194319872546465139278782645931,43
028000107076028900900076002000005406469001003235469708857390640000800309000614005,528943167176528934943176582781235496469781253235469718857392641614857329392614875,43
300000906896000715005689204687900152439250060512000300000804003250100098008000670,324517986896432715175689234687943152439251867512768349761894523253176498948325671,43
900560047615748002087293160000000206000602510020005080548379620003120450000800070,932561847615748392487293165154987236879632514326415789548379621793126458261854973,43
090020600070040200080167430020806070001932580000014302018073000407205861209681040,394528617176349258582167439923856174741932586865714392618473925437295861259681743,43
208793401060000073003041050000207106320916805106005320000060504039154780004000039,258793461461528973973641258845237196327916845196485327782369514639154782514872639,43
790200300436000051100006980964807010080030040350694872040750030500160000013480705,798215364436978251125346987964827513287531649351694872849752136572163498613489725,43
089002560056849000300006800210465389038107450000008072004003600700900008823671040,489732561156849723372516894217465389938127456645398172594283617761954238823671945,43
003820670657001482408756000360008700009007306040060891070630208200470903936000000,193824675657391482428756139365918724819247356742563891574639218281475963936182547,43
047080050620005049001000800890106007105743298734809500279000304080031972000000085,947682153628315749351974826892156437165743298734829561279568314586431972413297685,43
371908506000701000090065170003000059006123087084506310100600030532407960800302700,371948526625731894498265173213874659956123487784596312147689235532417968869352741,43
005063100000004805074005020587639010000002500402857369701098046038400050000570938,895263174623714895174985623587639412369142587412857369751398246938426751246571938,43
480070001910080037000900608038007050090501003540008029820059416709164300004023970,486372591915486237372915648638297154297541863541638729823759416759164382164823975,43
043017562017052003002800107000039016106500300439000050204391070091065820000204001,843917562917652483652843197528439716176528349439176258284391675391765824765284931,43
804007000000600584963540201000080060200370459037490008000003946072960815490051030,854217693721639584963548271549182367218376459637495128185723946372964815496851732,43
000935700706042935905700140809400300427351000051800007000014090090070004514093078,142935786786142935935786142869427351427351869351869427278514693693278514514693278,43
070308009500090000901407835206070000000601407005980162007000923390716084458200601,674358219583192746921467835216574398839621457745983162167845923392716584458239671,43
000000070571003820608000000867035009042076051053920060296758000000009080785341692,439682175571493826628517934867135249942876351153924768296758413314269587785341692,43
890402070067058000201073850034060500029300000706295140050000437910700080403586020,895412376367958214241673859134867592529341768786295143658129437912734685473586921,43
500203070000140002000690000960310280000069143403728605004030729079000318138072060,541283976796145832382697451965314287827569143413728695654831729279456318138972564,43
100903604397046108050281090000107000000008002002390800543002971206719540071000206,128973654397546128654281397865127439439658712712394865543862971286719543971435286,43
019347680260100074430608100046200530020503060050400200100030006674002950305700820,519347682268159374437628195846291537921573468753486219182935746674812953395764821,43
608400010709850320004907608006345090503090180090081503400169800901008400000070961,658423719719856324324917658186345297543792186297681543472169835961538472835274961,43
910782000560109200078000930000070069306218070457000012089007650035800004740356008,913782546564139287278645931821574369396218475457963812189427653635891724742356198,43
703050020600129038002008654019007006000390087070246090906003400407962000831400062,783654129645129738192738654319587246264391587578246391926813475457962813831475962,43
900710004000080701761243908020430000875060490003000120510604089602098017309501000,958716234234985761761243958126439875875162493493857126517624389642398517389571642,43
802093004060082003003010052000036415090005287410000306630000020548200631009361508,852793164164582973973614852287936415396145287415827396631458729548279631729361548,43
051047800039000004000890600098061040040000310316500708963152087487036000120408060,651247839839615274274893651798361542542789316316524798963152487487936125125478963,43
009201350061050048003000000008410706412607095637508010385920000000080420920106503,849261357261753948753849162598412736412637895637598214385924671176385429924176583,43
020801600058076024670029100040007000030105786780902541800203400490018062002000017,924851673158376924673429158541687239239145786786932541817263495495718362362594817,43
052900364430000018890006527205419036009003002000020491510690003027158600060200000,752981364436572918891346527285419736149763852673825491518694273327158649964237185,43
702050814500000702810970003200030079479006301301749050147005608000010020020368040,792653814563184792814972563256831479479526381381749256147295638638417925925368147,43
309680215700502004251403706000834601600000408480070020100000807000748002004201953,349687215768512394251493786592834671617925438483176529126359847935748162874261953,43
793061080061480790002790561000050348000179206206040170820900610610000034930000000,793561482561482793482793561179256348348179256256348179825934617617825934934617825,43
000064012312007046546021978600200057091805600800043290765000009023100700080056000,978564312312987546546321978634219857291875634857643291765432189423198765189756423,43
003000700095806002120050806047905603950010074030204900000301400012497068009568021,863142759795836142124759836247985613958613274631274985586321497312497568479568321,43
090501030106830200483072100004629000062010840500708906009053080005087001728190050,297561438156834279483972165874629513962315847531748926619453782345287691728196354,43
070810040015030792634009100700050420000042900002008501007980005503427019901563200,279815346815634792634279158798156423156342987342798561427981635563427819981563274,43
030000495954067200180009673307410006000273000841005702000004567090706301005002840,736821495954367218182549673327418956569273184841695732213984567498756321675132849,43
008000190236900405100854203805006904613040800040008031004065310390407000562093000,458632197236971485179854263825316974613749852947528631784265319391487526562193748,43
400000003850039462100020070568070200370290080204008310083910604010605030645000921,426857193857139462139426875568371249371294586294568317783912654912645738645783921,43
850743029206010030370902085427890010105000960600000042700080354910405006500007090,851743629296518437374962185427896513135274968689351742762189354918435276543627891,43
703800406000624100200370008871560034000030701304087905009203850507946002100058000,713895426958624173246371598871569234695432781324187965469213857587946312132758649,43
409000705025409010000020409094630150008057290107294630371000980006371042040080000,469813725725469813813725469294638157638157294157294638371542986986371542542986371,43
540200681020618405100400270005000000680000752490725006750082009906004308032096040,549237681327618495168459273275863914683941752491725836754382169916574328832196547,43
001008546564120908000456200040901000000583604005264701198035072400009305006700000,271398546564127938983456217642971853719583624835264791198635472427819365356742189,43
920080003530002010140563792790021060012040070000709201289400530000007920305090046,927184653536972814148563792793821465812645379654739281289416537461357928375298146,43
000704061720501038001938704090100050170850490850090100209000005385240007010085049,938724561724561938561938724493172856172856493856493172249617385385249617617385249,43
070050932932764000581302070800005709025479010700000325000943160100000493090010050,674851932932764581581392674816235749325479816749186325258943167167528493493617258,43
100305000003400002974000530002090471410000369096010020600107053235006708781530094,128365947563479182974821536852693471417258369396714825649187253235946718781532694,43
002000586608013940790865001501732069900050070027004005003927000200040008465301002,132479586658213947794865321581732469946158273327694815813927654279546138465381792,43
703189005025003819089025073900070000308902056070000092200631004094200301000894500,763189245425763819189425673942576138318942756576318492257631984894257361631894527,43
907103050030084070040092006080059000760010905594006031058047162009601000010805794,927163458631584279845792316183459627762318945594276831358947162479621583216835794,43
003057920705026001692030000020360010430518270851079060500702603008690000300045002,143857926785926431692431857927364518436518279851279364514782693278693145369145782,43
300070501402800603050903700603400005021386940790125036006700000930500060200610379,369274581472851693158963724683497215521386947794125836816739452937542168245618379,43
059786003807020005230005800145698002720000000006070154314000600072401089598200040,459786213867123495231945876145698732723514968986372154314859627672431589598267341,43
800560000209871063506004071078456100000300056065100387001038040003945710900710000,817563294249871563536294871378456129192387456465129387721638945683945712954712638,43
307000962692070841001926507000009003006030004023700190008000020265387409009652008,357814962692573841481926537874169253916235784523748196738491625265387419149652378,43
970620014625300007341978052067132809000000123102800570000400000480000060059000438,978625314625341987341978652567132849894567123132894576216483795483759261759216438,43
500400261000005470049206003406100307010370040000960120000581030108703690374620508,583497261621835479749216853496152387215378946837964125962581734158743692374629518,43
509000624800006095002503010003078400287960500940100802620349007000751206710080003,539817624871426395462593718153278469287964531946135872628349157394751286715682943,43
809600072000370590030000014940201057020800460780460030000126783012703905300900026,859614372461372598237598614946231857123857469785469231594126783612783945378945126,43
014902568000030020729586410000000000053704890098305040500200600002008100986153274,314972568865431927729586413147829356653714892298365741531247689472698135986153274,43
700493056006700090093000010009340001081009005345681279924008060167020500000160904,712493856856712493493856712279345681681279345345681279924538167167924538538167924,43
050912600900068000400375090102089070705103860098754013270000450810546000004030900,357912648921468735486375192132689574745123869698754213273891456819546327564237981,43
580200041200030056401500709003608407600007010007100208704060002065892070892714005,586279341279431856431586729153628497628947513947153268714365982365892174892714635,43
139502706780030542000080030407891300890000407020007801900204608074600050010953004,139542786786139542542786139467891325891325467325467891953274618274618953618953274,43
010900204002060890930704050005000710120000948409170530090617380600005400003249167,516983274742561893938724651365498712127356948489172536294617385671835429853249167,43
607209184014006205020100300008061509000500400359482700500004003703025041001937050,637259184814376295925148367248761539176593428359482716582614973793825641461937852,43
100000637730010408804376000041658003320400800560030040075103004010049576000705012,192584637736912458854376291941658723327491865568237149675123984213849576489765312,43
407006501010200000008100042509010200701600953062005104906730428200060317103802600,427986531315274869698153742539417286741628953862395174956731428284569317173842695,43
049000015156408000020561000605749001300050497974023008400002009500300000201985743,849237615156498372723561984685749231312856497974123568437612859598374126261985743,43
501048020020001840300729000493010080017600300680090702100836400004102038036974200,561348927729561843348729165493217586217685394685493712152836479974152638836974251,43
068297054050000070279005000001520680040000001603019502407003916906472005030960420,168297354354186279279345168791524683542638791683719542427853916916472835835961427,43
060723019010460703020010405832190007756200094490050038075300000600002300180900570,564723819918465723327819465832194657756238194491657238275381946649572381183946572,43
008349512102007000000201070500706240037900801029180060210070006875000024096412080,768349512152867493943251678581736249637924851429185367214578936875693124396412785,43
270016834400900050100340790001080027890270010000163040346002100028051003010030289,279516834483927651165348792631489527894275316752163948346892175928751463517634289,43
005700302032050749409000010206070493040002150007039806090006070700980261001547038,165794382832651749479328615286175493943862157517439826398216574754983261621547938,43
740085160001040250580096374209060037378052000064070020805009701400000692006010500,743285169691347258582196374259461837378952416164873925835629741417538692926714583,43
890000060264090317000060805052978040008003650040002070739001580586730000021586009,895317264264895317317264895652978143978143652143652978739421586586739421421586739,43
900700005615982043003010980590278304078004500360091278007000109006100030009800056,982743615615982743743615982591278364278364591364591278837456129456129837129837456,43
205600078903487005708050000480090067109376040030000009820065000374218006506000281,215639478963487125748152693482591367159376842637824519821965734374218956596743281,43
008003045630040781090087326040700203700310069020060057000271034060890100010436090,178623945632549781594187326946758213785312469321964857859271634463895172217436598,43
080205960000481752502396804210700049057064020000010037700539406005608000000020305,184275963693481752572396814218753649357964128469812537721539486935648271846127395,43
362005790004632810805004060006001409089000031031009076007013058020008047908407020,362185794794632815815974362276351489489726531531849276647213958123598647958467123,43
982070054760430920000092700629047035417000092803009000008910040090704200574000109,982671354761435928345892716629147835417583692853269471238916547196754283574328169,43
017900060809006217463001859070000534000060108190003672320000940081500006045000781,217985463859346217463721859672819534534267198198453672326178945781594326945632781,43
085040270301067590000009034000692803200005410538400629007900080659318040800700060,985143276341267598762589134174692853296835417538471629427956381659318742813724965,43
000060200000917386000000701080100967790500412041670850417300020960005074852741000,179863245524917386638452791385124967796538412241679853417396528963285174852741639,43
574230080190700632623900507000000060240309700906807254809000320302008470010020800,574236189198745632623981547781452963245369718936817254869174325352698471417523896,43
073000421012900500086401937000300605050070300300005274700003000835140792064792050,973568421412937568586421937247389615651274389398615274729853146835146792164792853,43
802400160090036270300207400913802507745301806008074019106000000000940001030608750,872459163594136278361287495913862547745391826628574319186725934257943681439618752,43
564380100893700054010406903675004012102000400900200765026045030000038070080002509,564389127893721654217456983675894312132567498948213765726945831459138276381672549,43
019000050076385100085210004938620400047008216601040380000854000003062540800190600,219476853476385192385219764938621475547938216621547389762854931193762548854193627,43
530004870980300210420800360360102008875000092210000640753000981090000006642080507,536214879987365214421879365364192758875643192219758643753426981198537426642981537,43
090800000651203704478150900086300000903420865720605030045000370030548091000730400,392874516651293784478156923586319247913427865724685139845961372237548691169732458,43
860001504004700103000405867278009005645000930931006200082900706700200409400607380,867321594594768123123495867278139645645872931931546278382914756756283419419657382,43
009074053508900040000805902314080600090013028005097401040209016067348290050061000,629174853538926147471835962314582679796413528285697431843259716167348295952761384,43
050000006601002390709640528065080040200000000904165032300490105496500003518027904,852739416641852397739641528165283749283974651974165832327496185496518273518327964,43
652090010140002090008017502000905083803600020090003074071246850509001000420859730,652398417147562398938417562764925183813674925295183674371246859589731246426859731,43
005290400481567392090180700009801046506070038000045009003010950604050823900008600,765293481481567392392184765279831546546972138138645279823416957614759823957328614,43
087090200406180935005020000000053600004970003050860791632048150500630078008519060,187395246426187935395426817971253684864971523253864791632748159519632478748519362,43
714903052300000107285400690802090000050048001197350028931025084408130000020000300,714963852369582147285417693842791536653248971197356428931625784478139265526874319,43
320460905864159002051700000000916530070840691019370000000090150030207400406500720,327468915864159372951723846248916537573842691619375284782694153135287469496531728,43
605400270320865400140230806000300607904072185062008300801743000403500010050000034,685419273327865491149237856518394627934672185762158349891743562473526918256981734,43
078000000050302007003001965317508492924010580865400001086095003401000259590100000,178956324659342817243871965317568492924713586865429731786295143431687259592134678,43
089200530260130804100000600890610305000000706071540908715304009026051483000960007,489276531267135894153498672892617345534829716671543928715384269926751483348962157,43
680970150920000048035600902800000397240097010300815200590481006010720500060009401,684972153927153648135648972851264397246397815379815264593481726418726539762539481,43
090100806803000000501068720179453068304080100280000040605829471908714003000006080,792145836863297514541368729179453268354682197286971345635829471928714653417536982,43
030605094070204030290138670046082001701000300380001006503400000060829500029503467,138675294675294138294138675946382751751946382382751946513467829467829513829513467,43
730180050050047600010520700460910070270604890801052460020075386080001007507000120,734186952952347618618529734463918275275634891891752463129475386386291547547863129,43
380502600007300209029070834240009780870230965695017003030060040000900070700400392,384592617167348259529176834243659781871234965695817423932765148418923576756481392,43
850007030740913000090520000080090513035802907070350420420639001508070306960000740,852467139746913285391528674284796513135842967679351428427639851518274396963185742,43
040801053001000009350947000735104682006735490100200030500400910000508004470610825,947861253861352749352947168735194682286735491194286537528473916619528374473619825,43
002065170714098600560410080907000315000040208008000497051902036006050020270680540,892365174714298653563417982947826315135749268628531497451972836386154729279683541,43
892750640073001082061002700700064390938100004600390070000530010059007006047826009,892753641573641982461982753715264398938175264624398175286539417359417826147826539,43
068127504200940003400008702074560201003812000100004350029406130000300020001279605,368127594217945863495638712974563281653812479182794356729456138546381927831279645,43
547209630830005200910608740175920064060501920300064070000000000250096400090007152,547219638836745219912638745175923864468571923329864571784152396251396487693487152,43
061328090500071200038904060079206053000500079453000826015800040040190007607400905,761328594594671238238954761179286453826543179453719826915867342342195687687432915,43
000390016806470932902000740290000500600750200500924603069508427000639000108000369,745392816816475932932186745294863571683751294571924683369518427427639158158247369,43
040170062203489007710623040637000800090018036058360094026050073000206400504000600,849175362263489517715623948637942851492518736158367294926854173371296485584731629,43
400390006010047980003051400057000601001020340048000050824913065005002009039576824,472398516516247983983651472257834691691725348348169257824913765765482139139576824,43
539001684648003001000684003200006015051240000063915240000350079007462000000109402,539721684648593721712684593274836915951247836863915247426358179197462358385179462,43
700015096301609047608000000004050902805290031070003560410500620580060014926071080,742315896351689247698724153134856972865297431279143568417538629583962714926471385,43
050000006067053010941700385004697000700520140025001069083900007002304691610200408,358149276267853914941762385134697852796528143825431769483916527572384691619275438,43
460708003302004700000210064620450071000326059954001020536947080000080035200600940,465798213312564798897213564623459871178326459954871326536947182749182635281635947,43
200536981018000000500980040700600128000000093609100704450319070390070465807065309,274536981918247536563981247745693128182754693639128754456319872391872465827465319,43
040000003930078250012000874070501020051003067293000000080219730129007500367005912,748152693936478251512396874674581329851923467293764185485219736129637548367845912,43
080437020407006000100905437613590708500008010740003590050870060000360251060051809,985437126437126985126985437613592748592748613748613592251879364879364251364251879,43
080975000095000836400800950568000023342608000170002005056027308830506102207004009,683975214795241836421863957568719423342658791179432685956127348834596172217384569,43
089021603650800100002030089400315096896204031500060000314650008078100060005702004,789421653653897142142536789427315896896274531531968427314659278278143965965782314,43
300050018210900740740000396870010509500700621620005870900530087100029450403001900,396457218218963745745182396874216539539748621621395874962534187187629453453871962,43
103670020670009010209103060068027401907314800000000002050096043790002180402851009,183675924675249318249183567568927431927314856314568792851796243796432185432851679,43
806947100031060070700002085007603054362400790500179036070001068003750910109000007,856947123231568479794312685917623854362485791548179236475291368683754912129836547,43
317500400492010508508492310830000040700831056050749000000100680683005070070083005,317568492492317568568492317831256749749831256256749831925174683683925174174683925,43
059003460076090010300700205500000040014005839893100006928001604005009173130406082,259813467476592318381764295562938741714625839893147526928371654645289173137456982,43
020908005007530260503062879004709080790300100350641027065200008000803000839400012,126978435987534261543162879614729583792385146358641927465217398271893654839456712,43
510482306408603190637500004001005007743900528850030010000009043300107900095008060,519482376428673195637591284961825437743916528852734619176259843384167952295348761,43
073204195002050000901008206730900801018430962020800470000000509295000004040592710,873264195462159387951378246734926851518437962629815473187643529295781634346592718,42
000008400050207618010000290006134500002986034030572086041005069060801320020069001,297618453453297618618453297986134572572986134134572986841325769769841325325769841,42
617000002200601830083209100049000607768304000001086003902060748100000320074003561,617438952295671834483259176349512687768394215521786493932165748156847329874923561,42
105800407034060829020400501403005270006200304072310605207000906609042100051900000,165829437734561829928437561413695278596278314872314695247153986689742153351986742,42
010428057480509003590601800050086079000794501740300028105000290020050300036002005,613428957482579163597631842351286479268794531749315628175863294924157386836942715,42
000049523948050010352000489007900000403710896000020170834502000005091300190400052,761849523948253617352167489517986234423715896689324175834572961275691348196438752,42
598000001130800460204730805706308004850900600400017008000500006940270183600180509,598462731137895462264731895716358924853924617429617358381549276945276183672183549,42
003005706100067000600340001007200650812596070900000128736428010501073840000150300,423815796158967234679342581347281659812596473965734128736428915591673842284159367,42
060053489008010250005489600104005900500908701090701360203194076000070000657000104,761253489948617253325489617174365928536928741892741365283194576419576832657832194,42
210309580000007061500020430065293748784000920902000056301904005849005010000000890,216349587493857261578621439165293748784516923932478156321984675849765312657132894,42
040020060570009000961430075000006804629184030018000926380060090004070600006941783,843725169572619348961438275735296814629184537418357926387562491194873652256941783,42
300240050400580310059106007270953100000728093003600270042075901900460700005001040,316247859427589316859136427278953164164728593593614278642875931931462785785391642,42
003100400060000180081050372640003210802960037735201940000002890400635720020049000,273198465564327189981456372649573218812964537735281946356712894498635721127849653,42
041300090907140003060720050092453870080000534050687012000006000270000365605002149,541368297927145683863729451192453876786291534354687912419536728278914365635872149,42
200001430364295087001064000703002890040950001008703200020087600130020058500106940,295871436364295187871364529713642895642958371958713264429587613136429758587136942,42
065793284004150709709248005800000091052310800000000000000007000528961070473502910,165793284284156739739248165847625391652319847391874652916437528528961473473582916,42
000160300320594610608230050270000009040009076180706003001300895000080761890671002,954168327327594618618237954276453189543819276189726543761342895432985761895671432,42
040503060005020900261080000006400070104397625900602400008049250490205816050801090,849573162735126948261984537526418379184397625973652481618749253497235816352861794,42
084097065652483179791206030200530807170000040005001000040310702803029000000005001,384197265652483179791256438269534817178962543435871926546318792813729654927645381,42
060790800705381040381002075530048006140006009070030410804057090003800067600013200,462795831795381642381462975539148726148276359276539418824657193913824567657913284,42
005080790020730015790050400060004071309500000000826349250048030000073256107265900,615482793428739615793651428862394571349517862571826349256948137984173256137265984,42
500032000203810407600070003020091570758043010009080030435129700912000305070050092,547932861293816457681475923324691578758243619169587234435129786912768345876354192,42
009206708500031642462857039705310000094000813080000005800600027000105090036700580,319246758578931642462857139725318964694572813183469275851693427247185396936724581,42
000016800034905206060840005420058100190030750085160030302500007540697020609021000,957216843834975216261843975423758169196432758785169432312584697548697321679321584,42
469020130730040082285170064046892300570000029000007601057001000004060758002005003,469528137731946582285173964146892375573614829928357641857431296314269758692785413,42
092007001507001492081042030805200000020000805070000900260470103740013208153028740,492357681537861492681942537815296374926734815374185926268479153749513268153628749,42
089017054520003600761240000000908160605002900890156423006521008008060500052000700,389617254524893671761245839243978165615432987897156423976521348438769512152384796,42
009607021076802903028030670760508104401376500205009307000400000000085200000290436,349657821576812943128934675763528194491376582285149367912463758634785219857291436,42
065400087010089602098000004100020546000640370650000829379802400826014790000007008,265431987413789652798256134137928546982645371654173829379862415826514793541397268,42
310002005078590301650140087420670003035200806000300000503021009790005000102967530,314782695278596341659143287421678953935214876867359412543821769796435128182967534,42
005000380090000750320765140001240600007951204003080915009000803000579421400830097,765194382194328756328765149951243678687951234243687915579412863836579421412836597,42
703580000000173458004962000506007001000456720007308045085049070060700580270800960,713584296692173458854962317546297831138456729927318645385649172469721583271835964,42
260071000408200051507483900672150439105340000300627518920000000800032005050004000,269571843438296751517483926672158439185349267394627518923765184841932675756814392,42
070000300405000729138207054750068293080930007320005810240601008016389002000000005,972546381465813729138297654754168293681932547329475816247651938516389472893724165,42
000314006041506900502900310605790038083650792029038600100005000050800100090160270,978314526341526987562987314615792438483651792729438651136275849257849163894163275,42
900501780501037006007060054010008930070309561020605840003006008006004309180790605,962541783541837296837962154615478932478329561329615847793256418256184379184793625,42
315468907460000150790305004230500090800001400000809312000100870080920541050600209,315468927468792153792315684231546798879231465546879312923154876687923541154687239,42
307001000056080042102650087520068000069004521003025860605097234000402010004000708,387241956956783142142659387521968473869374521473125869615897234798432615234516798,42
589210600600000107172060508840009060026000000701030004003846070057300086460790231,589217643634958127172463598845179362326584719791632854213846975957321486468795231,42
860100002007608390900270580250000910070042800600701000502903100740825609300017058,865139742427658391913274586254386917179542863638791425582963174741825639396417258,42
809500000062879000510000970724008030008600420600720801947381652080056049200000080,879513264462879315513462978724198536198635427635724891947381652381256749256947183,42
053609700400008253780000096030006802007201000810053960340007100105930078600510340,253649781496178253781325496534796812967281534812453967349867125125934678678512349,42
090000070010702068023600004000410632002895000001000000080950010045173826137268495,698541273514732968723689154859417632362895741471326589286954317945173826137268495,42
008390760050004100103657080007400018560002900081000500819000624075206800040018357,428391765756824139193657482937465218564182973281739546819573624375246891642918357,42
004302659906481007723695010600207503000530100395060200030000741000003000060714030,814372659956481327723695418681247593472539186395168274239856741147923865568714932,42
690815000000004801085270040250006000030401000041520060502000084379608125460152090,694815237723964851185273946257396418936481572841527369512739684379648125468152793,42
042675901050390000903000065020056100569800002030742590084020619690038000000009308,842675931756391824913284765427956183569813472138742596384527619691438257275169348,42
207004605840000027300270001109500206504002009706108354008000102603020548910480000,297814635841356927365279481189543276534762819726198354458637192673921548912485763,42
000618093039047060006000000020309508584120930970480010300864120000000075192053006,745618293239547861816932754621379548584126937973485612357864129468291375192753486,42
400358072503201906712600000250167039000020701670000500020700000900403205834012600,496358172583271946712649853258167439349825761671934528125796384967483215834512697,42
490020030025100498630800725310000250004700900900452307860900002100068500540271000,498527631725136498631894725317689254254713986986452317863945172172368549549271863,42
803000647000508291009746835421673958060009400900200306500000004002000089098020060,853192647674538291219746835421673958367859412985214376536981724742365189198427563,42
093006000042509716007820059009060401014300000750240030035010090000650147470082560,593176284842539716167824359389765421214398675756241938635417892928653147471982563,42
801096003372000960496002510000008240924710080068024030200080006645200870000605300,851496723372851964496372518713568249924713685568924137239187456645239871187645392,42
493000200708000030061030705849001302306498107000060894500000923007020548930045000,493587216758612439261934785849751362326498157175263894584176923617329548932845671,42
700000306809326050003057008006010095598604710207890004000200001005069273072501009,751948326849326157623157948436712895598634712217895634964273581185469273372581469,42
604000005001000462703402098092037546405009807300040209030750600216903054500000900,624198375981375462753462198192837546465219837378546219839754621216983754547621983,42
950002604103067908004800103812006490405201307300500800009058000580020000200970581,958312674123467958674895123812736495495281367367549812749158236581623749236974581,42
030018245402006107000024063014203070000007401000100602200609008100432790907851004,639718245452396187871524963514263879326987451798145632243679518185432796967851324,42
002401807046008900007009106070015000020600009068793521003907214200806700795040600,952461837146378952837529146379215468521684379468793521683957214214836795795142683,42
045800900308001065102506000269435107810060054004010620000080201020009003403127006,645873912378291465192546738269435187817962354534718629956384271721659843483127596,42
752000901981000063403019752078450000190702305300961000000005000614208537000006020,752634981981527463463819752278453196196782345345961278829375614614298537537146829,42
000107065003080070702530000030005042420071058000204713095700006360950027274610009,948127365653489271712536894137865942429371658586294713895742136361958427274613589,42
023700000710085320085003607000398076000602100600541890050834000060157000834060051,923716584716485329485923617541398276398672145672541893157834962269157438834269751,42
730000000009007800508010200605000700387596021020080500271350649003049170940170308,732865914419237865568914237695421783387596421124783596271358649853649172946172358,42
760010035000390007590867000925736840037401050100009300200653010306008402801000060,768214935412395687593867124925736841637481259184529376249653718356178492871942563,42
000030080824576090900420060000705613063200857580060042000840530056002400748003020,675139284824576391931428765492785613163294857587361942219847536356912478748653129,42
008002005004090701300187240680000100503001620097826500000760452025310060806050013,718642395264593781359187246682435179543971628197826534931768452425319867876254913,42
080067003052098700671030809497000380208049600160003070000300298003002067829070030,984167523352498716671235849497516382238749651165823974746351298513982467829674135,42
080090500000750480715208936142869003307104600800305001001486079000002800068000020,284693517639751482715248936142869753357124698896375241521486379973512864468937125,42
094000120560100000001400065080615230402900600106203087040800010210300876670501309,894756123567132498321489765789615234432978651156243987943867512215394876678521349,42
010300065700814392392760010158940000000620108007008000000001489000480006409236071,814392765765814392392765814158943627943627158627158943236571489571489236489236571,42
900500000014903650076000300040130580109865000865040913400050062620090035050600149,983576421214983657576214398742139586139865274865742913491358762627491835358627149,42
465000000129738050738460091281300040307690812000200570906002000870000060003910020,465129387129738654738465291281357946357694812694281573916872435872543169543916728,42
746892513890305600305000290000000482004000170071084030008003700000058301163007809,746892513892315647315746298539671482284539176671284935958163724427958361163427859,42
020004708345009601098610300000006834562000170834097000006900200017465080903200050,621354798345789621798612345179526834562843179834197562456938217217465983983271456,42
010062004370005026090003058400378500800016040601290080040030095905027003083609072,518962734374185926296743158429378561837516249651294387742831695965427813183659472,42
041039080030508400500741300002974600904003000800100009280410903007080150415300862,741639285639528417528741396152974638974863521863152749286415973397286154415397862,42
910780006380004290060209030090035100530042000200097050070450902009306005154920360,912783546387564291465219738798635124536142879241897653673451982829376415154928367,42
040000529008000003509310700005120030291743600000008001370205004904630850852090376,143876529768952143529314768685129437291743685437568291376285914914637852852491376,42
020005408005064010080017039709008040568100903002070800000480027800723095273096080,127935468395864712684217539739658241568142973412379856956481327841723695273596184,42
032705080500160090800200704083002605756300029294000010070910500319524000425000001,932745186547168293861239754183492675756381429294657318678913542319524867425876931,42
031000709700531486000090010040100805006200107073806290010984300307605940900300601,531468729792531486468792513249173865856249137173856294615984372327615948984327651,42
900073006806910537537800901378200010405007269000400008082649103000000000694000702,941573826826914537537862941378296415415387269269451378782649153153728694694135782,42
000205010905041736081700050307652001002918003190430600050104060006509007704000508,673295814925841736481763259347652981562918473198437625859174362236589147714326598,42
010005003040610209520048100200000307037560948090031005301070004070459801954083000,716925483843617259529348176265894317137562948498731625381276594672459831954183762,42
050600738307040269600008000070500000023810650540930187038700006715490023400003500,154629738387145269692378415871564392923817654546932187238751946715496823469283571,42
805400301020163705631507094056024130000930070300675000000209050560708010100000047,875492361924163785631587294756824139248931576319675428487219653563748912192356847,42
600200305940358100580067209000670900000001600706040518000405861004006700168709403,671294385942358176583167249815672934439581627726943518297435861354816792168729453,42
012700309035000706000300024709004201020079540354216007501027938067000410000000670,412768359935142786678395124789534261126879543354216897541627938267983415893451672,42
903062041470809520256710000628400007390086410145900060002347000030000050000105070,983562741471839526256714893628451937397286415145973268512347689734698152869125374,42
008950040590400008140278500802000074370082009600700050031007065080625901265301000,728956143596413728143278596852169374374582619619734852931847265487625931265391487,42
081700050000096001560010203100020406040180500302960008037009064295641387000800905,481732659723596841569418273178325496946187532352964718837259164295641387614873925,42
002000037073216000094057120040870602708500914600004083207041308000025460016000070,162489537573216849894357126941873652738562914625194783257641398389725461416938275,42
021049370048700012357120004400015008003080097206074000002430000004001020065208743,621849375948753612357126984479315268513682497286974531892437156734561829165298743,42
702010600430856972065700000050302060300600507018970034580000416000064809046000720,792413685431856972865729341957342168324681597618975234589237416273164859146598723,42
000340607400000900006000314070100540640097183081064270100400762530706801060800430,829341657413675928756982314972138546645297183381564279198453762534726891267819435,42
025009081007020930060817040580900103040000200030500694090278460008004310050190827,425369781817425936369817542582946173946731258731582694193278465278654319654193827,42
240370189375000260098040357001082406403000008902000015500004003000637090007509042,246375189375198264198246357751982436463751928982463715519824673824637591637519842,42
849005270010002000207048000130006459070094120000031007020480905700100062901620748,849315276513762894267948531132876459678594123495231687326487915784159362951623748,42
000049201409105600005007403090510047874900005000780000740000586920058034068403910,687349251439125678215867493392516847874932165156784329743291586921658734568473912,42
000290740700863092000540060040008230860002004093405876002750903038120007070000421,386291745754863192129547368541678239867932514293415876412756983938124657675389421,42
935402007070359024000700593000683900308090201409100000004006350007830409580040760,935412687876359124241768593712683945368594271459127836194276358627835419583941762,42
300042087004870050107500200900104730038009010410387905040010000071038540893000071,359642187264871359187593264925164738738259416416387925542716893671938542893425671,42
400830001001400903000000042020960174010082090036741208089300415300150000145290030,452839761671425983893617542528963174714582396936741258289376415367154829145298637,42
075009030096003000800517690580901300619340700403708000050030800708105000362074150,175629438296483571834517692587961324619342785423758916951236847748195263362874159,42
008005007670098450405073280000786000902130768706902103540300000820009000361007500,298415637673298451415673289134786925952134768786952143549361872827549316361827594,42
040507890705000400089146050932860040160075009000000601406700108013604970090008504,641527893725983416389146257932861745168475329574239681456792138813654972297318564,42
402305610910842507700000284054600021100004000000010050078960040240700396603420005,482375619916842537735196284854637921129584763367219458578963142241758396693421875,42
000050821080030950507008030008065079650070308029813000860507002475200603002086005,346759821281634957597128436138465279654972318729813564863547192475291683912386745,42
204090073705010060008530400002059034040001695906003208009320000403168907801005040,214896573735412869698537421182659734347281695956743218579324186423168957861975342,42
405000000006900700398004160849270306000006098600498000950627001183540607002800049,475162983216983754398754162849275316527316498631498275954627831183549627762831549,42
403002069109043080582619400007108000000530200208096057020901604091304705000205000,473852169169743582582619473357128946946537218218496357725981634891364725634275891,42
000500100120689000370421906010090638092006017600005490853000069041060850009008740,986573124124689375375421986517294638492836517638715492853147269741962853269358741,42
600083090238041005000600003700802049093016582820439070009500034042097600506004000,657283491238941765914675823761852349493716582825439176179568234342197658586324917,42
900180500340690701800030006420068000078513040100249060504026100730054608080300400,962187534345692781817435296429768315678513942153249867594826173731954628286371459,42
405000017800170050070004830107680309300001060586093104000836000600912700210457080,465328917823179456971564832147685329392741568586293174754836291638912745219457683,42
086900000010425870452060090201650738300219000640007921107000004500040300860170200,786931542913425876452768193291654738378219465645387921137592684529846317864173259,42
470050003050329070029408651600935248800610530005002706200000090000000407064591300,478156923156329874329478651617935248842617539935842716283764195591283467764591382,42
040230095702006001605000002209405170100062004580371009306809407058014006410000900,841237695732596841695148732269485173173962584584371269326859417958714326417623958,42
045720009007109000690034720504870910009050876768910050050240601000005207000600305,345728169287169534691534728524876913139452876768913452953247681816395247472681395,42
068305204309002080420780593000000806083040072007008000835904700070053409042060308,768395214359412687421786593594271836683549172217638945835924761176853429942167358,42
840003009300000008001000650085300090100940086794050201019780302203194800578602004,847563129356219748921478653685321497132947586794856231419785362263194875578632914,42
905370080068040037170060004609104723451030000032000405326000500007620840004005360,945371286268549137173862954689154723451237698732986415326498571517623849894715362,42
561024080970100400003890600410000090000968150080041027800009503106030200354782001,561324789978156432243897615415273896732968154689541327827619543196435278354782961,42
297501843651083200003000601000275064004009025005000300000002576506100932002700408,297561843651483297843927651389275164164839725725614389418392576576148932932756418,42
015094873400073002378512604000040038001905740040030905000080409904060200080059007,215694873496873512378512694529746138831925746647138925763281459954367281182459367,42
080309040451000600060450820692000084500074060874602150928030400006740000705920006,287369541451287639369451827692513784513874962874692153928136475136745298745928316,42
007430092921760483004009006050200010002000070096307240610003920240510037078940000,567438192921765483834129756753284619482691375196357248615873924249516837378942561,42
007500401406097305052006078648000203001008000095021084073214800024009507060000042,987532461416897325352146978648975213231468759795321684573214896124689537869753142,42
810270540035019007006430081003041068687503004941687000000002010000100809050708030,819276543435819627276435981523941768687523194941687352798362415362154879154798236,42
804026395062309804090000760003000640007932150008670900080007531000013080001408079,814726395762359814395841762923185647647932158158674923486297531279513486531468279,42
003010046804370521500460900300750400057100360080000070145000090638027100700541603,973215846864379521512468937396752418257184369481693275145836792638927154729541683,42
060007138025813090080040570130920007490700010570360209003106004007038060609400005,964257138725813496381649572136924857492785613578361249853196724247538961619472385,42
097000308254380701800000452080000927300072504729040000940850000600094805038167000,197425368254386791863719452485631927316972584729548613942853176671294835538167249,42
050020043704005290060473005000007960005098032980302107090004600600239570540800029,851926743734185296269473815423517968175698432986342157392754681618239574547861329,42
782490160106700400459000028800509006367000510001376000000031680913000204000250930,782495163136728495459163728824519376367842519591376842245931687913687254678254931,42
197254000045003007830000400724530160080601070010742050050016790970005601000927000,197254386245863917836179425724538169583691274619742853458316792972485631361927548,42
014702860000914720002036900028100574000007082507028090003080400000073610680005237,914752863836914725752836941328169574169547382547328196273681459495273618681495237,42
000058070020010509008327106890730004460090350030002000106570032579040801243006700,614958273327614589958327146891735624462891357735462918186579432579243861243186795,42
740200160610740029009000408064070200070000054921500700380196507057300006190057030,748239165615748329239615478564873291873921654921564783382196547457382916196457832,42
000005179840079263179060845090008450000451792400702608000017006000026080020084000,263845179845179263179263845792638451638451792451792638384517926517926384926384517,42
346105207800340510005072600060400890928760105000000070089237400014080000037600908,346195287872346519195872634763451892928763145451928376589237461614589723237614958,42
900403016040071002060209034081792300209504008450816020836007409504000200000005600,925483716348671592167259834681792345279534168453816927836127459594368271712945683,42
200509070060124000309600200640012537092053604500408000080246900020001008930005462,214539876867124395359687241648912537192753684573468129785246913426391758931875462,42
000482900300007408004036170907205680400093200100608000795821346043000810000360007,571482963369157428824936175937215684486793251152648739795821346643579812218364597,42
904701500603429800007006290002860900008590100395200070500172306800905701000638000,924781563653429817187356294412867935768593142395214678549172386836945721271638459,42
700060050602003078009070062405012906120639805396008200800000690060300704270096003,748261359612953478539874162485712936127639845396548217853427691961385724274196583,42
380602790102070304795034060070309418010006000509048070043200600001067043607000001,384612795162975384795834162276359418418726539539148276943281657821567943657493821,42
000107003690082014000000008059820600810070030400305180041763005006950420905204376,528147963693582714174639258359821647812476539467395182241763895736958421985214376,42
046005000010040003900010264008352090302179080109408020601504730000790608093081040,246935871817246953935817264468352197352179486179468325681524739524793618793681542,42
609002070703006004241380900006290781817030249402710000904001530000000090370009810,659142378783956124241387965536294781817635249492718653964821537128573496375469812,42
412080900359241700860005201206073000000090020000608000073450802000810367120307450,412786935359241786867935241286573194735194628941628573673459812594812367128367459,42
726500019301006005054930002000420531003607200008050970035719008002040190100862000,726584319391276845854931762967428531513697284248153976435719628682345197179862453,42
451602070000300401070000020084009513503248706706031084000020137130804900000073040,451682379628397451379415628284769513513248796796531284845926137137854962962173845,42
081074039070020060320180745000001000000245098502809007003098100714052006806400023,681574239475923861329186745938761452167245398542839617253698174714352986896417523,42
649708002500604870001503409300400085005300147017850900060000018108200094000185600,649718352532694871781523469396471285825369147417852936263947518158236794974185623,42
800003006190600204067002309421305860070000003035008142209506400704020000356074001,842913756193657284567482319421395867678241593935768142219536478784129635356874921,42
200000000750100002038206000967000200382967140501300009410009000675013928809005314,296754831754138692138296457967541283382967145541382769413829576675413928829675314,42
130509000070036090540008061900800276627910048004007109062001850780060004490085000,136549782278136495549278361913854276627913548854627139362491857785362914491785623,42
000200600257106803140900020000693502090820400820710309382570006000460030409002107,938257614257146893146938725714693582693825471825714369382571946571469238469382157,42
700020060516090408082561003060150370007800109100002000070234680240080007658910004,739428561516793428482561793864159372327846159195372846971234685243685917658917234,42
069074052004052860002060300410000930930015086000030015000741528028603701041000003,869374152374152869152869374415286937937415286286937415693741528528693741741528693,42
005090846900000020006500001003901268419026053068370009582000604007400080004058137,325197846971684325846532971753941268419826753268375419582713694137469582694258137,42
000020000070068320302700800680070910237500040900046270725080430460250089008634050,816423597579168324342795861684372915237519648951846273725981436463257189198634752,42
003002050090070080001308629000807046038004591060010073024050000180423060609781430,843692157296175384571348629915837246738264591462519873324956718187423965659781432,42
348500000016027040900080605009436521005790360060002980000003050604210708037605100,348561279516927843972384615789436521125798364463152987291873456654219738837645192,42
080000050104032068002687410976040500825076000340000000758069320013758900009003005,687194253194532768532687419976341582825976134341825697758469321213758946469213875,42
305002094600750080208400300400937025793000468100060009804079003967300002031200900,375182694649753281218496357486937125793521468152864739824679513967315842531248976,42
005703400040050308030010600800042756500030010124500903452678009080091040000405867,265783491941256378738914625893142756576839214124567983452678139687391542319425867,42
475230600002601540010007030120000480760480000054302900590824060001709004240163000,475238691382691547916547238123976485769485312854312976597824163631759824248163759,42
030596080804203090965087003000062075759030160020000834016700028083050740090020000,132596487874213596965487213348162975759834162621975834516749328283651749497328651,42
010000500000580090050093064060800942294005800100900675800320456032450000645710309,319264587426587193758193264567831942294675831183942675871329456932456718645718329,42
000600031300209600500010290430192000657830029000700843100967004040300976709508300,972685431314279658586413297438192765657834129291756843123967584845321976769548312,42
010587020058060900020149008035004001492708005071300090000890000560432089009605043,914587326758263914326149758635924871492718635871356492243891567567432189189675243,42
030901002004380000006205780400108690659024831000090407905802006000613900361050070,738961542524387169196245783472138695659724831813596427945872316287613954361459278,42
081029604050010000302000081109050468460190200205486170000931526506000000903002007,781329654654718392392645781179253468468197235235486179847931526526874913913562847,42
024000137307284600069100280090720068003008900048000703051042006000000501986001342,824659137317284659569137284195723468273468915648915723751342896432896571986571342,42
193645000872319060050200030040000070200001496307060002061052300020800610730006245,193645728872319564456287931649528173285731496317964852961452387524873619738196245,42
341287960090431007020900001139004650084652000002009804058100000470500190016700000,341287965695431287827965431139874652784652319562319874258196743473528196916743528,42
006080021210056008409000005003064210864092350002003480638000072025600094901005003,356489721217356948489217635573864219864192357192573486638941572725638194941725863,42
870060000046925087090738614309800421007002930004593008030684000400009070000307006,873461259146925387592738614359876421687142935214593768735684192468219573921357846,42
018620073003081052602030900704100036020003080530040100890216045340809000000004897,918625473473981652652437918784192536129563784536748129897216345345879261261354897,42
050670080010593002000000593100259400029007008647310000480001005270040901391025046,953672184814593672762184593138259467529467318647318259486931725275846931391725846,42
472851600580639042009742800000000075005083060004075903000018006100096020946007300,472851639581639742369742851893264175715983264624175983257318496138496527946527318,42
500604083600000290001020746000096401069143052130000967000000009003957610975401008,592674183647318295381529746258796431769143852134285967416832579823957614975461328,42
917045603308090524052000009200084307001029400000000050620318705000062031003900246,917245683368791524452836179295684317731529468846173952624318795579462831183957246,42
540080001029001450600403280010006020200008300036020008054810037300094810182600594,543289761829761453671453289718346925295178346436925178954812637367594812182637594,42
531007900746209513980105060825710006400020071007000802003471680008000100104000200,531647928746289513982135764825713496469528371317964852253471689698352147174896235,42
520061004916074352047000001004020165082610000650700238070000006069280500030496000,523961784916874352847532691794328165382615479651749238278153946469287513135496827,42
001003470040090300032600000560801247308700650400006138080507013103400705605300804,951283476746195382832674591569831247318742659427956138284567913193428765675319824,42
000000309009641852582903146048005061001020500050160420197080030000532000025710000,416258379739641852582973146248395761671824593953167428197486235864532917325719684,42
080090702039072068007608010000006291912705346463900875090060000300000600006304029,684193752139572468527648913758436291912785346463921875295867134341259687876314529,42
060107000940000020710400008109580076000001004450200091201843760384000902570912840,865127439943658127712439658139584276627391584458276391291843765384765912576912843,42
003000062190067834076038950000840609000720548800016320340080096000300085000602403,483159762195267834276438951732845619961723548854916327347581296629374185518692473,42
705206138920000457003475069150000000000517090060000501002700945594060710070950006,745296138926183457813475269157649382238517694469328571682731945594862713371954826,42
000600759200075804059081030900308000480500070625197083000809300002756190000004567,814623759236975814759481236971348625483562971625197483567819342342756198198234567,42
300760008980000060740018300602149080090583607508620109063001805800230000000095230,325764918981352764746918352672149583194583627538627149263471895859236471417895236,42
403916500009020003508370000006580030785400096100600700802700941007100002940268350,473916528619825473528374619296587134785431296134692785862753941357149862941268357,42
870001659103560078956000300095073210380006000010900783000490000230000947740080105,874231659123569478956748321495873216387126594612954783561497832238615947749382165,42
628400501307590086100006400003912800080005902001060700012607050005108647004300008,628473591347591286159286473573912864486735912291864735812647359935128647764359128,41
064000800075000004000060270090523106186400023503000090002358609609040350300019742,964275831275831964831964275497523186186497523523186497742358619619742358358619742,41
000009080005801060080007030003000206498162070000735498307008040800416027041273800,762359184935841762184627935573984216498162573216735498327598641859416327641273859,41
009030750832750400001009030980270046000046903106083205500000027690300504027500090,469832751832751469751469832983275146275146983146983275514698327698327514327514698,41
090200600530480917004700350040007091608090005920034068083071000006905040250040170,197253684532486917864719352345867291678192435921534768483671529716925843259348176,41
040000900961405032030690000400038020358209410600100050573806100090053006006910503,745382961961475832832691745417538629358269417629147358573826194194753286286914573,41
020003014600940025900000637009004000140200379250390148000709082400036790701400060,825673914637941825914852637379184256148265379256397148563719482482536791791428563,41
004019000230084950159020400003240509427005016900060020700408100091000845008031007,874519632236784951159326478613247589427895316985163724762458193391672845548931267,41
465007000310980406892645000020503100108090030600718000030009060206051008780400013,465137829317982456892645371924563187178294635653718942531879264246351798789426513,41
240100709005020000010095482600250018020000906030967040050040690083600027060572034,248136759975428163316795482697254318524381976831967245752843691483619527169572834,41
890164570000030140146507800035086701001950060000012930009200357007698000204000000,893164572572839146146527893935486721721953468468712935689241357357698214214375689,41
917508000004071006086003007050480000003600028028739600372106840800000009069800372,917568234234971586586243917651482793793615428428739651372196845845327169169854372,41
830050000471800562065410038003068720006002000120034000690720010750040800004680250,839256174471893562265417938943568721586172349127934685698725413752341896314689257,41
084000700290100305560097081026009850408306007019058020800602109040005200070900530,184563792297184365563297481326719854458326917719458623835672149941835276672941538,41
020017950495820073010490008008000040260008539003260000640002000531649027000030096,826317954495826173317495268178953642264178539953264781649782315531649827782531496,41
005003000042600319000007805280065070000840506536009200408006120693200050127500690,865193742742658319319427865284365971971842536536719284458936127693271458127584693,41
794581063000236094200040008002670040045000007030054180051860070009005806000397001,794581263518236794263749518182673945945128637637954182451862379379415826826397451,41
000000900001935070000400060000200345902304017050871296840710639396500001207000084,784126953621935478539487162178269345962354817453871296845712639396548721217693584,41
020000730070512640409387051830065000056904302040020006610039000790200060005000973,521496738378512649469387251832165497156974382947823516614739825793258164285641973,41
603004080207000563091005027970081346508000700400020058020358070380700000760190005,653274981247819563891635427972581346518463792436927158129358674385746219764192835,41
340020060209075014756034098810259470090740800060001009008500047170803002000400000,341928765289675314756134298813259476592746831467381529938562147174893652625417983,41
894753002000908073070060400040020860000030000702681349037210006020896034680004000,894753612216948573375162498943527861168439257752681349437215986521896734689374125,41
000400062840263000006510894000985000090034000460072500005340620904720158002001940,751498362849263715326517894217985436598634271463172589185349627934726158672851943,41
060309705030750612870001094010904800497005020086000047020080060650093470740006000,162349785934758612875621394213974856497865123586132947329487561651293478748516239,41
000030002080057431130682000090140005041065703560790048018029300920004800473000000,759431682286957431134682957397148265841265793562793148618529374925374816473816529,41
206849307480030200070000008800500000164903705002604009000251600000460973040307512,216849357489735261375126498893572146164983725752614839937251684521468973648397512,41
700500948000130602620080703050008001847003200010052004470200589508074100062005400,731526948984137652625489713259748361847613295316952874473261589598374126162895437,41
930640070640502938500900040380010009029300015010020006864000003050200864203800107,938641572641572938572938641386415729729386415415729386864157293157293864293864157,41
004281060063704100820693075096000084080906050007802000000005007605478002748100030,574281369963754128821693475196537284482916753357842691219365847635478912748129536,41
150000070200500690080327100418090002005008006003205400046902017501486009002701804,154869273237514698689327145418693752725148936963275481846932517571486329392751864,41
600003000002648000090702048105027900027900000980130420251000069004069051309251070,648593712712648593593712648135427986427986135986135427251874369874369251369251874,41
069300702000496130008007649806200090001974080940860021004130070023750064700000000,469381752572496138318527649836215497251974386947863521684132975123759864795648213,41
008470230400293518209500060690028000070009002382100690920000700803010920000962800,518476239467293518239581467694328175175649382382157694926835741853714926741962853,41
530070810010360029900000600370802061100790080284001900740008090600000100851036247,536279814418365729927184635379842561165793482284651973742518396693427158851936247,41
000000860008013024400009050009002400213040980074805300006051237090300048732408091,351274869968513724427689153589132476213746985674895312846951237195327648732468591,41
050320400060107058000895203603002800000609127701000300015000732086070500207051089,859326471362147958174895263693712845548639127721584396415968732986273514237451689,41
031052084084301560500000931810230640640000320000060010153700090400513006070900100,931652784784391562562874931819235647647189325325467819153726498498513276276948153,41
005978001079016520010042900027100406001063002064000190058091000196030870000057010,245978361879316524613542987527189436981463752364725198758691243196234875432857619,41
000802697060035281820006043004000060278000054639000008346150972000700400000364005,453812697967435281821976543514287369278693154639541728346158972185729436792364815,41
000401070075682310014000820740025103100904000000310040000703002037250681000160437,826431975975682314314597826749825163163974258258316749681743592437259681592168437,41
217300005000721060083405701070200000830000910046910083021040500795130006400079030,217368495954721368683495721179283654832654917546917283321846579795132846468579132,41
000009605000030000092856703256783104030941060019620300000368000700090806683100200,374219685568437921192856743256783194837941562419625378925368417741592836683174259,41
054000213300400870078000409237100060005730104090008002589607040103980600720001080,954876213312459876678213459237194568865732194491568732589627341143985627726341985,41
030862000028504003745010062003281050560007080000450397090640030300120048080030020,139862574628574913745913862973281456564397281812456397291648735357129648486735129,41
230014007067920418000750329003401096010690080050000000080160930000530802090048061,239814657567923418148756329823471596714695283956382174482167935671539842395248761,41
810403706540067910000189005200910630000020091000006870080000203050000080362871459,819453726543267918627189345278915634436728591195346872781594263954632187362871459,41
061020804700610000050840630098001020200080016070050048040035289503008407809006103,361529874784613592952847631498761325235984716176352948647135289513298467829476153,41
000042071400108905010509240000903402004007000690204700801005620230481090975006080,359642871462178935718539246587963412124857369693214758841795623236481597975326184,41
694007500305040000012800096003060050857000620026578000430090075000005834571080902,694127583385946217712853496943261758857439621126578349438692175269715834571384962,41
001390246024000003390620708167089300032167005000000070203040109000000002018253460,871395246624871953395624718167589324432167895589432671253746189746918532918253467,41
016900008920080000048700200000270549000095810050130027002809001601007984800013752,716952438925384176348761295183276549267495813459138627572849361631527984894613752,41
619000002080900704370200160000500406090040003006007085031052090257060340908130527,619473852582916734374285169723598416895641273146327985431752698257869341968134527,41
860020301209000800300605090001290700034051960020304510690042035100060420072003080,865429371249137856317685294581296743734851962926374518698742135153968427472513689,41
100005020000074001000960305000610509006309478953000000701590840384020056095400217,169835724538274691472961385847612539216359478953748162721596843384127956695483217,41
009730016140890270700060009400010020000476001591080647000041800014358002300027004,859732416146895273723164589467519328238476951591283647672941835914358762385627194,41
310029040900080130408003000009600000123800654000230800090470365630910487007006901,316729548972584136458163792789645213123897654564231879291478365635912487847356921,41
790065038100382070320009506987000000501200800203978400039400160470000000600893040,794165238156382974328749516987514623541236897263978451839457162475621389612893745,41
700000010010047028600305000490082136006500207207601400000470000870003951362150074,749826513513947628628315749495782136136594287287631495951478362874263951362159874,41
000620000507938210000540300800192600704800920190760000370089000200416053410370090,938621475547938216621547389853192647764853921192764538375289164289416753416375892,41
003009140510783206020514030000050023008072619072060584007206901000100070100000302,783629145514783296629514837961458723458372619372961584847236951236195478195847362,41
135000000604082130872010090008430006900508341341290750507000009200150400003009500,135964872694782135872315694758431926926578341341296758517643289289157463463829517,41
009150003000020400023064851000003080040089175080500302507492618600700290204800030,469158723851327469723964851175243986342689175986571342537492618618735294294816537,41
945200873378090621000700549760803902003000160059000084004000718090180400800050000,945216873378495621126738549761843952483529167259671384534962718692187435817354296,41
603158004470236050805704206067820409040000020080010070100000562056001047030002080,623158794479236158815794236367825419941673825582419673198347562256981347734562981,41
406000520900510364150000089069800205080050603004030810607180030040067158000003970,436798521978512364152346789369871245781254693524639817697185432243967158815423976,41
903260004006087359408035012139000000062500931504003007000054196090070040000019008,953261874216487359478935612139726485762548931584193267827354196691872543345619728,41
365497000010530074904200365009005740008304000743912608200008030001043090000009500,365497812812536974974281365129865743658374129743912658297158436581643297436729581,41
501043706400097100060050040000309020075104000609705481702008600340002805150406070,521843796483697152967251348814369527275184963639725481792518634346972815158436279,41
007601003394807602260900005905082030600795008012000059106009000720000004400278061,587621943394857612261934875975182436643795128812463759136549287728316594459278361,41
462900000030624900090010002280095013000062450009001820057000094900073168010200537,462957381831624975795318642286495713173862459549731826357186294924573168618249537,41
059432000203000900061098002384201079975800001000000080030005894008326705007904030,859432167243617958761598342384261579975843621126759483632175894498326715517984236,41
010049203840200750036005890621570930074900600000020040000167400450090100167000320,715849263849236751236715894621574938574983612983621547392167485458392176167458329,41
674003820009020640802600503050008006003416075000000238148069000320084709006050004,674593821539821647812647593957238416283416975461975238148769352325184769796352184,41
700350602001049503350001097004800061875130009036900750400090006000012900507080120,749358612261749583358261497924875361875136249136924758412597836683412975597683124,41
486135020700406001130020604060050002354001008091807453070000310003002000500003276,486135927729486531135729684867354192354291768291867453672548319913672845548913276,41
071206059089370026200589701100627004600050300950100200000010070003402185010700040,371246859589371426246589731138627594627954318954138267492815673763492185815763942,41
000059704592046183000130200708905002050020037206000900600080029000007518005402376,381259764592746183467138295738915642159624837246873951673581429924367518815492376,41
970600802630000719000017346008002900493586001120030680009004007050000408006720103,971643852634258719285917346568172934493586271127439685319864527752391468846725193,41
510809062020510003800000700275100604190306027040075010060450008080903040452700006,517839462624517983839624751275198634198346527346275819963452178781963245452781396,41
001460090400500780590781002140250378059300100308140050037800025800605000000937000,781462593462593781593781462146259378259378146378146259937814625814625937625937814,41
405973820397800050002050003004530769053700240976000531000300000509007010708010300,415973826397826154682154973824531769153769248976248531241395687539687412768412395,41
758009010012080604604001000000070006007164523000530987005097001061003400479016030,758649312312785694694321758523978146987164523146532987835497261261853479479216835,41
508012496400080213230000587005003001300106709604050020000000060803201074020479030,578312496469785213231694587795823641382146759614957328947538162853261974126479835,41
604872095300600007020350600000018732481723060702000080000035940003004070906080053,614872395395641827827359614569418732481723569732596481178235946253964178946187253,41
830000000090046080610008052483507620759610803001034000048750006000481700300269000,837925164592146387614378952483597621759612843261834579148753296926481735375269418,41
040108603050207108090603000402001000576080930900506482004369700300000004725810060,247198653653247198198653247482931576576482931931576482814369725369725814725814369,41
043200187180430625020071943000900504564007098300605010006300400000760000031000076,943256187187439625625871943712983564564127398398645712276318459459762831831594276,41
000006050509048603000109040907080100621590380000001795100900030790832016380600079,478326951519748623236159847957483162621597384843261795165974238794832516382615479,41
001600400475030060208745391000010820027009030036007040950160080602004953004090600,391628475475931268268745391549316827827459136136287549953162784612874953784593612,41
201308640604020980900500217006002094049156028700030000005080406897000002400015070,271398645654721983938564217516872394349156728782439561125987436897643152463215879,41
000400601800316002130700048517094000080007009924800015450000100398001250760500803,275489631849316572136725948517294386683157429924863715452938167398671254761542893,41
940087002803205001050104083104009825007000010205416037710050200000042000420971000,941387562873265491652194783164739825397528614285416937719853246538642179426971358,41
257608403060309005039020080672001040300000607500700018910405000820193050040080901,257618493168349275439527186672831549381954627594762318913475862826193754745286931,41
140000500059010600360020400601903824003040010482701030805100069714000058006280100,148637592259418673367529481671953824593842716482761935825174369714396258936285147,41
005230490497518632002090010509002060703905280281060000006001300008009000100820970,815236497497518632632794815549182763763945281281367549976451328328679154154823976,41
670090801200805640010670000000000506080001472501420300702958004000002905958006723,674293851293815647815674239427389516389561472561427398732958164146732985958146723,41
089060520600000879050070064903000200400012003008307600542080006096250100817630402,789463521634125879251978364973546218465812793128397645542781936396254187817639452,41
095060041836710290000009030504600183080500629020000570360400950000006408408905300,295863741836714295741259836574692183183547629629138574362481957957326418418975362,41
001402563000050000065010024208045307013200050600000092130078245987000631040103000,871492563429356178365817924298645317713289456654731892136978245987524631542163789,41
518930602204508000037200100009370406002600801005189723050800067800700000020001038,518937642264518379937264185189372456372645891645189723451893267893726514726451938,41
003070500025030009907050046809010000001504930400398102014680097092000063368020005,643879521125436789987251346839712654271564938456398172514683297792145863368927415,41
300050760049670000701238540607003000000007203290145600174086950000000030036592004,328459761549671328761238549687923415415867293293145687174386952952714836836592174,41
090130000071050400080049300237065000109003608058014200714002905020006014065071003,496137582371258496582649371237865149149723658658914237714382965823596714965471823,41
314050007270413805000900040000000008080720603030580070560097124098201030102005709,314658297279413865856972341427136958985724613631589472563897124798241536142365789,41
090082000302400010467100830010736059006049128040208306070800203600900080000603704,195382647382467915467195832218736459736549128549218376974851263623974581851623794,41
007046009640390170000751620704962300269500701305400090076000000030604080028100007,157246839642398175893751624714962358269583741385417296476829513531674982928135467,41
009060200630070080000000361008036027017040906396127040903010054574000012060704003,849361275631275489725489361458936127217548936396127548983612754574893612162754893,41
458700160000500009973120080895007006320060908600900073104050607000670800062010095,458793162216548739973126584895237416327461958641985273184359627539672841762814395,41
050809001609002740310074600460090200200008910900705006540980002007006830093010564,754869321689132745312574698468391257275648913931725486546983172127456839893217564,41
000060204030402900000059163706108542025970030008240000960014700007090408080520390,579361284631482957842759163796138542425976831318245679963814725257693418184527396,41
007000451105067008832045679308020000050078004420050003093004160284010030016000800,967832451145967328832145679378421596659378214421659783793284165284516937516793842,41
701000030640839007083010006007300190006090275809200060265040781300001052100602040,751426839642839517983517426527364198436198275819275364265943781394781652178652943,41
800001030643000000002030078020100000400902351100460289300700590784200610059316840,897521436643879125512634978928153764476982351135467289361748592784295613259316847,41
400200578007004012920000400060093000300702800070648091740906005693501700150400630,436219578587364912921875463864193257319752846275648391748936125693521784152487639,41
016397405450000000003204001934800170100409002500760943679040010300100090080000354,816397425452618739793254861934825176167439582528761943679543218345182697281976354,41
030108045008009060459360071097030600000016059086057402040003100971020300003090024,632178945718549263459362871597234618324816759186957432245683197971425386863791524,41
034702500650800010720095000290580100010269485540370900100900004000120050085007021,834712596659843217721695348296584173317269485548371962162958734473126859985437621,41
960532104704006050500001600209053400040098010035674000092410086001067900006009040,968532174714986253523741698289153467647298315135674829392415786451867932876329541,41
004020100015074206920005030050043010000100008169758023002501040007032951500007360,374926185815374296926815734758243619243169578169758423632591847487632951591487362,41
090047302020089000406052080030000076900576000065000000380704260047205030652938704,891647352523189647476352189238491576914576823765823491389714265147265938652938714,41
003817940950000187008495200089204013030900620040000508090732000010609070307001400,263817945954326187178495236589264713731958624642173598496732851815649372327581469,41
400002080000010500065089014672938000000001076004200008340100607790803125520607840,413562789987314562265789314672938451839451276154276938348125697796843125521697843,41
003061289010098700000005406030046592800529130000173004300010040048002071001900305,753461289416298753289735416137846592864529137592173864325617948948352671671984325,41
048000751570060032392000000903500040020600003416308075207005609104000000809723014,648239751571864932392157468983572146725641893416398275237415689154986327869723514,41
050249600004003057000000092907306800508000200300581749470602380183400906020100500,751249638294863157836715492947326815518974263362581749475692381183457926629138574,41
504708601080300409300009278201690800478010005059400003105904082900030000020006704,594728631782361459316549278231695847478213965659487123165974382947832516823156794,41
360109000700035890819274000008007030200968074047020600402006910900002000086791020,365189742724635891819274356698417235253968174147523689432856917971342568586791423,41
006590003320146085590300460702000198000810527810000300400000052000403609061005034,146598273327146985598327461752634198634819527819752346473961852285473619961285734,41
350460210007053804864002050001080000726130485005607000003000190078201000092300670,359468217217953864864712359931584726726139485485627931543876192678291543192345678,41
095640130000003958200005470769300805501060203004000007152070364406000789000400020,895647132647213958213895476769324815581769243324581697152978364436152789978436521,41
300027908000940150890000627000081236108200070023400580201000800400800310580312700,315627948762948153894153627947581236158236479623479581231764895476895312589312764,41
650007483019400000000056900230060070478502109060004502000600798126008300897300001,652917483719483256384256917235169874478532169961874532543621798126798345897345621,41
010804020508093167002001005069008200025900074487000690693000040800005000054369708,716854329548293167932671485169748253325916874487532691693187542871425936254369718,41
705001603009000500806050910004009207903720001072100398001004006067500840098603105,725491683149368572836257914514839267983726451672145398251984736367512849498673125,41
009600031007013495810000670034290180296070500108500200940061008385040006700080000,459627831627813495813459672534296187296178543178534269942761358385942716761385924,41
000360100820005300760008450006084000009670040400053007030712800007049063048536721,594367182821495376763128459176284935359671248482953617635712894217849563948536721,41
800090006930261070000084530050020640219400053740508012400800090100002700087913060,874395126935261478621784539358129647219476853746538912462857391193642785587913264,41
804090520709500040500843000300059080100070650600082000050238067470015200280067910,834796521769521843512843796347659182128374659695182374951238467476915238283467915,41
650000879420000000097030410906005200000182900210000543180600004340891706760000198,653214879421978635897536412976345281534182967218769543189657324342891756765423198,41
030840671600003004804617005306090010000701300708365200560030100180000490093008067,935842671671953824824617935356294718249781356718365249567439182182576493493128567,41
140907560809500041065210078000620409904050600236001080091860324000000000403100006,142987563879536241365214978587623419914758632236491785791865324658342197423179856,41
009030704041095806060007592000840120000060040380700005037100600215986470600304001,529638714741295836863417592956843127172569348384721965437152689215986473698374251,41
300020001829500370001306009095003768008200403400700295904037682100080900000904030,376829541829541376541376829295413768768295413413768295954137682137682954682954137,41
010897600879000513620531870007908400980400000460005000000004700730269040005783090,513897624879642513624531879357928461982416357461375982296154738738269145145783296,41
090580700806000010004900068000215000020867094000040251018000020040108607763492185,291586743856734912374921568439215876125867394687349251518673429942158637763492185,41
218000000000009800709010500901800007806503102503921600650392410184057009302000060,218465973465739821739218546921846357846573192573921684657392418184657239392184765,41
296004000340815629800260030063407051000021390002030040604008902120003000085000403,296374185347815629851269734963487251478521396512936847634758912129643578785192463,41
000004965000200480403659000008465192190000000000001078034502810250100030807346250,721834965965217483483659721378465192192783546546921378634592817259178634817346259,41
534861029068729005900005061000000000800050610406000357680002143340900502270000900,534861729168729435927435861753614298892357614416298357689572143341986572275143986,41
490001076000780049060030200107640090680950012035100000000200904800315027206804035,493521876512786349768439251127648593684953712935172468351267984849315627276894135,41
582079000609014082314080679000060000437000900008407001000000746805006120740103805,582679314679314582314582679251968437437251968968437251123895746895746123746123895,41
007005000041000530530140280819200060002504019060908372100090023008320100620450700,287635941941782536536149287819273465372564819465918372154897623798326154623451798,41
010480609004960007000701804090810046078004092006250070080000001921078400460100783,217483659834965217659721834592817346178634592346259178783546921921378465465192783,41
803450061009873254400169008000380602080200009240017083000621000000500106001708400,873452961169873254452169378917385642385246719246917583534621897798534126621798435,41
000695000400082560590000208034009700060008021900560803000753084048906370350040602,281695437473182569596374218834219756765438921912567843629753184148926375357841692,41
710000960038000715960175000070250800501083476003740020102000000650010340300060182,715328964238694715964175238476251893521983476893746521182439657657812349349567182,41
003020607009607084076300905380790000604530702020061508060203179000046200530000006,843925617259617384176384925385792461614538792927461538468253179791846253532179846,41
207009004001027590539061078958610040063004005024000100092100067000040800406082050,287359614641827593539461278958613742163274985724598136892135467315746829476982351,41
000429613042130587010870000030068025005300000006000100060080390058940760304617200,587429613942136587613875942139768425425391876876254139761582394258943761394617258,41
410003005580060000090805164051097082238506490009002000004738000870201049100009030,416973825582164973397825164651497382238516497749382516964738251873251649125649738,41
080590073304180005596304081061945320703000500000720000000409012039207000007600930,182596473374182695596374281861945327723861549945723168658439712439217856217658934,41
400500100700000005605807003002945600049000730001273450200009506156782300004601807,423596178718324965695817243372945681549168732861273459287439516156782394934651827,41
091243075320005100506010400439000001002801900080090200203050849010089302008602500,891243675324765198576918423439526781652871934187394256263157849715489362948632517,41
706941302000076100001283675504090000000007056037654001182000964005400200040002030,756941382823576149491283675564198723918327456237654891182735964375469218649812537,41
800010923000005700100023000000040000700090541451072398380050069507200834620804057,845716923293485716176923485938541672762398541451672398384157269517269834629834157,41
610000200098200100724103958930020010207410390140005007000580700400630080802041600,613958274598274163724163958935827416287416395146395827369582741471639582852741639,41
006510893150903000003706150240039007000005000300060205020070064500091008708654921,476512893152983476893746152245139687687425319319867245921378564564291738738654921,41
030010009400000172007009503380400950204096008905130240050280094709065020012900005,538712469496853172127649583381427956274596318965138247653281794749365821812974635,41
290600008805293070604805000908740601040006009100938247429000183560000000000409005,293674518815293476674815392938742651742156839156938247429567183567381924381429765,41
009070418000801003810390725001060059430000187950718004278004000090000001043059800,369572418527841963814396725781463259436925187952718634278134596695287341143659872,41
295708060830461005100092030780914500003687000400020006600200008350076900002850001,295738164837461295164592837786914523523687419419325786671249358358176942942853671,41
000902400000708051080100329203400076006300804894000010030504102045216930002093005,651932487329748651487165329213489576576321894894657213938574162745216938162893745,41
196004075430270061527001080005000049984750600001049700800107006649508100002000000,196384275438275961527961384375612849984753612261849753853127496649538127712496538,41
000243600024000591006059032001726850008004207600900000203500910149030005057001320,915243678324867591786159432431726859598314267672985143263578914149632785857491326,41
780650002536910400029400650008040000453200890010890045090000030005136029001709500,784653912536912478129478653978345261453261897612897345297584136845136729361729584,41
408007300700600002060000500549760201810405637006100000057002498201049760904000120,428957316795631842163284579549763281812495637376128954657312498231849765984576123,41
054030008003860507006705931470000806689420153310000000208500610960000000537010080,754139268193862547826745931472351896689427153315698724248573619961284375537916482,41
206050390500090624983624051000906210460010000000000946098402000301869002000030809,246751398517398624983624751835946217469217583172583946698472135351869472724135869,41
006938475475016930908405210000164300060000059082059000590047800021000000007021000,216938475475216938938475216759164382164382759382759164593647821821593647647821593,41
572610090980025030361849000020000064600058070010096000030901840050300609196004020,572613498984725136361849257825137964649258371713496582237961845458372619196584723,41
078000302120008050064213090009000103000301928600009504807046230010032780390580000,978654312123798456564213897289475163745361928631829574857146239416932785392587641,41
074000028003071900000300400031005000290137645506090007960783004000009780087514209,174956328823471956659328471731645892298137645546892137962783514415269783387514269,41
800007400004080000217060000146008070938050641072016009009205167060049520300001084,853127496694583712217964358146398275938752641572416839489235167761849523325671984,41
500609108040020300960400000030094007000350914419080500307060482096040750280500091,572639148841725369963418275635194827728356914419287536357961482196842753284573691,41
029035610000710004000090538504601900097040006010079340070024800105000020340058769,429835617853716294761492538534681972297543186618279345976324851185967423342158769,41
203059060870000005000680000027045006050960270000000510708214659140506380900073021,213459768876321945594687132327145896451968273689732514738214659142596387965873421,41
500709081000128054820000690600500039200073068079800405093607002002004076706201000,534769281967128354821435697618542739245973168379816425493687512152394876786251943,41
609015020514000000027936005400007059000284360063100004390000672076503840140000003,639415728514728936827936415482367159951284367763159284395841672276593841148672593,41
015704000036001700749063015504902001080500020920618000068000402402000150107400068,815794236236851749749263815574932681681547923923618574368175492492386157157429368,41
900070054514093002002000008605004030387000419000008260870125940051349080400600020,938276154514893672762451398625914837387562419149738265876125943251349786493687521,41
451830029720005063000002001090001500214580000030000204370924185940008300080307040,451836729729415863863792451697241538214583697538679214376924185942158376185367942,41
024780509350024070700050014008410762602038045010670390261807000540000000007000600,124786539359124876786359214938415762672938145415672398261897453543261987897543621,41
000030100070850004000761900518903000004200580600005309459300810702618095861004003,985432167176859234243761958518943672394276581627185349459327816732618495861594723,41
000700026200310758508900340005009034980603100060000092047508200059206417600001500,431785926296314758578962341715829634982643175364157892147598263859236417623471589,41
065041207009702080027006009501204000700108400942673050004000068070010023293000510,865941237419732685327586149581294376736158492942673851154329768678415923293867514,41
030000008670458321500320000957004000160097084804000007012936800090800142780002900,231769458679458321548321769957284613163597284824613597412936875396875142785142936,41
906004020480007000720060084002900800048006090390080206067090452039040701054071930,916834527483257619725169384672913845548726193391485276167398452839542761254671938,41
695314000004207600287600001700509406000061080060700502056803027840000060902050034,695314278314287659287695341738529416529461783461738592156843927843972165972156834,41
650001008487030190000074005036905047591740860074008009000680300310029000008100024,653291478487536192129874635836915247591742863274368519942687351315429786768153924,41
000020000901400003200106457027009000893605700056040389605078031002931500010560200,574823196961457823238196457427389615893615742156742389645278931782931564319564278,41
739062580620045397000900010860000020040017650002500400007051840304009105500000902,739162584621845397458973216865394721943217658172586439297651843384729165516438972,40
070986234000070098080042050508409072064003000000005000856294710001650400090130005,175986234243571698689342157518469372964723581327815946856294713731658429492137865,40
050709061000800000000345729031457298400008000089010057960004500040570986020906000,354729861792861345816345729631457298475298613289613457968134572143572986527986134,40
985000400000416809040005702508037946600050173317000085830000004001500000050300617,985723461273416859146895732528137946694258173317964285832671594761549328459382617,40
861370000070945086005801000059010062018003905620009001000000010080106709100297408,861372594372945186945861237759418362418623975623759841297584613584136729136297458,40
613059070720601500005042000200000794058974603900003015009400130380507200000000057,613859472724631589895742361236185794158974623947263815579426138381597246462318957,40
280005001700641000000028005802000000104206009090410026371000950900037080648092317,289375461753641298416928735862759143134286579597413826371864952925137684648592317,40
871503000395006010000170050100200674002704091407000305048000062006040130003052480,871593246395426718624178953189235674532764891467981325748319562256847139913652487,40
901085004000900030005640197034007800508234710067090023000003602450006000006010345,971385264642971538385642197234167859598234716167598423819453672453726981726819345,40
000010470060750982040020600000085290923670500050032100004508300230047050500063710,892316475361754982745829631617485293923671548458932167174598326236147859589263714,40
102000675070280004090500182900007856806129040043050001008000530530862009010000008,182493675675281394394576182921347856856129743743658921268914537537862419419735268,40
040600020900312040103780050260140070070020130401050900000400586014000090685039017,847695321956312748123784659269143875578926134431857962392471586714568293685239417,40
005021030360785029200030580003100290040060071718490065009850700000007903000049050,875921436364785129291634587653178294942563871718492365439856712586217943127349658,40
002739040100650300009418000680070490005943601003860725800100007210507804000080000,562739148148652379379418562681275493725943681493861725834126957216597834957384216,40
602000950050800710010030286103206400000004091070903620248000000965020037001095802,682147953359862714417539286193256478526784391874913625248371569965428137731695842,40
004830021001000000600210704906100207815470900040309010409583000100090058058701009,794836521521947683683215794936158247815472936247369815469583172172694358358721469,40
302081070001070003400302180820000050953026400010053628000060905009238701000549000,392681574681475293475392186826714359953826417714953628238167945549238761167549832,40
001487065087205300265390480803004900004902803050810000000020700000038500038046020,391487265487265391265391487813674952674952813952813674546129738129738546738546129,40
050000970009540608080097030602750003070084060030106007841072059590008020200005084,354861972729543618186297435612759843975384261438126597841672359593418726267935184,40
002600805580930674460051000600180240813000700004700138200570091050009460000020500,392647815581932674467851923675183249813294756924765138246578391758319462139426587,40
700300952301502876002080430800403105000915000000027600250670000000258064000130508,786341952341592876592786431827463195463915287915827643258674319139258764674139528,40
407096000120400090506023087004075261970260804061004900010000002052000040700602018,487596123123487596596123487834975261975261834261834975318749652652318749749652318,40
070500003643902000085306200006034001090658430000197050908060020004003010007819560,279581643643972185185346279856234791791658432432197856918465327564723918327819564,40
000500082590027301827003400006100004035940600900070503402700005350480076001009048,613594782594827361827613459276135894135948627948276513482761935359482176761359248,40
709500301000010067040600208380000072900726080076030019020308006008960720601250030,769582341852413967143679258385194672914726583276835419527348196438961725691257834,40
642700091087001020319004008400687059105300867870010000001000980704800000058000740,642758391587931624319264578423687159195342867876519432231476985764895213958123746,40
000070981901325476476000325102500608008100500030048002213700009000000010809210000,325476981981325476476981325192537648648192537537648192213754869754869213869213754,40
006420050010050630009030021430192865021065003658000000040209000060304209092500300,376421958214958637589637421437192865921865743658743192143289576765314289892576314,40
004831700003009400900046381000360005036710040001090008708054063300187500095600800,624831759183579426957246381249368175836715942571492638718954263362187594495623817,40
706003014001607083050194007500400172980712035200000849005000401039000000100000398,726853914491627583358194267563489172984712635217365849675938421839241756142576398,40
010620708007030900060047031073500460050004087000703205700006090040370602026408170,315629748487135926269847531873512469152964387694783215731256894948371652526498173,40
090073084000800000045000017020610438017084900384020760730050190050900800001038045,296173584173845629845296317529617438617384952384529761738452196452961873961738245,40
406070000700039240089246100001060702040052301502001068003504007090600020054900083,426175839715839246389246175931468752648752391572391468863524917197683524254917683,40
750010234100403090003009180020734001015080307370090800630947008080000079007000620,759618234168423795243579186826734951915286347374195862632947518581362479497851623,40
470081030365247980809530007700300062100060800600009010007093054040008003030604020,472981536365247981819536247798315462153462879624879315287193654546728193931654728,40
002709500600030070170865200891046000406270008000081000500024739204097805037050000,342719586685432971179865243891546327456273198723981654518624739264397815937158462,40
508907002070030508302054609000406900000100804804790201085049703700510000000370085,548967312679231548312854679251486937937125864864793251185649723723518496496372185,40
304005609050000730000307002620009050043682900001004208986001320017203090030960100,374825619852196734169347582628719453543682971791534268986471325417253896235968147,40
040000510802100300500934027006090070237018005950023008410070682600040730793000000,349287516872156394561934827186495273237618945954723168415379682628541739793862451,40
000908200009300704203407060638000100090800042502701008320500901000603475070080326,714968253869352714253417869638245197197836542542791638326574981981623475475189326,40
000020760700940000015670003004002080950817604080300002070480020009051046806239570,493125768768943215215678493634592187952817634187364952571486329329751846846239571,40
102090000756004090000070214067032058000908000009746102005407300204380009810009407,142893675756214893938675214467132958321958746589746132695427381274381569813569427,40
305901000917400050068352100036700008801560020792010300004237090200008000109600030,325971684917486253468352179536729418841563927792814365654237891273198546189645732,40
905700264000642000600000801090274300060801427000060100306100708480326000109407002,935718264718642593642935871891274356563891427274563189326159748487326915159487632,40
376009100890004000102300050708902030060780902900030080087501243009000070230608501,376859124895124367142367859758912436463785912921436785687591243519243678234678591,40
000000280007380050380000706026513470500900620904006310108705962009100007740009001,451697283697382154382451796826513479513974628974826315138745962269138547745269831,40
302670041010008070706040030520700080094350706067480000000007820048003197970804000,382675941419238675756941238523716489894352716167489352635197824248563197971824563,40
000005219019670580083900006040703020000106357000820041095061030102037805030008000,476385219219674583583912476641753928928146357357829641895261734162437895734598162,40
981000750264053009000019640709108436810430097000590000407085200000200000020370900,981642753264753819375819642759128436812436597643597128437985261598261374126374985,40
960837005000020010042910030390008061156000042084100070000700084709003000438650097,961837425873524619542916738397248561156379842284165973625791384719483256438652197,40
050946370060030001302080460005090080030728005087010906500060708010050023600871500,851946372469237851372185469145693287936728145287514936594362718718459623623871594,40
700100006300809420201000078510096840402351607960240003120063000600407200070000009,798124536356879421241635978513796842482351697967248153125963784639487215874512369,40
945067310230904768070203400008420500009086120000005683090000200100500070020600830,945867312231954768876213459368421597759386124412795683697138245183542976524679831,40
000005030200003007003870002049750060326019705500236401814560329000080070050302000,781625934265943817493871652149758263326419785578236491814567329932184576657392148,40
096000000710950200084103500147390826905000170860400050008241000020000600300568410,596824731713956248284173569147395826935682174862417953658241397421739685379568412,40
600009213500001000200608097900064005000023146000857900316480009790016400405002060,648579213579231684231648597923164875857923146164857932316485729792316458485792361,40
700105904080376215210000700860502100002019807140600002003951408090000600000200501,736125984984376215215894736867532149352419867149687352623951478591748623478263591,40
100000052507030084846072010680745030700300000312698000060007003078053190200906000,193864752527139684846572319689745231754321968312698475961487523478253196235916847,40
400600800000435016009780350500003790106270080097508000340026570002000040075314009,453691827728435916619782354584163792136279485297548631341926578962857143875314269,40
640589100009000400700460589096058010000040058000207900080000621200800030375620894,642589173859173462713462589496358217127946358538217946984735621261894735375621894,40
400308106039016500601004030107005289902600305540000061050062000090047800000583090,475398126839216574621754938167435289982671345543829761358962417296147853714583692,40
590471003004030905320009007003510472060704009000090000009140008802063510001280306,596471283714832965328659147983516472165724839247398651639145728872963514451287396,40
000100592500073000800900040020000400907008125468015900651729000084060200270830601,743186592592473816816952743125397468937648125468215937651729384384561279279834651,40
080941070009703000000208400048100000050890006760320984170630800000589147000407062,582941673419763528637258491948176235253894716761325984174632859326589147895417362,40
200010800009063041040800230085932674670158020903007005408000360000000018000001592,236714859859263741741895236185932674674158923923647185418529367592376418367481592,40
103000000754026913806003574500040000900001407000008050005602839009400060672300145,193754286754826913826193574531247698968531427247968351415672839389415762672389145,40
570090204009428650000005013000070301007130008610049000420017039008250000761980500,576391284139428657842765913984572361257136498613849725425617839398254176761983542,40
302004001600002004000000032925806070003900006806010095467139500130208000050467310,392584761671392854584671932925846173713925486846713295467139528139258647258467319,40
003098610029060300170534002590600003001007009734985126640003000085100004002070000,453298617829761345176534982598612473261347859734985126647853291385129764912476538,40
106090028403058761852071904908000340001007000000020000205746893047900002300000400,176394528493258761852671934928165347561437289734829615215746893647983152389512476,40
000390704000007015706510093000040150100800640600750930567100420018004076000605081,851392764239467815746518293983246157175839642624751938567183429318924576492675381,40
510406070006280095280019000000650437051043000743908000090300000305870001870102003,519436872436287195287519364928651437651743289743928516192365748365874921874192653,40
605243108807600030243807000060000000300080040780004200138906000452108700976000380,695243178817695432243817956564321897321789645789564213138976524452138769976452381,40
060014057002906000103200008074500600200601073016437080000742800427800136000063000,869314257752986341143275968374528619285691473916437582631742895427859136598163724,40
070002809903070042204380000009640020506030097800900060400503901320091070198700003,671452839983176542254389716719645328546238197832917465467523981325891674198764253,40
920806000731900060060703005059084200340200059010090048100027400500460003096100502,925846731731952864864713925659384217348271659217695348183527496572469183496138572,40
006010807312080040980004130241037005005002008030090420004020009023900614000401203,456213897312789546987654132241837965695142378738596421164328759823975614579461283,40
008040102070021005216850004080203000002500040100490027650704210840100006020065408,598347162473621985216859734984273651732516849165498327659784213847132596321965478,40
200069450000100003051308007800001032900000006032080010308074005125800709740012368,283769451697145283451328697876491532914253876532687914368974125125836749749512368,40
716004300300070008200930760008200013031000092420300080040010800057002934860003175,716824359395176248284935761678249513531768492429351687943517826157682934862493175,40
008750000070406308006310750820097000910004003650280107360071005400600801781900000,138759426579426318246318759823197564917564283654283197362871945495632871781945632,40
005930041100578060069004007030091400074853019900027005003160000020005390450000120,785936241142578963369214587538691472274853619916427835893162754621745398457389126,40
902070000050300400100086300004950000713008050295100600070804005026093814080265703,932471586658329471147586329864952137713648952295137648379814265526793814481265793,40
027090003300100000098345000070086002006050710203971064064002190732809045009500000,127698453345127986698345271971486532486253719253971864564732198732819645819564327,40
685009103070320068230000907020050394500093002003018000004032081090080075016500009,685749123479321568231865947128657394567493812943218756754932681392186475816574239,40
006502780920008001080010009401920350803047902000385104730061090602850030090000000,146592783925738641387614529471926358853147962269385174734261895612859437598473216,40
010659200090324070040081560900040100000800406460210907689405002354000000700968000,817659234596324871243781569978546123132897456465213987689435712354172698721968345,40
309210458010458060000069200503002084084503070002004590001035006030920740900000005,369217458217458369458369217593672184184593672672184593741835926835926741926741835,40
428753916901000500500690082600809703734060090000300600000400175002007069007000304,428753916961248537573691482615829743734165298289374651896432175342517869157986324,40
004080902090000007857002014716020349200000106030070800643701090020063701500208400,164587932392614587857932614716825349285349176439176825643751298928463751571298463,40
000200470007050900000740513403025009008010060026879130000902347280430600730000092,351296478847153926692748513413625789978314265526879134165982347289437651734561892,40
002100000780234196090078040130050070070400900509800030903600724806000309000391608,342169587785234196691578243134956872278413965569827431913685724856742319427391658,40
001002650360090002000503018600859120900007436700346000009701264000000395400030870,891472653365198742274563918643859127958217436712346589539781264187624395426935871,40
050630900836279104900000800205000690090502080483090215009100540548000020001800009,154638972836279154972451836215384697697512483483796215369127548548963721721845369,40
580090007260010030001000692437900100090106370010074008008061003106000209304289001,583692417269417835741835692437958126895126374612374958928761543176543289354289761,40
097563010036204079041870003750600090080005602004000700970320080002400957008007300,897563214536214879241879563753642198189735642624198735975326481362481957418957326,40
020050906000030710000060020098400071602003590300980600864302100059040237230091800,423157986986234715715869423598426371642713598371985642864372159159648237237591864,40
507400000600010080820000701061257040002984106480160075940000000008609503105072004,517428369693715482824396751361257948752984136489163275946531827278649513135872694,40
200086491000032856605901300004300085528000000013020009002000013456190000390208500,237586491149732856685941372964317285528469137713825649872654913456193728391278564,40
800470000900560813050108940038090002579000430100380509020047090000900321690003004,813479256947562813256138947438795162579621438162384579321847695784956321695213784,40
457032080000800507000457300004000938520390000308170200060000490001760023083941005,457632189632819547819457362174526938526398714398174256765283491941765823283941675,40
108026095903781204000009000065008400097002036204003000709010602080260003506090140,178426395953781264642539817365978421897142536214653789739814652481265973526397148,40
419360578000040003632800940090000005026507009150034082001423000203000107000701004,419362578785149263632875941394286715826517439157934682971423856243658197568791324,40
635080072000002653920650004051498000006310090080000305000820706003040829090730040,635184972148972653927653184351498267276315498489267315514829736763541829892736541,40
596002000040965700207018090008053274002000503065700010703240000600537021100090300,596372148841965732237418695918653274472189563365724819753241986689537421124896357,40
890307405307645900040000030704509000100700059569000004058210006476058100200076000,891327465327645981645891237734569812182734659569182374958213746476958123213476598,40
058009032090402705420700010084001003517003040000208070872056300005000800349007056,758619432691432785423785619284571963517963248936248571872156394165394827349827156,40
708050300390000045140023060450009000001036450600004901200398576006102039030700004,768451392392687145145923768457219683921836457683574921214398576576142839839765214,40
830004956005008012001009073209086040678140005000500007086407029000021568090060000,837214956965378412421659873259786341678143295314592687586437129743921568192865734,40
020108005031050402657000000945200000000000120102307954200073500308695201506000380,429138675831756492657924813945281736763549128182367954214873569378695241596412387,40
000070901500900308100360475007204089086003004410600703700002036090500040605147002,863475921574921368129368475357214689986753214412689753741892536298536147635147892,40
309157280000349070150000093001006832200000765070283914000060008002034050034900000,349157286628349571157628493491576832283491765576283914915762348762834159834915627,40
573260904006910735090700000214309080035607002000100000600090073009803000307426500,573268914826914735491735268214359687935687142768142359642591873159873426387426591,40
810502009504903100937060200402008000601009807083005004100090603060054000079386400,816542379524973168937861245492738516651429837783615924145297683368154792279386451,40
000030005089040307730985400490603108807000000306018000250000789003800042078002631,642137895589246317731985426495623178817594263326718954254361789163879542978452631,40
800200030900407650600090074479520103208316090006000000001054020002071548000032019,847265931913487652625193874479528163258316497136749285791854326362971548584632719,40
040002098009340005002800470120008706073025004008603000700236009051004000036051847,347562198819347625562819473125498736673125984498673251784236519951784362236951847,40
200070090470030000000062704310000827005087100780410000806001030107049568940058071,268174395471935682539862714314596827695287143782413956856721439127349568943658271,40
017026398809000520650098174040650807080410600000007012008005060006080045500003001,417526398839174526652398174241659837783412659965837412178245963396781245524963781,40
230004070400790380190002600684059023300086509050003840800000130710008090009000268,238564971465791382197832654684159723372486519951273846826945137713628495549317268,40
900060001001830000067102090005321906096007013103008000502013860084075009019080050,938764521251839647467152398745321986896547213123698475572913864684275139319486752,40
708400951590800034024090000080306025010700460603012000800004719452000300009638000,768423951591867234324195678987346125215789463643512897836254719452971386179638542,40
015070834060030950043109200020000500094017000380905710008791000030084090170320005,915672834267438951843159276721863549594217368386945712458791623632584197179326485,40
900352000680007000503000971050036498060840107400015302800573200700004000040901035,971352684684197523523468971157236498362849157498715362819573246735624819246981735,40
800925740529300801703060029106079384900000150000651072095000008230004000000090007,861925743529347861743168529156279384972483156384651972695732418237814695418596237,40
683529000047603250000007003030400081801000040090800020704010692002050138308900504,683529417147683259529147863236495781871236945495871326754318692962754138318962574,40
000906307378425090169800040800040070400000803010583460001079000002000709793200610,254916387378425196169837245835642971426791853917583462641379528582164739793258614,40
650007403000020870008309006500734629920010040043960085005070060469000038000006012,652187493394625871178349256581734629926518347743962185215873964469251738837496512,40
059026000201070085730980020048269001092000804307850000906012500000007600475090010,859126473261473985734985126548269731692731854317854269986312547123547698475698312,40
079000083038200506561430000692005000310700009780090300106050904850940100040000835,279561483438279516561438297692315748315784629784692351126853974853947162947126835,40
300005090002406005100982340050001400001600700460073921689050217000027609007009004,346715892892436175175982346753291468921648753468573921689354217534127689217869534,40
257004300030020408140063007080050040072038006506040831010500084004390000760402003,257814369639725418148963527381659742472138956596247831913576284824391675765482193,40
300164800006750003000320401860075200003800079000432008008090346004000700279003185,392164857146758923785329461861975234423816579957432618518297346634581792279643185,40
708102300093087502205930867030001000000346001087520006000090600329408070006000023,768152394493687512215934867634871259952346781187529436571293648329468175846715923,40
600700800031604792090801050163000209289103405000009100046507000010300020527008006,654792831831654792792831654163475289289163475475289163346527918918346527527918346,40
018063007000740800094080032907100200002906001000028009609007300003690174401805026,518263497236749815794581632967154283382976541145328769629417358853692174471835926,40
263000800000020014149758306300000600056030791900580030031000000090062043602041509,263419857578623914149758326324197685856234791917586432431975268795862143682341579,40
102390807070062349090800020007006003509207061410030078700608014040053002600000005,162394857875162349394875126287416593539287461416539278753628914941753682628941735,40
006208503200537164037100000704600800020003740853700000060985007071000058080071020,146298573298537164537146289714629835629853741853714692462985317371462958985371426,40
120650300000400009030002005304215700070040020200800030013526070060784190708030652,129658347685473219437192865394215786876349521251867934913526478562784193748931652,40
010090060008001000042860700030129080060500109090406503076012948409650012120008000,317294865658731294942865731735129486864573129291486573576312948489657312123948657,40
900300800600000403304601250000006102060200004290053700126094000549030620703100945,952347816618925473374681259435876192867219534291453768126594387549738621783162945,40
000640081004003509008905040000400008080250974000030052000360005406500207851792463,592647381764183529318925746125479638683251974947836152279364815436518297851792463,40
032789000807140320400250070006300590100900807059678000900000100600031209315000046,532789614897146325461253978786314592143925867259678431928467153674531289315892746,40
080706241021938070005012003108000050070004010540080736004291087209003060000600100,983756241421938675765412893198367452376524918542189736654291387219873564837645129,40
600013405804672093001000762009084007008360950300000004002136000000028316100450200,627913485854672193931845762519284637248367951376591824782136549495728316163459278,40
500382700000506203328047015780054100045231897200000050800009001052803004000020000,561382749974516283328947615789654132645231897213798456837469521152873964496125378,40
100005608570060412000241000785300041400507003000100870030612004016059087004030020,142975638579863412368241759785326941491587263623194875837612594216459387954738126,40
931045802004020391080010500093056700000439025000180003826300050000800100317504000,931645872654728391782913564493256718178439625265187943826371459549862137317594286,40
601009003780003020453200780006000094090300007010080506362000940945630000070495062,621879453789543621453261789536127894894356217217984536362718945945632178178495362,40
800020070400705061597018430200000107904500080175062040601003094080940610000150000,816324579423795861597618432268439157934571286175862943651283794382947615749156328,40
706050812035010769021907053000701000000406500609030127060000081054083200008070040,796354812435218769821967453583721694172496538649835127267549381954183276318672945,40
401759003000100709900000164803070020029318076074025310700032000000840607000097500,461759283382164759957283164813476925529318476674925318796532841235841697148697532,40
002918003190563000003070108586047900400201086001006400810004200064000005270080304,742918653198563742653472198586347921437291586921856437815634279364729815279185364,40
190000035060083021083102007931600058007045019800000006008059002359210000006470003,192764835764583921583192647931627458627845319845931276478359162359216784216478593,40
804012075057080020030000040710040208490820701080000069000001690521760300609030012,864312975957684123132597846715946238496823751283175469348251697521769384679438512,40
034009702002000096900008310283150007015970003600830140000680000708203009301005078,134569782872341596956728314283154967415976823697832145549687231768213459321495678,40
100083004320004791405971000200040050001730486004510000700060045540127008800490000,197283564328654791465971823273846159951732486684519372712368945549127638836495217,40
380647001020805060407200085053024809274109650819060200100000000000412000590006000,385647921921835467467291385653724819274189653819563274142958736736412598598376142,40
710400930935071064200590010020080001000652890093040500600235189050000000089004002,718426935935871264264593718526389471471652893893147526647235189352918647189764352,40
006004005051369700047000009572030806400527001910000057000758912700000460109003008,396874125251369784847215639572931846468527391913486257634758912785192463129643578,40
000970620002100409047006031430690200679800300025000096010060080206305007050741060,183974625562138479947526831431697258679852314825413796714269583296385147358741962,40
007003614106070832300400700203000596000059300000030148619507083004106075050000001,597283614146975832328461759273814596481659327965732148619527483834196275752348961,40
000280050500760284802000700080075006059006400063410075420090500910507602300000891,637284159591763284842159763184975326759326418263418975426891537918537642375642891,40
200000070071524830930060000700050200380000005006800010067285390820903000193647520,254398176671524839938761452719456283382179645546832917467285391825913764193647528,40
006905003304760000092843671043618007000400060000007309607090004018570932030004000,176925483384761295592843671943618527725439168861257349657392814418576932239184756,40
000620007160030500973485006400800000701000608685010400200100809317900205090502071,548621937162739584973485126439856712721394658685217493256173849317948265894562371,40
920657810670040900814902000008003056050080009100205748507410002001300580300500000,923657814675841923814932675748193256256784139139265748587419362491326587362578491,40
068200937030850400012003068740080000000025040201304800020960105085030679009000304,568241937937856412412793568743689251896125743251374896324967185185432679679518324,40
318000049000800052020600830040203000032900100750164080004016028005097300160028407,318752649496831752527649831641283975832975164759164283974316528285497316163528497,40
000138720008000900720694310050410007087000140140807609000041802032006490000082070,964138725318275964725694318659413287287569143143827659576941832832756491491382576,40
000007254025360097009024608040009005000075023500040809004091072190700046050030081,863917254425368197719524638342689715986175423571243869634891572198752346257436981,40
002007403934000700007304005010846329290175608000900570040050067000700800600408902,152687493934512786867394215715846329293175648486923571348259167529761834671438952,40
348200109000000403017000620003040000000907801670318254731400902054020000096070048,348256179562791483917834625183542796425967831679318254731485962854629317296173548,40
005209003820400000347165920030600085060050409582090060000000000008923670293706800,615289743829437516347165928934671285761852439582394167476518392158923674293746851,40
503000100700032840008719025160000058372845900854106203030068000000000504007000089,523684197791532846648719325169327458372845961854196273435968712986271534217453689,40
003024590004800306095003001060010000007400060482060010741050039250030100936740052,673124598124895376895673421569317284317482965482569713741258639258936147936741852,40
000740000270816095081500007920000050030009080468351900090460800813925000700100509,359742618274816395681593247927684153135279486468351972592467831813925764746138529,40
000200970090410206603000480060072100019004020050189000000095314085300002031026859,148263975597418236623957481364572198819634527752189643276895314985341762431726859,40
803179004605280900709065000002801057000032108000050030250308049000506803038000605,823179564645283971719465382362891457574632198981754236256318749497526813138947625,40
007002000000060405861000923000000047670029301300074500106700230790280164080100759,457932816932861475861457923529318647674529381318674592146795238795283164283146759,40
264905831050031040000000000701362450026009000005710360032694580000020690000507020,264975831957831246813246975781362459326459718495718362132694587578123694649587123,40
002000608580000400010800209039000067401760920070300105007490016065287300903610002,792134658586972431314856279239541867451768923678329145827493516165287394943615782,40
047500306100396704063080500096408270300200000710050400008140920470020060200003140,847512396125396784963784512596438271384271659712659438638147925471925863259863147,40
759000100040000320600408000030080004007065800218004030074059283965023000080041569,759236148841597326623418957536182794497365812218974635174659283965823471382741569,40
070500690045601003006003002900087054700304000000209087800035400624918700500020918,378542691245691873196873542962187354781354269453269187819735426624918735537426918,40
390050006807640290040092058500006010470000825003528670004069502009000000035780060,392857146857641293641392758528476319476913825913528674784169532169235487235784961,40
800060004070410080140309500401538600720001800300076009003127408900053000010890350,839765214675412983142389567491538672726941835358276149563127498984653721217894356,40
395260000700000903081003267602700095000000701000405326010532070800100002200678140,395267814726814953481953267632781495549326781178495326914532678867149532253678149,40
080000546650200003371405029046952100520000007800604000490003670160040380000700054,982137546654298713371465829746952138529381467813674295495823671167549382238716954,40
000610400084907061065800092000050000036240017408070035050460070872000046003080159,297615483384927561165834792719356824536248917428179635951463278872591346643782159,40
670038000045060030301590062029080043450900006810000000200706050038420617007053020,672138495945267831381594762729681543453972186816345279294716358538429617167853924,40
409080000170930205200000409018049523007020608023010907802007350300260700090000802,439582176176934285285671439618749523947325618523816947862197354354268791791453862,40
710208003090603710653004000987032106030100980006980530000071300071009060029005000,714298653298653714653714298987532146532146987146987532465871329871329465329465871,40
204000619060742005830090724008500000700080560051000430910204800400865100080179000,274358619169742385835691724348516972792483561651927438917234856423865197586179243,40
050710000170000054089534172090000700700080000500200891917648200400320000205097460,354712689172869354689534172891456723723981546546273891917648235468325917235197468,40
030060050760900201409132008006021003073649000020008040000010082510200600082796504,231867459768954231459132768946521873873649125125378946697415382514283697382796514,40
430000007706304000152900304209006008600108790815090406081205609520609000060010000,438521967796384521152967384279436158643158792815792436381275649527649813964813275,40
950070620401000350020050100305000000097042500000080791568009400739204005010568037,953471628471826359826953174385197246197642583642385791568739412739214865214568937,40
000309200080704156004600803850207060097100038140053000400560009902400005068900014,615389247389724156724615893853297461297146538146853972471568329932471685568932714,40
407000600060043128200096007000050000000384201000009480650900814079010502004265730,437821695965743128218596347843152976796384251521679483652937814379418562184265739,39
682409070004000680573000004000104000300802050451703098100027840849531000000940000,682419573914375682573286914298154367367892451451763298135627849849531726726948135,39
180002060950360408030810090079006180801759000300200000008670001060043000013920570,184592763952367418637814295579436182821759634346281957298675341765143829413928576,39
070000804500486090680070051052801947407050608100790032035002089000500000200040070,973125864521486793684379251352861947497253618168794532735612489849537126216948375,39
102006008056008002030700056709600080000009561001000729617480293045000010093060005,172546938456398172938712456729651384384279561561834729617485293845923617293167845,39
063814000502390804000200396300705600200400005000620400400070060009063540631540070,963814257572396814148257396314785629296431785857629431485972163729163548631548972,39
090256410065000093710000002142070350000635201603120789000590004500000078400000900,398256417265741893714389562142978356987635241653124789871593624539462178426817935,39
000300700607509030830076259400007000093800060065902104300460000079283000100790803,952348716617529438834176259481657392293814567765932184328461975579283641146795823,39
890047103350000400200300000085692730437108926600000500013006000002700060068900017,896247153351869472274315698185692734437158926629473581713586249942731865568924317,39
000060507005039406064000900002000100051092800740351069080903600913020050426080001,239864517175239486864175923692748135351692874748351269587913642913426758426587391,39
000805090587300412030201000403020865000000009058000071000700036300492087871003024,124875693587369412936241758493127865712586349658934271249718536365492187871653924,39
800409025930005108060708000703000800406080037281307504000820700070000286000070453,817439625934265178562718349793654812456182937281397564345826791179543286628971453,39
003010004400300000090600385900023078075000030204500169708964003300800906009235007,583719624426358791197642385961423578875196432234587169718964253352871946649235817,39
803000079497302050000040000070020005650090243204060017710034000580601090009208760,823516479497382156165749832971423685658197243234865917716934528582671394349258761,39
300258070607000200825070013253000160400030780000060532000691300030820600109045000,341258976697413258825976413253789164416532789978164532782691345534827691169345827,39
702000010090100008143720609465813000001902000927456083018000005000281007000005001,782569314596134278143728659465813792831972546927456183218697435354281967679345821,39
650200073000307860709000040860030097143759006905600304000000600006840730010005028,658214973421397865739586142862431597143759286975628314284173659596842731317965428,39
000800007297403000180970000708005300630007050009346078052030701803700040970520080,345861927297453816186972435718295364634187259529346178452638791863719542971524683,39
900200060247001030060000040482605309009002005005300402720153894800006000100804706,938247561247561938561938247482675319319482675675319482726153894894726153153894726,39
084690200000001070760500400690205004047006150021478009005000040000760593406009801,184697235352841976769523418693215784847936152521478369935182647218764593476359821,39
301008002000051008708002001000000006980500043026013807000065380165804009834200015,351748962692351478748692531413987256987526143526413897279165384165834729834279615,39
040000290000100056050829301012356007063790012900200060005900000600087120029460005,341675298298134756756829341412356987563798412987241563875912634634587129129463875,39
300600104806214000000900000164005087008060200023807641080502000245039816000006400,359678124876214593412953768164325987798461235523897641681542379245739816937186452,39
200000086005610093000029050382007605400500028001830070500180940010204067920050001,239475186745618293168329754382947615497561328651832479576183942813294567924756831,39
000807010085004006400039700002001300196700024378000160000306805054100673000500291,963857412785214936421639758542961387196783524378425169219376845854192673637548291,39
900000400610370859000090006300057912070009043201036085159602300007010064400000001,985261437612374859743598126364857912578129643291436785159642378837915264426783591,39
096040103010060750074000086100903070008756000065100000001390007020608540687015009,896547123213869754574231986142983675938756412765124398451392867329678541687415239,39
810050003030019700000030080078000400094070206002004057003700002781625394000043178,819257643436819725257436981578362419194578236362194857943781562781625394625943178,39
700002465930650870050718003001000526890000100060070300040180630000026050000547908,718932465932654871654718293471893526893265147265471389547189632189326754326547918,39
079000040500000097010790500401279680900306405600510070803050024005427009040030050,379865241586142397214793568451279683927386415638514972893651724165427839742938156,39
403806000925070108608520003041065030000090000397108002006950304750401026030000000,473816295925374168618529743841265937562793481397148652286957314759431826134682579,39
203090080709850360085600907000000000692000100400008000070145803014203079028760015,263497581749851362185632947831926754692574138457318296976145823514283679328769415,39
200104000856927104004000007968000000100450000043090012001305079005079041089201060,297134586856927134314586927968712453172453698543698712421365879635879241789241365,39
600000839098045020201390564703080045006002301000710608000100006039064000004027010,645271839398645127271398564713986245986452371452713698527139486139864752864527913,39
485300097100045630600900480009000700248070000760009200006501024320090801800204070,485362197197845632632917485519428763248673519763159248976581324324796851851234976,39
207800106809600700031070900905000400704002001003040500398060000002009614410507893,247895136859613742631274958925138467764952381183746529398461275572389614416527893,39
408309060000804200920670080007510423000790108810243076200900600001400300009100040,458329761176854239923671584697518423342796158815243976284937615561482397739165842,39
030750020204013578005049003017005004902004080000070295160000300423000900070032806,631758429294613578785249163817925634952364781346871295168597342423186957579432816,39
600104850071025000528006140230010000700002090914500603340001280802040700150008000,693174852471825369528396147236419578785632491914587623349751286862943715157268934,39
000000007200070093040009050600300215501768309030251700097013000060047530003082970,319825467285476193746139852678394215521768349934251786497513628862947531153682974,39
507042013090057820080900600010085209020060000005200136000306082700500000208419360,567842913391657824482931675613785249924163758875294136149376582736528491258419367,39
084962050103084009060003080800640005000509130509801000400076090005400600276300804,784962351153784269962153487831647925647529138529831746418276593395418672276395814,39
004630009063509100007000632485013007021000850790804000549301726000000000002405080,814632579263579148957148632485213967321967854796854213549381726138726495672495381,39
638000070005417638004860200950074380300005700000038956000050400020001003003942800,638529174295417638174863295956274381381695742742138956817356429429781563563942817,39
600090308700100000000056027027015409906700080518049000080002730200370004100084692,654297318792138546831456927327815469946723185518649273485962731269371854173584692,39
600001000409372065723508140062800000000256008008100602030025080000609310096000507,685941273419372865723568149562894731371256498948137652134725986257689314896413527,39
807000604139046007064070309540017900000500001301020400016000800020730096080060245,857193624139246587264875319548317962692584731371629458916452873425738196783961245,39
503007406649035080000496135280000300090060852130800900900603500050000640304008000,513287496649135287728496135285974361497361852136852974972643518851729643364518729,39
930000075700069018120450096092000760010730002673908000080073629000004000050090041,936281475745369218128457396892145763514736982673928154481573629269814537357692841,39
600130000023000007000040000497306580510400326302581000240003005059264803001000204,674132958123958647985647132497326581518479326362581479246813795759264813831795264,39
301402078800103050004078000609520084005080000007900501760009840040300209910805300,391452678876193452254678193639521784125784936487936521763219845548367219912845367,39
005010040010864700468570109020030000000125300000740051782351000050000802694080003,275913648319864725468572139521639487847125396936748251782351964153496872694287513,39
705010009093005000100003706510240090008030061070156082907060020000597610640300070,765814239293675148184923756516248397428739561379156482957461823832597614641382975,39
008100403402006095050000706094072600300010049080509070810930267070800904940000050,768195423432786195159423786594372618327618549681549372815934267276851934943267851,39
200109300100000065008206094401790500082001700093000410805024901000000850907030642,256149387149378265378256194461793528582461739793582416835624971624917853917835642,39
020800003430509780018604950090270804572000630000090520280061300000000070309002106,925817463436529781718634952693275814572148639841396527287461395164953278359782146,39
801209067756000000000065018510004020048920070002071003070100034180002706003607050,831249567756813942294765318517384629348926175962571483679158234185432796423697851,39
000951230000460509590003600104000070300207040027010300002096003016070408730842001,648951237273468519591723684164539872359287146827614395482196753916375428735842961,39
740800190002064030000129740900480351460005907050070008000638000000247600080500270,746853192192764835835129746927486351468315927351972468274638519519247683683591274,39
007050608000100594040062030730085102098216003600340009079008310850031007000004000,317459628286173594945862731734985162598216473621347859479528316852631947163794285,39
000071005001805239685029041006940810807500490490080300500003000900200570024050000,239471685741865239685329741356942817817536492492187356578693124963214578124758963,39
020761083000408900300000000070304590200500608195007002032100804400200050050846239,529761483617438925384952716876324591243519678195687342932175864468293157751846239,39
800950300300008000790600800908076032023000600617204080206040097079002500500790260,842957316361428759795613824958176432423589671617234985236845197179362548584791263,39
017830600200150083384000705400068907030079050020001800045003000903702540100080009,517834692296157483384926715451368927638279154729541836845693271963712548172485369,39
570000000000016207180752394000049100001075946009200000097100825050007061604000730,572493618943816257186752394735649182821375946469281573397164825258937461614528739,39
812004000006009080900010005020400010364970802179025006703190000090000304085307109,812654793456739281937218645528463917364971852179825436743192568291586374685347129,39
520000739180070265970020040000700092060800300031209050002008900097052183300090020,526184739184973265973526841845731692269845317731269458452318976697452183318697524,39
508006300076090500090008007043785026780062034062003058800000400420001075050400010,518276349276394581394518267143785926785962134962143758831657492429831675657429813,39
907300005800050179520007008750040800490000010000001034165730082040610700370008051,917384265834256179526197348751943826493862517682571934165739482248615793379428651,39
078206049065149007094387000900005620640900700703020918000800500009000401000060093,378256149265149387194387256981735624642918735753624918416893572839572461527461893,39
000008640430197050508036000710000204640710900809640070300080006981260007200300090,197528643436197852528436719713859264642713985859642371374981526981265437265374198,39
000690751000000000090017234030061475057230106108704023081070602304020000000080300,243698751715342869896517234932861475457239186168754923581473692374926518629185347,39
042039700080040003035607024004010080013090040698000031850700310007023090301050006,142539768786241953935687124274315689513896247698472531859764312467123895321958476,39
050820794000106000023700050007531240501008067208060000070609385005002000600305402,156823794794156823823794156967531248531248967248967531472619385385472619619385472,39
963820000200000036500306204026000179050010000190632005005900600002540790709200450,963824517248157936571396284326485179854719362197632845415973628682541793739268451,39
080030000930625004005000000190060480760540031548090007006054000819306042200009703,481937256937625814625481379193762485762548931548193627376254198819376542254819763,39
400800372005002060200000580907065800008409000516083740700546108801000006050310090,469851372185732964273694581947165823328479615516283749792546138831927456654318297,39
490500000000702084027849000900630810000405063306000500003204005509301408840906030,498563271635712984127849356954637812281495763376128549713284695569371428842956137,39
000300000934670020701500394012800430000062859589037062020000040890700200000005903,258394671934671528761528394612859437347162859589437162125983746893746215476215983,39
860000000470002000051900043700205060638007902502000074340721005985000217107000006,869374521473152689251968743714295368638417952592836174346721895985643217127589436,39
250630809306800052048000600003976004402051007769040005094502030000013400100400000,251637849376894152948125673513976284482351967769248315694582731825713496137469528,39
039710005005830706016040830083001620600500071071020500007000050002400307058007102,839716245245839716716245839583971624624583971971624583397162458162458397458397162,39
000700591005004020267501380052000047000800000478200003301002659006030402700059038,843726591915384726267591384652913847139847265478265913381472659596138472724659138,39
175069030020380000034005000308000002250908147041000000063000215502600700087100369,175269438629384571834715926398471652256938147741526893963847215512693784487152369,39
860942001900000006010800294271006039000270050086300100009027015108009702400050060,863942571942715386715863294271586439394271658586394127639427815158639742427158963,39
003579000010003597579810430000300974040251360000007010004105002020700109000608700,463579821812463597579812436251386974947251368386947215734195682628734159195628743,39
027006080190000270538207061900630040000804000284001653000479000613000400000063028,427916385196358274538247961971635842365824719284791653852479136613582497749163528,39
906270000012835609008690010205003096000500400804160500160050004520000061089010020,946271853712835649358694217275483196691527438834169572167352984523948761489716325,39
715900062004028507000170090000003200900062780600807009001709030006081075079006028,715934862394628517268175493187593246953462781642817359821759634436281975579346128,39
060539042000167090905000106006070209003290014802600307010902408600000000250406001,761539842428167593935824176146375289573298614892641357317952468684713925259486731,39
000008034280004007340000500063080245450306100890000376930851400500400090020700051,179528634285634917346917528763189245452376189891245376937851462518462793624793851,39
002006870781025903093000400030160040427000180010070390078003610009080004300090708,542936871781425963693817452935168247427359186816274395278543619169782534354691728,39
100200976020060153976030800000854000005900017600000400700415200040682009008090541,153248976824769153976531824317854692485926317692173485739415268541682739268397541,39
003000600005319024842007009504701008000908546009400301408603010000102080001840060,193284657675319824842567139564731298317928546289456371458673912736192485921845763,39
000010906230800540806070000010926000062507034500000602080104203100630809620008405,457213986231869547896475321314926758962587134578341692789154263145632879623798415,39
200870104310206000057040620500000960002080003000530010085003246731000095420050370,269875134314296587857341629573124968142689753698537412985713246731462895426958371,39
020607905000950810904800673002163700000000136100000020548200390006379000370500001,821637945637954812954821673482163759795482136163795428548216397216379584379548261,39
367020040000000007481367050203890164014273085090600000030100400706000010100740300,367529841529481637481367259273895164614273985895614723932158476746932518158746392,39
100000783060800010073100649230601000651704308700030561502000400040500096006040050,125469783469873215873125649238651974651794328794238561582916437347582196916347852,39
007000108805030049904805372670108500148050090352009000000006910400080007706091000,237964158815237649964815372679148523148352796352679481583726914491583267726491835,39
002430010346700800001080064200309145000820600009500278005090001068040702403270000,892436517346751829571982364287369145154827693639514278725698431968143752413275986,39
531020906002769350000003402900070245300452090000000137004000500250608010170200060,531824976842769351796513482968371245317452698425986137684197523253648719179235864,39
802361470000000900700000061260713854070054000080620010008106500900530200350200096,892361475631475982745982361269713854173854629584629713428196537916537248357248196,39
000302849409050300000090160890540700076928004100763000020480071001039000000610093,615372849489156327237894165892541736376928514154763982923485671761239458548617293,39
000500860860000049000800301003005000025710490010493605006937250037200180004180030,371549862862371549549862371493625718625718493718493625186937254937254186254186937,39
403807100000056000150000800578001030234500001001004078700600009605319700309740680,493827156827156493156493827578961234234578961961234578742685319685319742319742685,39
010002709060500381095813040839020000021670800076908400002780000103200008000041600,318462759264597381795813246839124567421675893576938412652789134143256978987341625,39
590400607480603510600500008100050370250040090000160200036010000704930801005720903,591482637482673519673591428169258374258347196347169285936815742724936851815724963,39
008040005905020403143005008601259800009480001007630029074506080800000106500800004,728143695965728413143965278631259847259487361487631529374516982892374156516892734,39
000851630810000000632740815000002000300064150906100020463500001570208063201000009,794851632815623794632749815157382946328964157946175328463597281579218463281436579,39
050902140001000200092800605023150000900280001514600300130065907005029000079300560,756932148481576239392841675823154796967283451514697382138465927645729813279318564,39
800079036000653042030204091005800427300700000420001068604020000050068009270300604,842179536791653842536284791915836427368742915427591368684927153153468279279315684,39
403102000002076004086543019109007005024610000830004061000030502290000043008005076,453192687912876354786543219169387425524619738837254961671438592295761843348925176,39
982300000370600800600900730510860070806704103700501080060009317037006040008003005,982347561374615892651928734513862479826794153749531286265489317137256948498173625,39
100045860268007300400006071004263100081050230600000095020500000000004728346002019,179345862268917354453826971594263187781459236632178495827591643915634728346782519,39
203000750785243006000785204410000070837000000000037421570008040008004000094570302,243961758785243916961785234412659873837412695659837421576328149328194567194576382,39
300172000000950806405600021840007000700205904001490003052840310080031090073009060,368172549217954836495683721849367152736215984521498673952846317684731295173529468,39
009000806070681903610090470930450760007900020425070039003008600100034080002009300,359247816274681953618395472931452768867913524425876139543728691196534287782169345,39
287005961003000002096080435900160024400039600000074000000006107609817040718400000,287345961543691872196782435935168724472539618861274359324956187659817243718423596,39
724000006059106700160742005540689203000004609600203000075060000400050060380420900,724895136859136742163742895547689213231574689698213574975368421412957368386421957,39
310956804000021950960070001020030007000000035600007180280003760000248500031069208,312956874847321956965874321128635497479182635653497182284513769796248513531769248,39
008060053004000827309028400680540790007600300000200006410002008902070514076010039,728164953164359827359728461681543792297681345543297186415932678932876514876415239,39
603800000807500006590030020059006003382095004001320057275904031040080570030200000,613872495827549316594631728759416283382795164461328957275964831946183572138257649,39
006082900000000780720004005602807050100023807070109603513200400409001270007490500,356782914941365782728914365632847159195623847874159623513276498489531276267498531,39
830720060510809042004510000072000438400600000050400607048167050067095000005048100,839724561516839742724516893672951438483672915951483627248167359167395284395248176,39
803097502004000800562081900020900005139000628040060139450008090390000280000700056,813497562974256813562381974628913745139574628745862139456128397397645281281739456,39
100503260802094070570000000600021007920740800700630129050200704410306002089000050,194573268862194375573862491638921547921745836745638129356289714417356982289417653,39
600000507578401290209007640000390870063002405827040900702508060000200100105000009,614923587578461293239857641451396872963782415827145936792518364346279158185634729,39
089760004004009001761534020000010082002000135010040060073000006400026703026073508,289761354534289671761534829697315482842697135315842967173458296458926713926173548,39
090000067006019000245000000000063070017952603030780002460378005700190420951006008,198524367376819254245637189529463871817952643634781592462378915783195426951246738,39
089060100034150870512870004960500008400720000000000040890035217120086000045010900,789364152634152879512879364963541728451728693278693541896435217127986435345217986,39
410000306092300045036004902900000008058000630360580007089732000203016800600005703,415928376892367145736154982927643518158279634364581297589732461273416859641895723,39
250004673007000940800000000400020850720105394100439260903000005008000100612508730,251894673367251948894367512439726851726185394185439267973612485548973126612548739,39
200096000030005401500002000804001597907248003103000284010050800782160035090000046,241396758639785421578412369824631597957248613163579284416953872782164935395827146,39
026000010000781264700026009002000083390172006005000721204000008009800040837214090,426953817953781264781426539172645983398172456645398721214569378569837142837214695,39
234007090150086324980200010000000060618093070020000940502801630870069000360000001,234157896157986324986234517493725168618493275725618943542871639871369452369542781,39
561000400079000560400650009005168704700300608008900205100000356306000942000506087,561789423879243561423651879235168794794325618618974235187492356356817942942536187,39
102953000009007812740201030970416300208079064000832095007100900000000057090000040,182953476359647812746281539975416328238579164614832795567124983421398657893765241,39
000060891307001005800405307030706100086140002009502086904003000618050203000608050,425367891367891425891425367532786149786149532149532786954273618618954273273618954,39
951060203006000509020509467695008000074001056100000700200135090409070000013090072,951467283746283519328519467695748321874321956132956748287135694469872135513694872,39
230071906006230081000090000080403217403120800120009043060700008700900000018305470,234871956596234781871596324689453217453127869127689543365742198742918635918365472,39
300000219209004006500219004140060790790000863060095100000050000920431658000007430,384576219219384576576219384142863795795142863863795142431658927927431658658927431,39
705904600009602500230500000920000100540800060000140000357090286090260735802750010,715984623489632571236517948928376154541829367673145892357491286194268735862753419,39
495601028060800409002905310607004030004003672003200805009700000070008590008050160,495631728361872459782945316627584931854193672913267845539716284176428593248359167,39
003628010620045703040970200009080020051030070006000309067002954002500030094067002,973628415628145793145973268439786521251439876786251349367812954812594637594367182,39
943800701002439050680020030006274890000000072407008160061003000090012347004000006,943856721712439658685127934156274893839561472427398165261743589598612347374985216,39
001034005000710930903065712302000000005300640080100329508200400460581203007000001,721934865856712934943865712392648157175329648684157329518273496469581273237496581,39
068400200050876400904200007000950020049002081000018945001500608295603070000107500,768491253352876419914235867187954326549362781623718945471529638295683174836147592,39
007000039001600075600450218010000807870016540504870900360748100700100350000000084,457281639281693475693457218916534827872916543534872961365748192748129356129365784,39
050064910000050700060000035000400009870090002501326480700040520215607800948500603,352764918189253746467981235623478159874195362591326487736849521215637894948512673,39
000062507857000000002000034906010453003206710000450096460801300081300040730649000,394162587857934162612587934926718453543296718178453296469821375281375649735649821,39
500010700003920000729005410080530104035400087100782035000079802901000340052040000,568314729413927568729865413287536194635491287194782635346179852971258346852643971,39
256708010000205408000103600062000000001806030300019086408037500973000800605082307,256748913139265478784193625862374159591826734347519286428937561973651842615482397,39
205070160397000050016058003904100008060830709853040020509700086740600000008000407,285379164397461852416258973974126538162835749853947621539714286741682395628593417,39
708031060314000007060879000002005000050000241983004706000002905400950038509103024,798431562314526897265879413142765389657398241983214756831642975426957138579183624,39
860009304907000861354100027040000608008000010513800009400081006005690032790200080,861729354927453861354168927249315678678942513513876249432581796185697432796234185,39
023008540490010070700500012067000080831700000050103700070204061018057234040060900,123678549495312678786549312967425183831796425254183796579234861618957234342861957,39
854036000209548000610000005000000210092000653000020800400200798987650130301870006,854136927279548361613792485748365219192487653536921874465213798987654132321879546,39
970316000061004092040007030610400075000691843480052000200109006800040907100000520,972316458361584792548927631619438275725691843483752169254179386836245917197863524,39
040050900000406050038072400200069100004500700009000523081005607920607800407031295,146358972792416358538972416253769184814523769679184523381295647925647831467831295,39
068301200500072000024006003050000036872039541000100082045700300039020807087900020,968351274513472698724896153451287936872639541396145782245768319139524867687913425,39
352104780080005046000008053005000891004009037190500002010387625000602000000041078,352164789987235146641798253735426891264819537198573462419387625873652914526941378,39
068900034190045860405670290809400070000750918070009000001000753004507100050060400,768912534192345867435678291819423675243756918576189342681294753924537186357861429,39
030478950059300748807500600020036417014009300683040500000000070560003004300004005,236478951159362748847591632925836417714259386683147529491625873562783194378914265,39
007015042342008006506200000160524970000000400420300108609100734004000251201007000,897615342342798516516243897168524973973861425425379168689152734734986251251437689,39
020190008038000000500306420000609800903400751802000063000960380090840205384750090,427195638638274519519386427751639842963428751842517963275961384196843275384752196,39
865370910104600002732904080000000000010000009003720140007091400001468500048507201,865372914194685372732914685279146853416853729583729146357291468921468537648537291,39
005436120004120090200500030527040003090010750000002649000065384803271060009080000,975436128364128597281597436527649813496813752138752649712965384843271965659384271,39
090460103030000060006351089301000025002003900967024018600105037003000000000738692,798462153135987264246351789381679425452813976967524318629145837873296541514738692,39
600000400018304067002070100001249070000703601730010024106000250523107040489000700,657981432918324567342675198861249375294753681735816924176498253523167849489532716,39
080590460601803000900001803324078000000015204065230900400780059072100000519000002,283597461641823597957461823324978615798615234165234978436782159872159346519346782,39
021386504400000300863049007050090032000003850207005419070208000000010280302054070,721386594495172368863549127658491732914723856237865419179238645546917283382654971,39
800020960760840003052706408400010039201050000005060180693070005000030001040502396,814325967769841253352796418476218539281953674935467182693174825528639741147582396,39
000000700157620040000070000805006004243801070700230581924018000081007090506042130,692483715157629843438175269815796324243851976769234581924318657381567492576942138,39
065900082000160970040020000200603017053401290400089635800030061002700000000894520,165947382328165974947328156289653417653471298471289635894532761532716849716894523,39
000865004700300506065742000030504120080001093200936008450100009600057002003600045,319865274742319586865742931936584127584271693271936458457123869698457312123698745,39
070620030030700201260000074000017096000543000100980050340175682680430700000800049,574621938938754261261398574453217896896543127127986453349175682682439715715862349,39
000490000009000200003028040004012000090543102020009453005900734300251090908374501,682497315479135268153628947534812679796543182821769453215986734347251896968374521,39
300920000092004380401003092009076208007000159030500607000008923003157800800039700,386925471592714386471863592159476238647382159238591647715648923923157864864239715,39
009070000378560000165920008000480600084050000650092780030609800006040007042735910,429873165378561429165924378291487653784356291653192784537619842916248537842735916,39
900318004010040602547600000009062010008530940105004826000000100080403270702080035,926318754813745692547629381479862513268531947135974826354297168681453279792186435,39
540008260800269300002005700635870021070901006000000804000107000701052400206403190,543718269817269345962345718635874921478921536129536874384197652791652483256483197,39
000658021000900080860402970000000090930020000010089060386205009504001836100803254,793658421241937685865412973652174398938526147417389562386245719524791836179863254,39
090430020400700000050109000967810002504076013000502976075300084309084000200657000,196438725483725169752169438967813542524976813831542976675391284319284657248657391,39
674000009090060850538209000045190002081002000006500098850721300200006905400980020,674853219192467853538219467345198672981672534726534198859721346217346985463985721,39
000307000800265300903081265080000049497008506305709100706004050020070910100052000,652397481814265397973481265281536749497128536365749128736914852528673914149852673,39
023790050047056002000002000000005278782019000356078410030800061000003047078061003,823794156947156382561382794194635278782419635356278419235847961619523847478961523,39
001000530084007100705906402029000305078005900063291074800000209316020008040000013,691842537284357196735916482129784365478635921563291874857163249316429758942578613,39
091057306000090005050263009500634201002000463634002050005120900000005602020080504,891457326263891745457263189578634291912578463634912857345126978789345612126789534,39
690040017700090000240013096020504000004060928361029075000030080006052704407000059,698245317713698542245713896829574163574361928361829475952437681186952734437186259,39
078600103100070562520001000002300075843706921057009034000007009000100046060092300,478625193139874562526931487912348675843756921657219834381467259295183746764592318,39
060702193003456080807301000030800700079060028200017300000178030300040070700039042,564782193913456287827391654635824719179563428248917365452178936396245871781639542,39
000100640609000800005000307408960003100084090206731450700315984531000060004620000,327158649649273815815496327458962173173584296296731458762315984531849762984627531,39
400190000000026408007008005000500109196070050045009782002487590074050001009260047,483195276951726438267348915728534169196872354345619782612487593874953621539261847,39
650901000400050000971483005107008524398240000000060000006009050034026901819004070,652971348483652197971483265167398524398245716245167839726819453534726981819534672,39
800000060109076380627008910070080000200705043408010657065800270000050090900100536,853491762149276385627538914576384129291765843438912657365849271712653498984127536,39
700560023328900000600008000517026300083057602240803710009045000860300000400602001,791564823328971456654238197517426389983157642246893715139745268862319574475682931,39
300060570502304100169570080800040701600790000090025600000007400007058936050036207,384169572572384169169572384825643791643791825791825643936217458217458936458936217,39
700180000908000570004300891300801724006072035047003008500600040802004150403900200,735189462918246573624357891359861724186472935247593618591628347862734159473915286,39
002000000059026030403097000370609482900080703048003000097065048026040000834070205,682134597759826134413597826371659482965482713248713659197265348526348971834971265,39
850001400000040300970500261040086107720095000608010045095860004400050002086000093,853621479162749358974538261549386127721495836638217945395862714417953682286174593,38
950430820060005040300006910709000000508970604643850790036500070000749000497000000,951437826862195347374286915719364582528971634643852791236518479185749263497623158,38
001800000705001800802095000570060000009573006060209507306008970418907065000356000,631842759795631824842795613573164298289573146164289537356418972418927365927356481,38
050904078072006419004072653007000104600400700081007506028060005000500021049000060,356914278872356419914872653237695184695481732481237596128763945763549821549128367,38
007608009390200800060000502905702030278030004603050287402860190006301400000004000,527618349394275816861943572945782631278136954613459287452867193786391425139524768,38
709003500310500070006290004090480620508602900260900000002019300030006091900304860,729143586314568279856297134193485627548672913267931458682719345435826791971354862,38
601958037704000800950000000000000005587340002210000003095003200870460001462095078,621958437734621859958734126346219785587346912219587643195873264873462591462195378,38
025370894030000256080260310900700080500010020040002735007100008010906000090507043,625371894731849256489265317962753481573418629148692735257134968314986572896527143,38
040083010020400583850010000685192030012700860000800100091007020030620900208001050,749583216126479583853216479685192734912734865374865192491357628537628941268941357,38
001080300342019506508004709417950600023071008980030000000207100000060000274000803,791586324342719586568324719417958632623471958985632471836247195159863247274195863,38
368009100004086790700000368000000980080070601000000057070061539000093402530420810,368759124124386795795142368257614983983275641641938257472861539816593472539427816,38
000400023800010500130009840020070010008004952341090000083021000219005400057048290,596487123874213569132659847925876314768134952341592786483921675219765438657348291,38
204000836519080020308042050002407010000001068193000074051309780000278040007000000,274195836519683427368742951682457319745931268193826574451369782936278145827514693,38
470208130130000260200130079790080050350700600680302790840000010000800526506000000,479268135135479268268135479791684352352791684684352791847526913913847526526913847,38
200406905300000600804500007080000206700042059420950370100207008072004013040315000,217486935395721684864539127589173246731642859426958371153267498672894513948315762,38
040039810017060300050187002490000120020900570078200403000001030701320005000895060,642539817817462359359187642493758126126943578578216493985671234761324985234895761,38
702008950045070680008005020201000040070600010064000030307806100080509370150207460,712368954945172683638495721291783546873654219564921837327846195486519372159237468,38
050006800006207593080950140620790430040020000090005261800064702170009650004000000,953416827416287593287953146621798435345621978798345261839564712172839654564172389,38
906200710001040020002070469365807000009503280028910053690002000000096500000000936,946235718871649325532178469365827194419563287728914653693752841184396572257481936,38
000046059600050107300701008003500802000000715750000900069000281037180090218600073,172846359684953127395721648943517862826439715751268934469375281537182496218694573,38
743060200100000470905007008010095736070200054090603180630082507009000300400000820,743861295168529473925347618812495736376218954594673182631982547289754361457136829,38
005067001010200076067008050050670028609000340082004097790023064506000000020500709,235467981918235476467918253354679128679182345182354697791823564546791832823546719,38
090000314050301008413080002300004007085100000640578020030056070008217430000093060,896725314257341698413689752321964587785132946649578123934856271568217439172493865,38
647001250000028000500000931005800049090150087076000002001006073268000005734010026,647391258319528764582674931125867349493152687876439512951286473268743195734915826,38
008297540090654381000030000009000000003009054000003607081372400370046010940001023,138297546297654381654138972769415238823769154415823697581372469372946815946581723,38
006239080090050601800001009609372100001090002327500900900083005738000000004926003,416239587293857641875461329649372158581694732327518964962783415738145296154926873,38
390010020254000680800052730435007100601504000009006000000005896503809200060201050,397618425254793681816452739435987162621534978789126543142375896573869214968241357,38
000600007000307001000480065560708002042500070730040000953870106016950704004010503,481625937625397841397481265569738412142569378738142659953874126216953784874216593,38
602100000108579360500623008420958730370010800005360201050000009009000020000890070,632184957148579362597623418421958736376412895985367241753246189819735624264891573,38
000000017290008005000050209105930470420500600600020150748315906003060080902007001,356492817294178365871653249185936472427581693639724158748315926513269784962847531,38
020000450000400000000600003000500908067928000982004576790200305304709281208305700,629813457831457692475692813143576928567928134982134576796281345354769281218345769,38
060007023700030060823051700600070000208010437407502601000769000000105900006843500,165497823749238165823651749691374258258916437437582691512769384384125976976843512,38
100906027600200841000001006800643905007120063340000010003009002965802000070304600,184936527639257841752481396821643975597128463346795218413569782965872134278314659,38
000280064028004310400007000004870600260105073087692045005000026003006050600000938,731289564928564317456317289514873692269145873387692145175938426893426751642751938,38
732000109900273840600000320000346980003050702008020034040080291000000003020704508,732468159915273846684591327271346985463859712598127634347685291856912473129734568,38
060020105100007300090041086000030914623409070041005602800002400009000803405360001,768923145154687329392541786587236914623419578941875632836192457219754863475368291,38
080500601006380704007000930060100580805000319100800006024601890631908070050004000,389547621216389754547216938462193587875462319193875246724631895631958472958724163,38
000580170071000000500917030853069720006072358400800001009320506082000000010000283,234586179971243865568917432853169724196472358427835691749328516382651947615794283,38
700406010240018009000079406973000000005104790004700265500000001082001057391000840,759426318246318579138579426973265184625184793814793265567842931482931657391657842,38
000003800809450230203809070090074020100090607070130500901700064700040010040900758,457263891819457236263819475598674123132598647674132589921785364785346912346921758,38
408900200001530874030078000000000506605024980009015400890050002047006350053240000,478961235961532874532478169324789516615324987789615423896153742247896351153247698,38
003280041061573829009001003705032004030090175000010080000040000147008200050006017,573289641461573829289461753715832964832694175694715382926147538147358296358926417,38
850007361600590000020006000007002030206980457008405120462001005900020810000059040,859247361631598274724316589547162938216983457398475126462831795975624813183759642,38
605200041007096238002040006420079653300004170000600800019002407700000002200480005,695238741147596238832741596428179653356824179971653824519362487784915362263487915,38
008070090000002040540100800085407300063058174070930080032840907010603400004001030,328574691196382745547169823285417369963258174471936582632845917719623458854791236,38
209058030040700120300009008051004090030097000900581000000903010793810640080645900,219458736548736129376129458851364297634297581927581364465973812793812645182645973,38
750096100041580963609402800007060050400800039000070640970630000000000310003248007,758396124241587963639412875397164258416825739582973641975631482824759316163248597,38
091005000700800005420003000140000836070306410380149700610054007900007100030610094,891425673763891245425763981149572836572386419386149752618954327954237168237618594,38
000500000972030000508970060310489670726305000009006530897203010060100000100890006,631548297972631854548972163315489672726315948489726531897263415263154789154897326,38
600900002320006790019503608462009500078130406530260000107002000000600100096001004,684917352325486791719523648462879513978135426531264987157342869243698175896751234,38
010008003600543020403027008000350710036700800000800356009000201021009075005280609,217968543698543127453127968982356714536714892174892356369475281821639475745281639,38
918000004304000020070060108000002013003709062002180000090400306027830951806001047,918275634364918725275364198759642813183759462642183579591427386427836951836591247,38
305000004846350009190004002710008040609543701504001000961400000073000400058007010,325179864846352179197864352712698543689543721534721698961485237273916485458237916,38
538724960016805470020009000040100005791000020000248000300972056009000308160080000,538724961916835472427619583842197635791356824653248719384972156279561348165483297,38
102400000306102807087056000749600020000015009210000308000064053523971604060000000,192487536356192847487356912749638125638215479215749368971864253523971684864523791,38
059200040600408500800057306200004019001060030000100652346001275000000463007600081,759236148632418597814957326265384719971562834483179652346891275198725463527643981,38
600025090009671300320080017047000900002908004008040506790206830200850040000790001,671325498489671352325489617147562983562938174938147526794216835216853749853794261,38
837206001000080004000509070085000100640090807900875030090751683008000005500608042,837246591159387264426519378785463129643192857912875436294751683368924715571638942,38
086000700203568090904030800102000600069104005700096410091000038007300960300010047,586941723273568194914237856142753689869124375735896412691472538427385961358619247,38
518902306020037010070000420807190000901060007602080041700009000200300100100426703,518942376429637518376851429857194632941263857632785941783519264264378195195426783,38
000090407700005000802701056560203700100000030200079600008407203050300080026918574,635892417741635928892741356564283791179564832283179645918457263457326189326918574,38
008405702905307060000018509094200010716080025003000008080000070400730080070809254,168495732945327861237618549894253617716984325523176498689542173452731986371869254,38
149070526520009800800020009700260005005030208000000700007950000952304007010687052,149873526526149873873526149731268495495731268268495731687952314952314687314687952,38
306040809070306100040970003500460910010583260060709300030007508005630001027000000,356241879978356142241978653583462917719583264462719385634127598895634721127895436,38
000600009604000300590783462100300047050072906070000805200006581010207600946010000,783624159624591378591783462169358247358472916472169835237946581815237694946815723,38
200041000003500604010309002030805200058016000102493850301058000089702040007000905,275641398893527614416389572934875261758216439162493857341958726589762143627134985,38
900470085007000000005923400020307001050800370074000029043701598700500240500200710,932476185467158932185923467829347651651892374374615829243761598716589243598234716,38
030708009000100080847925060410502006275693048306804000702050000000080090053000070,631748259529136487847925361418572936275693148396814725782359614164287593953461872,38
100009006350107002000065004089253167230670000010000025040002000000704000923016478,174829536356147982892365714489253167235671849617498325748932651561784293923516478,38
500010003400000065009006100065084900084790651003100800030801420801942000040600508,576418293418329765329576184165284937284793651793165842637851429851942376942637518,38
287600915000720043006050082020073150034060000051090400090380000870006291060010000,287634915519728643346951782928473156734165829651892437192387564873546291465219378,38
020000400890010750500809100000001020273600091000237500006100275009020608752468000,321576489894312756567849132645981327273654891918237564486193275139725648752468913,38
209547001047003000063280740000000238032495106601830004000020057706300000000006003,289547361547163982163289745495671238832495176671832594318924657756318429924756813,38
043017098070680543000534200860000129000846307000102000900400702030900080005020010,543217698271689543698534271864375129129846357357192864916458732732961485485723916,38
300002608687509400021060009500004700108006020760203084000405060010300240250600900,395142678687539412421768359532814796148976523769253184973425861816397245254681937,38
000900725090200403700040098234006900006090204000304080809450360502030070300089500,413968725698275413725143698234816957186597234957324186879452361542631879361789542,38
600109080910842350280000000106008035809305601532000900060004003001003007020607004,653179482917842356284536719176498235849325671532761948765914823491283567328657194,38
360000010000010030189030472057000900821060000093005080906050728534000106270000054,365274819742918635189536472457182963821369547693745281916453728534827196278691354,38
000000804005079000106004029367005002900736000051092006003020690000967501070350048,792613854845279163136584729367145982928736415451892376513428697284967531679351248,38
000100690004035102182049703360200010000090000010000208046000900901560037837012040,753128694694735182182649753365287419278491365419356278546873921921564837837912546,38
007030108039001205084000003008520400000010902020304001501090804302648010800170009,257936148639481275184752693718529436463817952925364781571293864392648517846175329,38
795803001010009803030600079000010790000200005104008230029364050070980304000100082,795823641416579823238641579362415798987236415154798236829364157571982364643157982,38
704900030050070001000230406401093007935620008070108003640000750507800310103700000,764981235352476981819235476481593627935627148276148593648319752527864319193752864,38
000007000530028670700000289100002060280730900603000420360080042420053890010070036,892467153531928674746315289159842367284736915673591428365189742427653891918274536,38
003806420400300086060049037000068900000190700900573048840001300017605090300900070,173856429492317586568249137735468912684192753921573648849721365217635894356984271,38
290300400001084090080007060000400620726100904400700000942603500815000376070810009,297361485361584792584297163138459627726138954459726831942673518815942376673815249,38
400006910109004060007031502001002009204690035000100000008340206760019054540207000,425786913139524768687931542351472689274698135896153427918345276762819354543267891,38
109000400028701506000284100030000200290357648080010003006108070012000004050460021,179635482428791536563284197735846219291357648684912753346128975812579364957463821,38
014027368008009075705830000006002000087641529000003406501008000003005002002060901,914527368638419275725836194146952837387641529259783416591278643463195782872364951,38
960000081801906270720000600010000509600000030250071468506027043403069002002000900,964752381831946275725813694317684529648295137259371468596127843483569712172438956,38
601500034805009060304100000100006047007903602502700019900000570700800103003070498,621587934875439261394162785139256847487913652562748319948321576756894123213675498,38
047000000500740002800130090003057260704006000002301070079003001015072030060514927,947628153531749682826135794183457269754296318692381475279863541415972836368514927,38
050890600801704003700003900029086035370009806006305000608040390002608457007000000,253891674891764523764253981129486735375129846486375219618547392932618457547932168,38
500904200006580419901060000800109706670000001190007000310400070080301094069070150,538914267726583419941762385852139746674825931193647528315496872287351694469278153,38
000950760004230005005746000930007400700082390040300500389000042000600830402893050,823951764674238915195746283931567428756482391248319576389175642517624839462893157,38
500078400346020078810403000908631204000009601060000780054090000700546000200017006,592178463346925178817463925978631254425789631163254789654892317731546892289317546,38
004200000197400000000791604001678340005020070076543920009000003718060000403950008,684235197197486532532791684921678345345129876876543921259817463718364259463952718,38
001000800850001042700089316180000027400090050970805003590008004243900080608003009,361274895859631742724589316185346927436792158972815463597168234243957681618423579,38
034050020007000039008390700285001970679020003040069502003500210002073650800002000,934657821567218439128394765285431976679825143341769582793586214412973658856142397,38
038170400000803010000002000972304005800000907000200804390500271685020049007409608,538176492429853716761942583972384165843615927156297834394568271685721349217439658,38
000209003307004290002008001504920007068400912010870405470000000051000304826300100,145269783387514296692738541534921867768453912219876435473195628951682374826347159,38
020901403400000100005000080000600008960870215380510046049706800600108004010490037,728951463436287159195364782251649378964873215387512946549736821673128594812495637,38
032000078090500001057302004008051200004098010070034680049060000013000856605100092,132946578496587321857312964968751243324698715571234689249865137713429856685173492,38
000024003402000500036715420050000209200030104007982605010207006024090050860000740,571824963482369517936715428653471289298536174147982635315247896724698351869153742,38
004000086735806049000429050072365008000000024000200035200680490100050803306040500,924537186735816249618429357472365918563198724891274635257683491149752863386941572,38
000002050006851007800700200000600705680597004070423810003200070050004602008175430,794362158326851947815749263432618795681597324579423816943286571157934682268175439,38
008700050700020008602183040913200865860000074004056000000070080380000027500368091,138794652749625138652183749913247865865931274274856913491572386386419527527368491,38
950020071824001509037600240600000900000090800790500100200000480309045702040170603,956428371824731569137659248685214937412397856793586124271963485369845712548172693,38
023870061900500847047000003106028790002000000790000300019603200600007009278091005,523874961961532847847916523156328794382749156794165382419653278635287419278491635,38
075001840109804760403000210750040000806000004004008571512409007360005000900603000,675291843129834765483756219751942386836517924294368571512489637367125498948673152,38
830129675050000001000070000500000102020785090009060087703900256060030019401002038,834129675657348921912576843578493162126785394349261587783914256265837419491652738,38
000000923100000804390004050904008007700420618060057009208010095039040070007935002,486571923175293864392684751924168537753429618861357249248716395539842176617935482,38
407362008100047200630010740026030087000000030390700002210000506048605021700000890,457362918189547263632819745526931487874256139391784652213498576948675321765123894,38
152300600604105300078000152419050000000806000060400200583764000740000083020508006,152387694694125378378649152419253867235876419867491235583764921746912583921538746,38
790500000060900003050610070005760000080051706076090000020379058007105260018246007,792538641461927583853614972145762839389451726276893415624379158937185264518246397,38
150037260370000401062410070001050007789100005540070026007680500806020730000000008,154837269378296451962415873621354987789162345543978126437689512896521734215743698,38
010600900400093051300020040200018090940300105800009723004200508020850070680907002,512684937468793251379125846237518694946372185851469723794231568123856479685947312,38
400105020600900100351060074040700500060294700037500049000471080004050692500600010,479135826628947153351862974942713568865294731137586249296471385714358692583629417,38
000600000000300040700094806074100080602037501591208370207943050430005000000706039,945681723816372945723594816374159682682437591591268374267943158439815267158726439,38
718054309693080520245009001400970000000400790930020000370040050500307000020500037,718254369693781524245639871456973218182465793937128645371842956569317482824596137,38
425036108009100500001024030006000000000002800010457600062000701047200309983041205,425936178639178524871524936296813457754692813318457692562389741147265389983741265,38
005803000308000760210567000036029001071038000920100030007304000000251600150086403,765843219348912765219567348836429571571638924924175836687394152493251687152786493,38
135700400008003200900800050813209047704080025502070030000930002200140503350000010,135792486648513279927864351813259647764381925592476138481935762276148593359627814,38
460050003050001006038064020910600080046008300025009004500280100080106000001475238,469752813257831946138964725913647582746528391825319674574283169382196457691475238,38
000500690028306007369710200403200006007600104695031870000007509050000048004005300,741582693528396417369714285413278956287659134695431872136847529952163748874925361,38
008790032967000500020800970431508090085020410200140000804670009000481700050000800,548796132967312584123854976431568297685927413279143658814675329392481765756239841,38
000020050600010084905470200862091405001500620547000003050786090700230001030004060,478623159623915784915478236862391475391547628547862913154786392786239541239154867,38
090410300000600107017030065000563409709001053063700000308976010000024038000350700,695417382832695147417832965281563479749281653563749821358976214976124538124358796,38
090040700207306004008000039065002310400100006073965240709050080004800970000039065,396548721217396854548217639965482317482173596173965248739654182654821973821739465,38
006005007200010590904700806340100009071000002009034700028501040493000000605309278,186495327237618594954723816342187659871956432569234781728561943493872165615349278,38
000302005406010723030506100000090010321600908004031506000003004805109600603400290,198372465456918723732546189567894312321657948984231576219763854845129637673485291,38
491050200000000578000026094200000060100070302567030901726100000310080027950200013,491758236632914578875326194243891765189675342567432981726143859314589627958267413,38
805604003610030580200095400061003000000700100089000342056042007378056000002300605,895614723614237589237895461561423978423789156789561342956142837378956214142378695,38
025000000080690750000750100408900020913500407560400930340060070057014000006875004,725148693184693752639752148478931526913526487562487931341269875857314269296875314,38
457800190038000070609040080040182000020000030065000018000200801302610900186409703,457823196238961574619745382743182659821596437965374218594237861372618945186459723,38
907028456000739201000645000265904000070800000008560040052406070000001060000380512,937128456546739281821645397265974138479813625318562749152496873783251964694387512,38
502089360300400897070036020400075000000640700000018000957061043030590008080320070,542789361316452897879136524463275189198643752725918436957861243234597618681324975,38
000201507010087639000630200820370490400000070000096812700900104146008000035100008,693241587214587639578639241821375496469812375357496812782953164146728953935164728,38
542060037001780040830000001704900100060470259050006700006001475318007006000002010,542169837691783542837254691784925163163478259259316784926831475318547926475692318,38
030050004205008637001003502609000070000037006103692040050800000817326409060900700,736259184295418637481763592629584371548137926173692845954871263817326459362945718,38
300029000010008400000703210000036947603497801009280050280375004400000700037900600,374129568912658473865743219128536947653497821749281356286375194491862735537914682,38
800050671004060800007002000762090010080005026451006908090014000140020350278030060,829453671534761892617982543762398415983145726451276938395614287146827359278539164,38
700020000001904705049078200850631400407205300306049850164807003000300004000000070,785123649231964785649578231852631497497285316316749852164897523978352164523416978,38
023008070000710000705920060236487019080000020100206847364800900870590004000060000,923648175648715293715923468236487519487159326159236847364871952871592634592364781,38
005047000000050704700820635060700290090005070073002060346200050809000127027590040,635147982982356714714829635568734291291685473473912568346271859859463127127598346,38
030004087000100400000876309008010062672089040451007008020000053006500200513702090,139254687867193425245876319398415762672389541451627938724968153986531274513742896,38
021400300007002654000783201090615040050040072000270500379520400040900000205004030,921456387837192654564783291792615843156348972483279516379521468648937125215864739,38
540689072800127000001000090008200060002590000060871234050018020009032056000005901,543689172896127345271354698718243569432596817965871234654918723189732456327465981,38
040001000001806040820009070157030900000100032032900150468795200000010008213400705,549371826371826549826549371157632984984157632632984157468795213795213468213468795,38
003080000094300200002095370940100080005709003630020090070813000259070800318950040,763281459594367218182495376947136582825749163631528794476813925259674831318952647,38
005034000030012080210000340090267500760000010350491602900106250027389000000020800,875934126439612785216578349194267538762853914358491672983146257527389461641725893,38
819704030450020100020900007700136895005040360000080002060400020500002608270001950,819754236457623189326918547742136895985247361631589472168495723594372618273861954,38
000060478007310690000700100920680500300120000006450200195270004400501726002004001,513962478847315692269748135921687543354129867786453219195276384438591726672834951,38
070003000005260008600800105203900540507001800069754210080000021921070000350190700,478513692135269478692847135213986547547321869869754213786435921921678354354192786,38
403871009000090432000300180840016395007000020000200071000480906780069053060030040,423871569178695432596324187842716395617953824359248671235487916784169253961532748,38
600052034900043080004078925400701500060439000000000093040060000076305801059004206,687952134925143687134678925493781562562439718718526493841267359276395841359814276,38
409010050000007490700890603097108300804000200300072001000080507503000086168735004,489316752631257498725894613297148365814563279356972841942681537573429186168735924,38
007004000563007004290000017401500706309000401786200050900705000048300005600418032,817924563563187294294653817421539786359876421786241359932765148148392675675418932,38
013740020574060000000130400139400002265000000040600900000070293002814750057920004,813745629574269318926138475139487562265391847748652931481576293392814756657923184,38
690302014200410095800590200400105300009704061000903407900007100050009702040801000,695372814273418695814596273487165329329784561561923487936247158158639742742851936,38
860004900000600000007952000918006500604503090002080064006037850720805006500001273,861374925295618347437952681918746532674523198352189764146237859723895416589461273,38
600000917350000000010080302080205070520731009103800020091000030204057891705000260,648523917352179648917486352489265173526731489173894526891642735264357891735918264,38
100056400050020107420790058809000740060240010040018305200470581000080000001600970,197856423658324197423791658819563742365247819742918365236479581974185236581632974,38
000738091090046080300120465040000009038052040000004038804091052650000010010000874,465738291291546387387129465746813529138952746529674138874391652652487913913265874,38
008005102006010003400009607200003978000600000314000506607520304150030769043900005,938765142576214893421389657265143978789652431314897526697521384152438769843976215,38
009008025002069080000002190060700039070003018953001740000046270406237900000010804,619478325532169487748352196861724539274593618953681742195846273486237951327915864,38
904307600806450370000018400000000056137065920568000003400003007302070008601000039,954327681816459372723618495249731856137865924568942713485293167392176548671584239,38
007800010000601042609270000000500020560912400001048060450069071070400603396007050,247853916835691742619274538784536129563912487921748365458369271172485693396127854,38
386015000175090083002836071000081007009003100800009300000004016200068095008057002,386715249175492683942836571463581927729643158851279364597324816234168795618957432,38
307820560208005003000034182083006000570308001160900030020000357001070240000480006,347821569218695473956734182483216795579348621162957834824169357691573248735482916,38
700600308601000500004700906347060189526000070910370060000100700070296030000457002,752619348691843527834725916347562189526981473918374265269138754475296831183457692,38
250048376048000092007200080704000000000714639003825000000000965370006804596400000,259148376148637592637259481714963258825714639963825147482371965371596824596482713,38
001940025004500180500010400100080750000675201650123890069000000015030900800006510,381947625974562183526318479132489756498675231657123894769251348215834967843796512,38
032760000080003607000508000209070010503924008760300200026180050054602800801030900,432769185185243697697518432249876513513924768768351249926187354354692871871435926,38
000000000090108500043200001300902100250761304067083009000007008026810030418500726,871345692692178543543296871384952167259761384167483259935627418726814935418539726,38
006307200700200080512008300900031042420069000130820790070402900050980100089100000,846397251793215684512648379967531842428769513135824796371452968254986137689173425,38
001042085875109240023580900200873000906001000708600000000058012060000800500206407,691342785875169243423587961214873596956421378738695124347958612162734859589216437,38
070090600490200070200500094960810530730060208000005009000307920609058703007600051,571493682493286175286571394964812537735964218812735469158347926629158743347629851,38
900100003306040001078356209010830090600017008005090002400780000703569020509020300,942178653356942871178356249217835496694217538835694712421783965783569124569421387,38
040092080003704620926318000400003008800546930209080500012000400008009003004001850,547692381183754629926318745465923178871546932239187564312875496758469213694231857,38
085902741200100085001003060030020006000400008928000500610054090057008002893006407,385962741269147385741583269534829176176435928928671534612754893457398612893216457,38
400200100000100073065470290506320019819000020000819546050034082000001600004080050,473298165298165473165473298546327819819546327327819546951634782782951634634782951,38
400207560802630014300049700903000005000306147010000630240500390080000470009700056,491287563872635914356149728963471285528396147714852639247568391685913472139724856,38
008200036700309800639040027045702060902680500863000209000100003000937605007000010,458271936721369854639548127145792368972683541863415279586124793214937685397856412,38
500003490008520003700040050630400100487010305019630000002070010194350086000104500,521763498948521673763948251635487129487219365219635847352876914194352786876194532,38
000200087005010934710490000806000000000870413340509700002107009004682070037950006,493265187265718934718493652876341295529876413341529768682137549954682371137954826,38
001206700407000020806040000050800006100469300009070200318620070260700013975100460,531286794497351628826947135753812946182469357649573281318624579264795813975138462,38
294006000008315040150000706640008013507093024000004000410602007005001802006500091,294876135768315249153429786642758913587193624931264578419682357375941862826537491,38
070061050100504000000028100508607390001900008390285061905170643040000007017030000,872361459136594872459728136528617394761943528394285761985172643643859217217436985,38
000485376000109084054670001007006108060051007000030602670002840020308769003000000,291485376736129584854673921347296158962851437518734692679512843125348769483967215,38
790408056530000001000560002200005763158007000070290510000372004914850000320000080,792418356536729841481563972249185763158637429673294518865372194914856237327941685,38
209700560500042871010630090900480005704000932050320048400000050300000006100590407,249718563536942871817635294923487615784156932651329748472861359395274186168593427,38
800000310900030020301080950000016009294050168186024073009070002620040030010060090,842795316975631824361482957537816249294357168186924573459173682628549731713268495,38
030701600001604000004532700070400080003258007258100436000800961807000350906040000,532781649781694523694532718179463285463258197258179436345827961827916354916345872,38
907056001001070305060000907819007050400005010652891003190003520000000030730582000,947356281281974365365218947819437652473625819652891473194763528528149736736582194,38
000276094934051267620049005009010500800702030300060700000930000700100002408600903,185276394934851267627349815279413586856792431341568729562937148793184652418625973,38
007038650456007830208400090609700500005019300003000910080061270560072003000080060,197238654456197832238456791619723548845619327723845916384561279561972483972384165,38
120000006390600402000210700030840001082009000710350008070520104058090367940760000,124937586397685412865214739536842971482179653719356248673528194258491367941763825,38
400968030000000140307000800160837024054190703003005010090000402040010360038704001,415968237986372145327451896169837524254196783873245619591683472742519368638724951,38
000289007000030005000415809001040000723000408008003650392070000106800932854002706,415289367289637145637415829561948273723561498948723651392176584176854932854392716,38
007000006413002587920700103000817300204906000108003050001004005000070831790100400,857341296413692587926785143569817324234956718178423659381264975642579831795138462,37
726003080000026000540001000052300000170602830380170500060035100418960300000010097,726543981891726453543891276652384719179652834384179562967235148418967325235418697,37
804000700031006204079408000480051692962004500000000843000000035008540100305000920,824135769531976284679428351483751692962384517157269843716892435298543176345617928,37
000602571070003608600000004453009000892000403100030802780300209005200706200008305,934682571571943628628517934453829167892176453167435892786351249315294786249768315,37
400056200350001740000409536080045302032000060005000800203008054008594000004003108,479356281356821749821479536987645312132987465645132897263718954718594623594263178,37
034000280000004069000087034090672001841390002602800305003026700008400020020010003,134569287287134569569287134395672841841395672672841395453926718718453926926718453,37
609070130080600005000008000893000200010809647076520009100086002968002013000150090,649275138381694725257318964893467251512839647476521389135986472968742513724153896,37
045803900972050860030000000000001038004208079200579040300002005708000000409310782,145863927972154863836927154597641238614238579283579641361782495728495316459316782,37
000070605050000100147586203000804000401900300506003000864009001925000806710600950,239471685658392174147586293372814569481965327596723418864259731925137846713648952,37
907340050060002034400000009631005000004060590209400006046201980090630005502870000,927348651165792834483516279631925748874163592259487316346251987798634125512879463,37
437000006510307089809050047003002000050400802702501460008900600290600030000008920,437289156516347289829156347643872591951463872782591463378925614295614738164738925,37
000847950080900000090200000230000001005019300060072485008000162612083540450100008,123847956784965213596231874237458691845619327961372485378594162612783549459126738,37
000089007703060090020003000500701640001030020064050019058920301297300504006500002,645289137713465298829173456582791643971634825364852719458927361297316584136548972,37
309607000006002300005000060002460070080701923510290600708009400290340780003005010,349687152876512394125934867932468571684751923517293648758129436291346785463875219,37
952014080614030200037002400200480009000200040000000000078329050546000900329046800,952614783614837295837952461265481379793265148481793526178329654546178932329546817,37
200056093046703020003008406180040000732010000009072805301080960800960030607000000,218456793546793128973128456185649372732815649469372815321584967854967231697231584,37
094001705005040100162350804300000620940206350020000040000000073010030209073090506,894621735735948162162357894351479628947286351628513947289165473516734289473892516,37
050080000003715068060302051200004000540003100639107040006200007780600003310078600,157486329923715468864392751271854936548963172639127845496231587785649213312578694,37
049230586086007100030080040001004300405000800397108460000070610000000203273800004,749231586586947132132685749821564397465793821397128465954372618618459273273816954,37
008062070000070081097080203073050600005000700460230850809043520600020098700001040,148362975326579481597184263273958614985416732461237859819643527634725198752891346,37
020070050000324809000051000497065230000100094032007508510009000000503042009086015,324978156651324879978651423497865231865132794132497568513249687786513942249786315,37
120964003300500000400000000201456000093002500650098712506800300940007060700005089,125964873387521694469783251271456938893172546654398712516849327948237165732615489,37
850026070620100000731000000002080090483509012900001003098012400047090100206740000,854926371629137584731458269172384695483569712965271843598612437347895126216743958,37
130000050079000601452106070900000080083900012010003040500398407704060803090024000,136879254879452631452136978947215386683947512215683749561398427724561893398724165,37
008370620000050810026008937000804000004000560000005403900062108672501300851000070,418379625739256814526148937165834792384927561297615483943762158672581349851493276,37
800063109603012000100700605040008060730056000500000700000630001200040370367125490,874563129653912847192784635941378562738256914526491783489637251215849376367125498,37
000040000360700841001200500673000000008376900010820073009032756230057080050001200,597148362362795841841263597673519428428376915915824673189432756234657189756981234,37
024960103000001002137400096600003250000800314040502607002610030016000900400080001,524968173869731542137425896678143259295876314341592687982617435716354928453289761,37
000092600012036080306000219000089320800203007103605900400020056030008100600901030,584192673912736485376854219765489321849213567123675948491327856237568194658941732,37
962508071000209000000400009009806103058103007300020006097682015200010700003000602,962538471174269538835471269729856143658143927341927856497682315286315794513794682,37
140806700007001508000273900870900000001560380456708100500120000000009003064385000,149856732327491568685273914873912645291564387456738129538127496712649853964385271,37
402090015600185000085000963007000408000260009009000020001800306736951204004700001,472693815693185742185472963267319458548267139319548627951824376736951284824736591,37
012000850300050109080001000207003605501279300030006970006100207000804091059700060,912347856374658129685921743297483615561279384438516972846195237723864591159732468,37
970400200001097034300002090090783605030000900000009380080074056043000800016920403,978435261621897534354162798192783645837546912465219387289374156743651829516928473,37
490005210005216940026000080051000008064090001008001620000052000000003002512409873,497385216835216947126947385351624798264798531978531624783152469649873152512469873,37
073006009086910372900070600005749000700000561030060900020401703090020100001300820,273586419586914372914273685165749238749832561832165947628451793397628154451397826,37
900007015080020030005096000020000003000470000703050601854600379062739050009580102,936847215487125936215396487528961743691473528743258691854612379162739854379584162,37
000371026001000080006005030060050090003400000708900640180039054520187060009024807,845371926371296485296845731462758193913462578758913642187639254524187369639524817,37
104000280300007014000054000003078460001003750570640903016730805400000300702005090,154369287369827514827154639293578461641293758578641923916732845485916372732485196,37
600508439094000180051003700002000000780090240039004000208005004003409027906782000,627518439394276185851943762462857913785391246139624578278135694513469827946782351,37
702510349001004600000020001086050790000700000973862000608045000504073000020186050,762518349851394672439627581286451793145739826973862415618945237594273168327186954,37
005370608080150000000009001052003000060000907370608210708010000503900164041230079,415372698986154723237869541152793486864521937379648215798416352523987164641235879,37
470030089000900000982407056000700025520841607730000418000100003060350802090004000,471635289653928174982417356814763925529841637736592418248176593167359842395284761,37
809007305006300004200004617007501002024000001315002768000240079000070000790056200,849617325176325984253984617687531492924768531315492768561243879432879156798156243,37
000010802400000300031804000890075230507240080000960107260009000975430600100080705,659317842482596371731824569896175234517243986324968157268759413975431628143682795,37
037002000009010004000070006940006500053004081108700020015040968090301740270000153,437692815629518374581473296942186537753924681168735429315247968896351742274869153,37
504000320370045680098700000000010090009500006001302400006437150040800962085200030,514986327372145689698723541457618293239574816861392475926437158743851962185269734,37
400000607090087024086100390000076800079040053108250006004500008017400500900010032,421395687593687124786124395352976841679841253148253976234569718817432569965718432,37
103060090206950300075000004010602059000000060608509730030816000061405900400790006,183264597246957318975138624317682459594371862628549731739816245861425973452793186,37
670000009900400002200000000000730908805046203300509014000050491082910300049673020,674325189918467532253891746461732958895146273327589614736258491582914367149673825,37
021305480000408029004102007000507801160209004400016003000021005206950700500080000,921375486753468129684192357392547861168239574475816293847621935216953748539784612,37
009100030086300900300470008017230590200005001940610003064021000001503076090000102,479186235186352947352479618617238594238945761945617823764821359821593476593764182,37
305072090090306007000010300700090586006700030000568042608001900900687010010030078,365872491491356827827419365742193586586724139139568742678241953953687214214935678,37
090050002500020008040000005435096817962800004718500000000908003007000901080730426,896157342571324698243689175435296817962871534718543269624918753357462981189735426,37
150040030940000050600001800370085924400003180581024073710008002090000307060000008,157849236948236751632751849376185924429673185581924673713598462895462317264317598,37
700000200400759000061080075003201007004000500980035024809067012030004756006023000,795316248428759631361482975653241897214978563987635124849567312132894756576123489,37
008019700070080600060025304190560008000470000040901562010000807600850100085040290,438619725572384619961725384193562478256478931847931562314296857629857143785143296,37
000000000960008004827300009000247190740190600000600207078030001230001070159876400,413569728965728314827314569586247193742193685391685247678432951234951876159876432,37
001000073600073010030014020879001400426890050015002000104080005053000089008705040,541628973682973514937514628879351462426897351315462897164289735753146289298735146,37
380050140200147083700003902467000200510704098003010000100030009000020500920070036,386952147259147683741683952467398215512764398893215764175436829634829571928571436,37
000034706006059302002600098890000160200010083000300000509480070721065000380020609,958234716176859342432671598893742165247516983615398427569483271721965834384127659,37
020309008184075000900001070750006430403000629600000785349700050070000094200003010,527369148184275963936841572758926431413587629692134785349718256871652394265493817,37
913002847070000526502084000020470003130008004709000600306007009090500070000901305,913652847874193526562784931628479153135268794749315682356827419491536278287941365,37
000006300493008670200940051300087920810260040620000008531000460000000007782600030,158726394493518672276943851345187926817269543629435718531872469964351287782694135,37
470530000000024035053000000008609002700305940964217003007050008210093000000470250,472531869896724135153968427538649712721385946964217583647152398215893674389476251,37
005007004000501000000604001001080603007463002634150800003008790060305020182906005,315827964946531287278694351521789643897463512634152879453218796769345128182976435,37
604052908819067000020000000461700280307098060982100700030009000000810000140003502,674352918819467325523981476461735289357298164982146753736529841295814637148673592,37
700000004130780269269043700405060900010007020826030005000300582502000000047020001,758296134134785269269143758475862913913457826826931475691374582582619347347528691,37
030207190109304000600000500050003020003190400912008736370900804800035009006000350,534267198189354672627819543458673921763192485912548736375926814841735269296481357,37
000100030536400000870600492007360054003945720009700380960070810300000000702000509,294187635536429178871653492127368954683945721459712386965274813318596247742831569,37
001500023000000740450000090708056302645001070100000064000095400004028907570043081,981574623236819745457362198798456312645231879123987564812795436364128957579643281,37
450193086009026004600570000200050040060400032900302000500700090170930605800065001,457193286319826754682574913238657149765419832941382567526741398174938625893265471,37
179000034002000900030009205084091520020084196691000080210000009800900010040200308,179562834562438971438179265784691523325784196691325487216853749853947612947216358,37
004091230106073000002058010040060100000047800508129370407000003209784500000900040,854691237196273485372458619743865192921347856568129374487516923239784561615932748,37
056098012230706084498001007009003000620070030003600000900000025380500000012907840,756498312231756984498231567879143256625879431143625798967384125384512679512967843,37
004360005300518400510000060006070230402950070870400000140090080600040390093680700,724369815369518427518724963956871234432956178871432659147293586685147392293685741,37
400070083070085010380006970002063401094002060000104250030000000608020030020037846,416279583279385614385416972752863491194752368863194257537648129648921735921537846,37
001205040030617085020309007000008524806520001052030700000450196000006000019802000,761285349934617285528349617193768524876524931452931768287453196345196872619872453,37
690040508013080290000960314006070009700500020950016030280000740001400902007000063,692143578413785296875962314126374859734598621958216437289631745361457982547829163,37
560000071007659032000087590382001000700490020000002010000010003195060207630028050,569243871817659432423187596382571964751496328946832715278915643195364287634728159,37
003097640054003009097000200010009052009425300020008000900500810000001064871940503,283197645654283179197654238318769452769425381425318796946532817532871964871946523,37
017050849040000520005980700004003260831726000062500008170090000050408071000000052,317652849948371526625984713594813267831726495762549138176295384259438671483167952,37
000000007038007002709012005470008350020300000053600108040200590302506700695040083,214835967538967412769412835476128359821359674953674128147283596382596741695741283,37
061400000093071840200903067017892006082000004600040009004030001029000408000784003,761428395593671842248953167417892536982365714635147289874239651329516478156784923,37
801265070703014600200000184060070091910406003007900046000008002000040000100657038,841265379793814625256739184462573891918426753537981246675398412389142567124657938,37
700000000495010006100076495000063000000028043640150078867004001001080300350090860,736945182495812736182376495278463519519728643643159278867534921921687354354291867,37
804000200090001400712486395107800000600502741925700800070008603300000080400000002,864359217593271468712486395147863529638592741925714836279148653356927184481635972,37
401000000360070001007008030000840103004001902600009080708104395905002006146903008,481396527369275841257418639592847163874631952613529784728164395935782416146953278,37
042000600908061042000400978519200000003159400026873019000025030000907200000300090,342798651978561342651432978519246783783159426426873519197625834834917265265384197,37
108000000903002018204850603025013907090008106000000280081000052730200801040100300,158369724963472518274851693825613947497528136316794285681937452739245861542186379,37
980461050001000893070903600000106007297048000106000030804020000739014060000039004,983461752461572893572983641348156927297348516156297438814625379739814265625739184,37
005072903800093040190060702050908060000000570030704000016040030007089056089010420,465872913872193645193465782754928361928631574631754298516247839247389156389516427,37
004003095000795100070004803020030901500048000307050008009010000150480309046079502,214863795683795124975124863428637951591248637367951248739512486152486379846379512,37
000002001000108064007400000060080090038791426109000003625803709000007602094056300,946532871253178964817469235462385197538791426179624583625813749381947652794256318,37
000042805204500000058070400100400258582061090940020600760300080401000506820000003,317942865294586731658173429176439258582761394943825617765314982431298576829657143,37
098241005241300908060008401017002800603010042000083190800000350009034000030800000,798241635241365978365798421917452863683917542452683197876129354129534786534876219,37
406000750080070264170600030008040003092005400047000185034958000000002098009007340,426389751983571264175624839518746923392815476647293185234958617761432598859167342,37
400089005928000003100630290300100007802075930500900180000307060680002000000806521,463289715928751643175634298396128457812475936547963182251347869689512374734896521,37
070030601100079805000001009000000902000062547260507103003018700800090304600350208,974835621126479835538621479745183962381962547269547183453218796812796354697354218,37
003004506050820710004006000090200048408007205020048907500480001000300080842071050,283714596956823714174596823697235148418967235325148967539482671761359482842671359,37
072000060610000835050641007000806709061009520400050000023560900086004070109002050,972385461614927835358641297235816749861479523497253186723568914586194372149732658,37
308401009102607038000000400800000704005040006004368020087200040001076203023900807,358421679142697538769583412836152794215749386974368125687235941491876253523914867,37
970003400002090013010002970081006097000930081300021500139068750000004109004300000,975183462462795813813642975281456397546937281397821546139268754628574139754319628,37
006854270000920000270003040000360810814795600003081907401570000005030000090006080,136854279548927136279613548957362814814795623623481957461578392785239461392146785,37
263890540700006000000045030306002850920400703480307210000000080590670000030089400,263891547754236198819745632376912854921458763485367219647123985598674321132589476,37
007006090038704000000003400089060530351048060602105040520380074003009006004650000,247516398938724615165893427489267531351948762672135849526381974813479256794652183,37
300000108084090207000084069860050004900700800040000925000510080438029571507000600,396275148184396257275184369863952714952741836741863925629517483438629571517438692,37
009000500307010204026007098060508940100000085078190630042000800000942056005700400,819426573357819264426357198263578941194263785578194632942635817781942356635781429,37
800040307900730080500100496268900030070000020000800700692457013004380002080206000,821649357946735281537128496268974135479513628315862749692457813754381962183296574,37
024800710000040690860317245608709100215004030003000086007020060050008000000400079,524896713371542698869317245648739152215684937793251486987123564456978321132465879,37
653041000008070356790000004305080940860004503009007168030408020027000400900700000,653841297418279356792365814375186942861924573249537168136498725527613489984752631,37
900040008040021090100579463450602071006087000000904006517403600060000900300208000,975346218643821795128579463459632871236187549781954326517493682862715934394268157,37
060004030530096040000003100203085400850009070000027650005968704009001523007030006,961274835538196247742853169273685491856419372194327658325968714689741523417532986,37
047690200060201473120400090754000300832547069006000007070000800080000004095006002,347695281569281473128473695754169328832547169916328547273954816681732954495816732,37
901000380005306020306020400008002090002000000507000130719054200260019004004063719,921475386475386921386921475648132597132597648597648132719854263263719854854263719,37
009008603500904200800300709357000006040081507080700490008016304600000028704000105,479128653563974281821365749357249816942681537186753492298516374615437928734892165,37
040083092907406305000207004000640903030720006408000020005030000704060200300174560,146583792927416385853297614271648953539721846468359127685932471714865239392174568,37
200000306130490850000631924620004008718300040059000063070108030800203005300000000,294785316136492857587631924623954178718326549459817263975168432861243795342579681,37
000600000840190362360087015794350006000004001500006004070009120003768000000210608,915632847847195362362487915794351286286974531531826794678549123123768459459213678,37
000600190913000000072930000020000015730008246185002379064000531097010080300800000,548627193913584762672931458426793815739158246185462379864279531297315684351846927,37
700610329290400050000032800005020768687050003002800001009048000020001905076500080,748615329293487156561932874915324768687159243432876591359248617824761935176593482,37
830200100100389040604705003000002070062100430007840500240500000706901000391020700,839264157175389642624715893483652971562197438917843526248576319756931284391428765,37
002040000700850006000263700210430050805002940030508001090100032400005608681000570,362947185749851326158263794216439857875612943934578261597186432423795618681324579,37
000009036003402780908006402710060020000090865580000000890640001000271900127950000,241789536653412789978536412719865324432197865586324197895643271364271958127958643,37
089054273000700009003008410007060900001005080036419500502000600064501008370000102,689154273145732869723698415257863941491275386836419527512387694964521738378946152,37
080005973400000618039000540600700801918000007003108200004007130300084020250000406,186245973425379618739816542642753891918462357573198264864527139391684725257931486,37
458000200900030854030058709000309085500070020309006470000000507045291008860000100,458917236917632854632458719174329685586174923329586471291863547745291368863745192,37
028000309100903528309025007080076490000004083000380000004000000000038702750619830,528761349167943528349825167283576491675194283491382675834257916916438752752619834,37
000109030840620179000000000201807500050912040700500012000350000035206081600001354,562179438843625179917438625291847563356912847784563912178354296435296781629781354,37
200460010915070600036051080700000125003500840000000096170846903804000201000020400,287463519915278634436951782748639125693512847521784396172846953864395271359127468,37
832001000007040800900008100010052000783064095000030406041093078009780000070015309,832671954167549832954328167416952783783164295295837416541293678329786541678415329,37
005800100000005080086907235000453610540108029008000500000701952000034071000500064,235846197197325486486917235729453618543168729618279543364781952952634871871592364,37
600034020120650840003100670090205738030010000000780400000000902000078314304900507,675834129129657843843192675491265738738419256256783491587341962962578314314926587,37
700048000236100004800630000084020500003576018000401090002060050018204736000800049,751948623236157984849632175184329567923576418675481392492763851518294736367815249,37
001000876400600105700091000007059400089000062014207908805000620000006587006780300,951342876432678195768591243627859431589134762314267958875913624193426587246785319,37
500006301607000502318240000000460037900050060246700058001000490050600010400010825,524976381697183542318245679185462937973851264246739158731528496852694713469317825,37
068130509000084310013050064030000986200800031689001000006000208070908003802400000,468137529925684317713259864134572986257896431689341752346715298571928643892463175,37
540708612601000003008601500002060035050872146060000000390200400015000000206410070,549738612621549783738621594872164935953872146164953827397286451415397268286415379,37
238005709900300051105000000023000970097203100806950230000560007040000500609000813,238615749974328651165794382423186975597243168816957234381569427742831596659472813,37
056030100700000040080004070014609080060328051802140000008201900649700512000006800,456937128793812645281564379514679283967328451832145796378251964649783512125496837,37
640807000030042780800900204309076800008000007476000032190003408084000300063080009,642857193931642785857931264329476851518329647476518932195263478784195326263784519,37
740900082010086070060500100000050700004123850006090020600005900458019200007302048,745931682319286475862574139231658794974123856586497321623845917458719263197362548,37
064872000010400872270000463040000391100000080700390006420000009001009020930704150,364872915519463872278915463642587391193246587785391246427158639851639724936724158,37
003012680401060095700030024300000006000305941040000800030000462200800519915006008,593412687421768395786539124358194276672385941149627853837951462264873519915246738,37
040130500005400001310000024700000605083516079000902340001000003520304180934000002,249138567675429831318765924792843615483516279156972348861257493527394186934681752,37
912050080000921005000036092100040060000003074000685009006018027081079450090000031,912457683863921745475836192139742568658193274724685319546318927381279456297564831,37
307000500050072400041060237605000004190603870000009065009500020073281000000090753,327814596956372481841965237635728914194653872782149365469537128573281649218496753,37
000000050806240931040193068430008520702031680960050000600004803514000000000600040,193876452876245931245193768431968527752431689968752314627514893514389276389627145,37
534700800900000500801003007000000000045007218000000600493008056782015093050349780,534792861927186534861453927218564379645937218379821645493278156782615493156349782,37
402801756080605040500000008000006130020913007390700000900467021700030800010080604,432891756189675243567324918875246139624913587391758462958467321746132895213589674,37
429000670067040358035607090000100060000490800000000100370961500200038010091024700,429385671167249358835617294582173469713496825946852137378961542254738916691524783,37
700940210001567008094013060207005009000000072003602005009700056000000701172006390,756948213321567948894213567267485139548139672913672485439721856685394721172856394,37
650010070012970000908050000007200040001000205060841307004030126120084500530006004,653412978412978653978653412397265841841397265265841397784539126126784539539126784,37
017806030009007000806359100400073612062090753570000900030000060001004205020080090,217846539359217486846359127498573612162498753573162948934725861681934275725681394,37
005000391091070008048039700010090682007200010682340907034007000100050800500000170,765824391391576248248139765413795682957268413682341957834917526179652834526483179,37
589004001063000700240000980095060000801009006002100000326891450008000603700600819,589724361163958742247316985495267138831549276672183594326891457918475623754632819,37
000430080718950032240080900400070369150009024000004571001000740009040000800610200,695432187718956432243187956482571369157369824936824571561293748329748615874615293,37
402196070078050000090800004800942700060000000009760038703480020500020310906310005,452196873378254196691873254835942761167538942249761538713485629584629317926317485,37
759008104430750800608000057040000060000905008802160500010097080000510790090306005,759628134431759826628431957945872361163945278872163549514297683386514792297386415,37
090800100070942085380060200043007002902438001050600040600080030537100000400070019,294853176176942385385761294843517962962438751751629843619284537537196428428375619,37
294000008010000000087000000000590000031006952500713040150837000803964200940105087,294351768315678429687249531468592173731486952529713846152837694873964215946125387,37
490820035005000078070000091000710803020306049003054107354000080000070000780035902,491827635635149278278563491549712863127386549863954127354291786912678354786435912,37
609000050138400007025670003700006200050004060300251709800500020040800501510940800,679138452138425697425679183794386215251794368386251749867513924942867531513942876,37
480090020000045097060120045006930258000008400008000930032504710009080500600719000,485697123213845697967123845746931258391258476528476931832564719179382564654719382,37
090005010001003000700400900100302005506009723372000890907204106200000309018030502,893725614461893257725461938189372465546189723372546891937254186254618379618937542,37
900400605561207000040000209480069032000840000009000804806900300004586901090074500,927438615561297483348651279485169732273845196619723854856912347734586921192374568,37
000000154054006020020051000207000040581000037006730501800010062300008409410263800,693827154154396728728451693237185946581649237946732581875914362362578419419263875,37
060009430000000060000000000500278394003165728820034605002093006001507000089000257,265789431978341562134652879516278394493165728827934615752893146641527983389416257,37
700004200000098500080073140060410870000356490090027065400080000007030020310940708,735164289641298537982573146563419872278356491194827365429785613857631924316942758,37
708594000006800090405000037001753009964180753350060002000010000870040000609070300,738594621126837594495621837281753469964182753357469182543916278872345916619278345,37
570900006016070000948316000400120085005460100103000400604250090897030050000007600,572948316316572948948316572469123785785469123123785469634251897897634251251897634,37
018320975340070000907081024000000800005003000030240000103097568586032007070060000,618324975342975681957681324294756813765813249831249756123497568586132497479568132,37
005027089024800000908516200186700090300001570050900800890000030400100620002370010,615427389724839156938516247186752493349681572257943861891265734473198625562374918,37
001700025000200003200801000984000012103984000675000000097362000010597206002018050,831749625749256183256831974984675312123984567675123498597362841418597236362418759,37
600040039048001670190700084050003796060250000314907800405170200900080000080030000,627845139548391672193726584852413796769258341314967825435179268971682453286534917,37
001076859600905142090014063900062507070009620016000000002001000759408000000007004,421376859637985142598214763984162537375849621216753498842631975759428316163597284,37
080430100060509704000200985695004200302000078074300506020050000006908000040003651,589437162261589734437261985695874213312695478874312596723156849156948327948723651,37
103000020200105980000000300010008532087302001000061048790024163030000004500600879,153896427274135986869247315916478532487352691325961748798524163631789254542613879,37
845090230060045000701302084000170000174200008200580017653000000020600800008027005,845791236362845179791362584586174923174239658239586417653418792927653841418927365,37
296000000000600081100037002428000030517060800600002000050280047700395068062004309,296418573375629481184537692428751936517963824639842715953286147741395268862174359,37
428651007006903800070800000000206590000009784005700000500087420060095300703060059,428651937156973842379824615847216593612539784935748261591387426264195378783462159,37
508400007040300010739008240000703100000600000070001468080047003005816000427935600,518462937642379815739158246864723159951684372273591468186247593395816724427935681,37
290005007074001506000700000080000013136807000420300708742003060013060000058472001,291635487874921536365784129587249613136857942429316758742193865913568274658472391,37
650100430400500020802034605700200083108907062520000009005010000040600200907050014,659128437473596821812734695794265183138947562526381749285413976341679258967852314,37
080402307003085400214370908021060005000123700000850002002690010140007009000500003,589412367673985421214376958321769845458123796967854132732698514145237689896541273,37
623000419507090602400000570900000807000010053000804000062050790049100385050000126,623587419587491632491623578916235847874916253235874961162358794749162385358749126,37
651083940000904050000600000000000507507302006416078300004007890000200175075800064,651783942738924651942615738329461587587392416416578329264157893893246175175839264,37
059000070013200004072040010190003025506410800708600401000104082087090003300028000,459381276813267954672945318194873625526419837738652491965134782287596143341728569,37
090850200008203079030679000000081920079005300013027005401000090020506100965008000,796854213548213679132679854654381927279465381813927465481732596327596148965148732,37
000005090108000030002001746021070000405213900907604001000040600053090870800530219,746325198198467532532981746321879465465213987987654321219748653653192874874536219,37
070300000105008200048020100790030400350840009402000360500280930827003006000604870,279315684135468297648729153791536428356842719482971365564287931827193546913654872,37
010084000080030105030600874000092006050140002200350000360001248020900700105420603,516784329487239165932615874741892536653147982298356417369571248824963751175428693,37
008690750004000903093570108035702010040080095186900070001009000069000240000400609,218693754574218963693574128935742816742186395186935472421869537869357241357421689,37
504072068000410920079380400005241079040000083706500004000000806068100040007009005,514972368683415927279386451835241679142697583796538214351724896968153742427869135,37
980700504000090030003500800000300205509186047030059160000610400300900071060430082,981763524452891736673542819816374295529186347734259168298617453345928671167435982,37
301276900000430200006950000100064702634002010800519304087040003405600007003000000,341276958598431276726958431159364782634782519872519364987145623415623897263897145,37
100394007300705820700028093520800034000406270063000918215000000074000089000040000,182394567349765821756128493527819634891436275463572918215983746674251389938647152,37
009800003700094080280037400002008500807340090034920000008750300340009605605400900,419862753753194286286537419192678534867345192534921867928756341341289675675413928,37
020013004000480000904000000846300010203051006159600720400000908730890640500200301,627513894315489267984726135846372519273951486159648723462137958731895642598264371,37
048130209000008100010009400601002000902584701800001092087000905090817003000045010,748136259529478136316259478671392584932584761854761392187623945495817623263945817,37
304500017006700000100200605200000170701602950500417300602150703010000000430900500,324569817956781432178243695263895174741632958589417326692158743815374269437926581,36
490000018018609300000820490704308900180006704962005000007002500009703000001054000,496537218218649375375821496754318962183296754962475183837162549549783621621954837,36
004038090000254370308960020057019002060500100000600057016075903900000740040800000,524738691691254378378961524857319462462587139139642857216475983983126745745893216,36
840005000020348105010029030700000820080000910091200047160000704030004650008560002,843715269926348175517629438754196823382457916691283547165932784239874651478561392,36
008640510025837609496510030700005000000000000281006405000080004002760950000900280,378649512125837649496512837763495128954128376281376495519283764832764951647951283,36
300600014470283650960010083050130890000806000680047102100000900000401008800000400,328659714471283659965714283754132896213896547689547132142368975597421368836975421,36
050000067320064850060008103192400578036005090070092000209000005007009000013507000,958321467321764859764958123192436578436875291875192634289613745547289316613547982,36
050000000080904060309760800491050080570002940800040750900400000200890304704506100,657218439182934567349765812491357286573682941826149753918473625265891374734526198,36
002600300001002050000831720000007001090160800160280900006720500400316007728009060,972645318831972456645831729283597641597164832164283975316728594459316287728459163,36
073900000050000009060005000815032000020690815046580020030209680090408000000153092,173926458458317269269845173815732946327694815946581327531279684792468531684153792,36
000857043030602005758900000020576000803000560600340192007480000000700408080290000,216857943439612875758934621921576384843129567675348192167485239392761458584293716,36
000006005690307100050108060105082000060501428084963000030000800407800050008600701,841296375692357184753148269175482936369571428284963517536714892417829653928635741,36
000010004050870913103065008070900005400586732000000009540608397006090050030000020,728319564654872913193465278372941685419586732865237149541628397286793451937154826,36
080153692300000074200804050000460000006000200030015400070538020053920000092700530,487153692315692874269874153521469387946387215738215469674538921853921746192746538,36
003986000000043000806010500000000009005409807009007020001050090930601254524098071,453986712172543986896712543687125439215439867349867125761254398938671254524398671,36
200604700000017023900030400000100230140302605002050910703000146060790000508400300,235684791684917523917235468856149237149372685372856914793528146461793852528461379,36
035000719010003400000090030790250100000070265560100300109600002058904003300005901,635482719917563428824791536793256184481379265562148397149637852258914673376825941,36
400830900900102358008006020096004130700000890035689000080007010674000009000058600,421835967967142358358796421896274135742513896135689742589467213674321589213958674,36
120583070005074002009602500008030009090006700300100820003450290010300057004000068,126583974835974612749612583268735149491826735357149826683457291912368457574291368,36
050000000000750024920030706300540008218367000049210007400070090100090082605080070,756924831831756924924831756367549218218367549549218367482173695173695482695482173,36
300001400800020071006008520260040009958362040040050060000000080087000016012780035,325671498894523671176498523263147859958362147741859362539216784487935216612784935,36
005096400096170520004000089000750030052360090060000275083000740420083000600400300,235896417896174523174235689941752836752368194368941275583619742427583961619427358,36
050800300320107000096300070030415090000602451010709620040578000570000200903000007,157896342324157869896324175632415798789632451415789623241578936578963214963241587,36
009076005670000000058000200026100300093600040081397002865000720037500001000032580,349276815672851934158943267526184379793625148481397652865419723237568491914732586,36
030010000064970302095320600000050098000700234000040165002500800080402000050837406,238614957164975382795328641423156798516789234879243165642591873387462519951837426,36
410092800920000400000300926502030641640059300300104590030006000000900100050803060,413692875926587413875341926592738641641259387387164592138426759264975138759813264,36
900000381207018000138604000500030000300809405600002000095073068000006904810905007,964527381257318649138694572542731896371869425689452713495273168723186954816945237,36
002041000008230000415070000187062500600490001004710006500603000040057300806920005,392541687768239154415876923187362549623495871954718236571683492249157368836924715,36
830002500004000062670054009026040000708006400041090050207065003005900007013280040,839672514154839762672154389526341978798526431341798256287465193465913827913287645,36
001800043405012000900304000520900860648000010000006300700000230800123070310607480,271869543435712698986354127523971864648235719197486352769548231854123976312697485,36
540370980008004071000002060700020603600000805800003010009056430470098200200400098,546371982928564371317982564791825643634719825852643719189256437473198256265437198,36
000195408000020950000800203085070612016050034000060580023009040600004020548030000,362195478874326951159847263985473612216958734437261589723619845691584327548732196,36
002000407906470200004001630000520090600047580000160300000004705000052860027006943,812693457936475218754281639473528196691347582285169374168934725349752861527816943,36
000005710509007002701230000370020100002561040150000908000302009237006050690000270,823695714569417832741238596374829165982561347156743928415372689237986451698154273,36
830290040027040580461305092000500807370129005004700020700400000000900004040800300,835297146927641583461385792219564837378129465654738921793412658586973214142856379,36
000361820063020094005407003000075010500600082000003570600700901000806050257049000,794361825163528794825497163382975416579614382416283579638752941941836257257149638,36
097400508600007204000800010806001340051743000003086090030650001700328000509100000,197432568685917234342865719826591347951743682473286195238659471714328956569174823,36
520090000703245698600030540400609020901700000002580010100302800840070200000000079,524896731713245698689137542458619327961723485372584916197352864846971253235468179,36
000035980084007500000400000100503000860701045040908020090000050201390070678102403,716235984984617532532489716127543869869721345345968127493876251251394678678152493,36
180005000957003810004008097040080001070004006000107039008009000495320100063801005,182795364957463812634218597349682751571934286826157439718549623495326178263871945,36
740000030800950417003000628206000900000070053085004002010008304409610285520000000,741862539862953417953741628276385941194276853385194762617528394439617285528439176,36
080320605060408020290000800951000080007000000830105407008000050019607208076000139,784329615165478923293516874951764382647283591832195467428931756319657248576842139,36
000050030000030000008000056037000504604007219109564387000000070460800095780105043,271956438596438721348721956837219564654387219129564387915643872463872195782195643,36
000702090901046800278310000000065000040000650506027030090670082800950040067008500,654782193931546827278319465389165274742893651516427938195674382823951746467238519,36
971408056056010802040060071510000060009604000060030720080346190005070030000000200,971428356356719842842563971513297468729684513468135729287346195195872634634951287,36
000003805700001203002000641000027000075104300041360027500010030060002450020450910,416293875758641293932875641693527184275184369841369527584916732169732458327458916,36
001004000004800200580200900408000309139008570050300648006005720840003100203006400,321964857694857231587231964468572319139648572752319648916485723845723196273196485,36
090001032000000805851023060060010903214000006030508041670082390049000000000300057,796851432423796815851423769568214973214937586937568241675182394349675128182349657,36
390805007700002658000740023004070060170036000206080000013620574020000000000910280,392865417741392658865741923584179362179236845236584791913628574628457139457913286,36
500309270000058301003047085200764000358901046007000002021000500930070000060090007,586319274472658391193247685219764853358921746647835912721486539935172468864593127,36
930450002020098000046070080000020306207639000069100078000503107004980005050000809,938456712721398564546271983415827396287639451369145278892563147174982635653714829,36
000200100283000094001090080300000026109000000628070000000002008837500209962837415,496283157283751694751496382375149826149628573628375941514962738837514269962837415,36
173000006040020017265710890009000100000040000030870945010900050800050630504030089,173498526948625317265713894459362178781549263632871945316987452897254631524136789,36
040180509168000270305704800000007601010003080000500900423008090007010340950030060,742186539168359274395724816239847651516293487874561923423678195687915342951432768,36
050040000900280507002650010100402706234800051600500040000060000500000638800715094,756149823941283567382657419195432786234876951678591342429368175517924638863715294,36
000080064096237000150964207040000003600050090005008700967000805080670300000040679,723581964496237581158964237849726153672153498315498726967312845584679312231845679,36
406500083398040001105839200000108002080306507000005809042000000639000170007000020,426517983398642751175839264754198632981326547263475819542781396639254178817963425,36
200008460607012300009000001063201800985000000000850600370104950500700106400005038,251398467647512389839476521763241895985637214124859673378164952592783146416925738,36
000702008080000740704000060950021000600487905008030621005319070260850000000006850,136742598589163742724598163953621487612487935478935621845319276267854319391276854,36
000746030120008067706103580000010908004600150315090026500400600000000074400060090,958746231123958467746123589672315948894672153315894726539487612261539874487261395,36
042003008680092000170865000056009800001006000029000000307058246508600079000907080,942713658685492137173865924456279813831546792729381465397158246518624379264937581,36
903000000000083006001200300060120500027495803490300020040030008800040905039016047,983671452254983176671254389368127594127495863495368721742539618816742935539816247,36
085046309907081026000000801200000005560002100710065002009103268050020000020900003,185246379937581426642739851294317685568492137713865942479153268351628794826974513,36
460285000900674028508000000200003000300000074609702305150960000006428100040001700,467285931931674528528319467274853619385196274619742385153967842796428153842531796,36
080304016050000080009780354570431600890270400004090270000000023300040000700503040,287354916453916782619782354572431698896275431134698275941867523325149867768523149,36
000010060007509042021003850102030004809120370700000000380941000900067538070300000,598412763637589142421673859162735984849126375753894216385941627914267538276358491,36
002000649007496010009100030870540061094600783000030950040960308008750006000000000,182375649357496812469128537873549261594612783621837954745961328238754196916283475,36
006270905000846010701950004009400706672000000008702500004007050067020009015390000,486271935593846217721953864159438726672519483348762591934687152867125349215394678,36
034060051000018934801000076000030600080970120697201403700025000300400000500000709,934762851276518934851349276125834697483976125697251483749625318318497562562183749,36
906080301028100000050060807300000078600000013070001500237000980001008032409270065,946782351728135649153964827312659478695847213874321596237516984561498732489273165,36
000003207702405300003012064000000802090208105270500690057600000020107400004800701,465983217712465389983712564541396872396278145278541693157634928829157436634829751,36
246000950057402100103570246001700000060000400400000531710906020090080010008100004,246831957957462183183579246531794862862315479479628531715946328694283715328157694,36
001005097540072061090000540000000005000056402630720008009000000024097056150203089,861435297543972861297618543472189635918356472635724918789561324324897156156243789,36
546002070007000018280030064090006040650400089100000635000078000072960001360004020,546182973937645218281739564798356142653421789124897635415278396872963451369514827,36
921730480406900050700400901230000810000070004560800007045609102600000040100000690,921735486486912753753468921237546819819273564564891237345689172698127345172354698,36
409010027800000010300007409900035000035080040000042035003290564000073098200060103,459316827827459316316827459942635781635781942781942635173298564564173298298564173,36
350070000064000000090406050005003600876542930009687504600050019503090000900200040,351879462264135897798426153425913678876542931139687524682354719543791286917268345,36
075000908042030070930071000386057401400000000009100086000700804000460590864005200,175246938642839175938571642386957421421683759759124386593712864217468593864395217,36
305210007200490385007000010002064803800152004004000000008530600029008000530629000,385216497216497385497385216152964873873152964964873152748531629629748531531629748,36
097030000030025679004006813200600304000040257040070900003267008702001005080004000,697138542831425679524796813275619384916843257348572961453267198762981435189354726,36
004025680500360000036940050600004000000030048400700300300689010008471000140250890,794125683512368479836947251653894127271536948489712365325689714968471532147253896,36
000107900500283710007509000600000209470092003092601007704000002058306001306000090,283167954549283716167549328631475289475892163892631547714958632958326471326714895,36
090000042803000050402700603600001300030006700000539208380000001240150009751083006,597368142863214957412795683628471395935826714174539268389642571246157839751983426,36
036080092010940030000076000600850000500021600240700503350210900060030020120004057,736185492815942736492376815679853241583421679241769583357218964964537128128694357,36
940812506100006400700090010800050649400000200520000081008000004600038120015760900,943812576182576493756493812831257649469381257527649381398125764674938125215764938,36
000005000705980604002043700056107893800000100100000460000060507000291300300574210,643715928715982634982643751456127893839456172127839465291368547574291386368574219,36
089017300207300509046009200403065100000190073102473005000950000000020000020600901,589217346217346589346589217473865192865192473192473865638951724951724638724638951,36
290310007300006290000009300400000070015907403072008005130095000750000130820160700,298314567341576298567289341483651972615927483972438615136795824759842136824163759,36
250000608086020030000846120025309000048075900600008070972600050004002300060054000,251937648486521739397846125725369814148275963639418572972683451514792386863154297,36
086310900000209860500000031209800503000000000000027086025700008801042070960180054,786314925143259867592678431279861543618435792354927186425796318831542679967183254,36
000560900600098000000000035800942050490730810005000400000009074007316290280450063,724563981653198742918274635861942357492735816375681429136829574547316298289457163,36
000403085000700032042058090200000014007340026034862007408500070059030000000084009,971423685865719432342658791286975314597341826134862957428596173659137248713284569,36
072018000040060072036700040005200000009057008000003065080970250004831000607042180,572418936841369572936725841765284319319657428428193765183976254254831697697542183,36
700006024800004905240970006000638000080090000020507038000000060617843009092761000,759186324861324975243975186175638492386492517924517638438259761617843259592761843,36
004936080700425360000000050090000040543000010010300000436897100978010000120040078,254936781781425369369178254697281543543769812812354697436897125978512436125643978,36
031050200000000100800000056970520018254003697080706425308000049000005000095200060,731659284569482173842371956976524318254813697183796425328167549617945832495238761,36
036010040000083500050900080602370090905060073010090062060030000591026038008109000,836715249429683517157942386682371495945268173713594862264837951591426738378159624,36
000106900800302006650908040006010200490000817700200035080023000000009523020061089,243156978879342156651978342536817294492635817718294635984523761167489523325761489,36
803700625000020008502030007000653089605000071940072350000005863001000700300090002,893741625714526938562839147127653489635984271948172356479215863251368794386497512,36
040020369000030704306504000074000190008013000130000080007005801813790405002301000,745128369281639754396574218674852193528913647139467582967245831813796425452381976,36
752043090010007000380000720820400000003060802590070130000600080408009256005084003,752843691619527348384196725827431569143965872596278134931652487478319256265784913,36
160008000008000900745000003006503090500974080074000000001050709090381005452607130,169238574238745916745169823816523497523974681974816352381452769697381245452697138,36
500060000762390000391040700200004860800030045104000093010480632003010000000023051,548762319762391584391548726239154867876239145154876293915487632623915478487623951,36
402180000080679030976004501000000005004000009000900804050090008148000290093841607,432185976581679432976234581369428715824517369715963824657392148148756293293841657,36
004905007100200090900160020700390150309000204000700900015602349003051700027400000,234985617176243895958167423742398156389516274561724938815672349493851762627439581,36
320006080000020160106408302000704200700200019083000040007000003000000824842935670,329156487478329165156478392591764238764283519283591746617842953935617824842935671,36
734000065510004002090150000400000006850003290073040508342095000067002059900600000,734928165516374982298156347429581736851763294673249518342895671167432859985617423,36
010000700006000590000037814001072080079386400680104000000000067125700040907040025,814295736736418592592637814451972683279386451683154279348521967125769348967843125,36
000000023230460500905000001806907000079200680002080907501879000023050009000340150,614598723237461598985723461856937214379214685142685937561879342423156879798342156,36
002907058701500040006400107005000086600350470174090500528000000060080010003070025,342917658791568243856423197235741986689352471174896532528134769967285314413679825,36
060258390820000071409601208071000040050040000004000506500030000780405139000007405,167258394825394671439671258371586942658942713294713586542139867786425139913867425,36
007621004000007201201004000080019030036805029020306080010002073042003908003000002,897621354354987261261534897785219436436875129129346785918462573642753918573198642,36
014006090000700000000201500005104082000053047040028935409000056821300409000400021,214586793568739214793241568935174682682953147147628935479812356821365479356497821,36
005194000000000580000205000507408003000007800400300005756042130931756200842030000,285194376194673582673285491527418963369527814418369725756842139931756248842931657,36
000580634050346107000071950090600000267150000508004700602010300080402000070803000,721589634859346127436271958394627815267158493518934762642715389983462571175893246,36
000018406100040030406090007879150300320007560500032000045070608093060000600020003,932718456187645932456293187879156324324987561561432879245379618793861245618524793,36
060000100479381650010206000008060070600073210030012060250090037387100000000008500,562947183479381652813256749128569374695473218734812965251694837387125496946738521,36
000050200302700059008602410036007040000386721200040000700003160000201500600405098,174958236362714859598632417836127945459386721217549683745893162983261574621475398,36
006201087008340200921008064000082050070000908800700401500600040204050000367120000,436291587758346219921578364143982756675413928892765431589637142214859673367124895,36
000030000000500063800120400308000946200060001960800205680370520540080100103045600,495638712721594863836127459318752946257469381964813275689371524542986137173245698,36
080500409490062070100000008500300010801700023902008007000100790015400382000203051,286571439493862175157934268574329816861745923932618547328156794615497382749283651,36
602709004000010600500000730806307190000095806105000007408000070060971408970008200,682739514739514682514682739846327195327195846195846327458263971263971458971458263,36
008001907390800100000030460170090040006000010000010896009482001804153609000076080,648521937397864125215739468173698542986245713452317896769482351824153679531976284,36
902000510000001009050032070000509003306400090000306000705103000193000857064785031,932647518647851329851932476478519263326478195519326784785193642193264857264785931,36
602007001000029000000008020458091000000000084307000002805914067041062300726850009,692537841184629735573148926458291673219376584367485192835914267941762358726853419,36
000000004400060531035080620704000103381700000009010060512034706600021300800079000,926153874478962531135487629764295183381746952259318467512834796697521348843679215,36
350709040201500009600400358000000710006040090590170082905000000004600027020080965,358769241241538679679421358482953716716842593593176482965217834834695127127384965,36
124070506000506402865002009000020004941063000200094003080001000310000008570200901,124379586793586412865412379637825194941763825258194763482931657319657248576248931,36
100000380600093002890027000062485030300000040080009000071206800206500100038970620,127654389654893712893127465762485931319762548485319276971246853246538197538971624,36
300001000290406150805009640040065000078004506050000420006000394400608007001940060,364581972297436158815729643942365781178294536653817429586172394439658217721943865,36
000000005009650080750030040645070290100080060080046300008405036307012050500700820,831924675429657183756138942645371298173289564982546317218495736367812459594763821,36
070506080089000502260008174700365008890200300053489200000094000040600005100003000,471526983389147562265938174712365498894271356653489217538794621947612835126853749,36
359601070048090012100087509000102780000040005200008000090235001681070000020010900,359621478748593612162487539934152786876349125215768394497235861681974253523816947,36
000000700140200030200008000700680492904703800018000073072030009891000356060819000,386194725149275638257368914735681492924753861618942573472536189891427356563819247,36
000069108009000432081034960743080520000400600006100000050307006108500000937608000,324769158679851432581234967743986521215473689896125374452397816168542793937618245,36
040090001050080000000060800000020700382070004597600200675048309023050018814000076,248397651156482937739561842461823795382975164597614283675148329923756418814239576,36
070800942560000000200070000000000010902140356000506009400010090859720163016908070,173865942568492731294371685635289417982147356741536829427613598859724163316958274,36
030100004400002800010740009000401090000083000041027358009000027720830061160204080,932158674476392815518746239853461792297583146641927358389615427724839561165274983,36
024506008000830904070490060681004250000920600250000703830000000490200000012603090,924516378165837924378492165681374259743925681259168743836749512497251836512683497,36
090065720156003840000000615003700001010030900009001302062040190004000050980026007,498165723156273849237489615623794581815632974749851362562347198374918256981526437,36
045100068020504000031680000092008701073000005500007026019800573007020004008700090,745193268826574319931682457692458731173269845584317926219846573357921684468735192,36
020874013630005408080006590048600705063520080002400030006008000300000000805100069,529874613631295478487316592148639725963527184752481936296758341314962857875143269,36
069310000720069010300700000240080091005040786087195000000006150400030009906000038,569314827728569413314728965243687591195243786687195342832976154451832679976451238,36
083500000500600370610000054000978425978054000050060890090005680800490000005800009,783549261549612378612783954361978425978254136254361897497125683836497512125836749,36
000817653170005029000000070405209006890001500010000000060020907043070100089156040,924817653178635429356492871435289716892761534617543298561324987243978165789156342,36
900020051150070820008104070000015790090000518810400006200549000009063180000000905,976328451154976823328154679632815794497632518815497236281549367549763182763281945,36
891002500032050809006981400004605000960108002000270056607000200200067005100800000,891342567432756819576981423724695381965138742318274956647519238283467195159823674,36
060095000905273400023014500601489020000300084000000160018002600000006840370100200,164895372985273416723614598631489725257361984849527163418952637592736841376148259,36
950160003012300000030597060463000029090000008000020046300058010540700600070230054,957162483612384795834597261463875129291643578785921346326458917548719632179236854,36
006140809709020403040009256400007005067200001200400607000004068000002000970658002,526143879789526413143789256491867325867235941235491687312974568658312794974658132,36
005000070047000000369402150000080060030009700020047583800000405401938620602004009,185693274247851396369472158714385962538269741926147583893726415451938627672514839,36
000900000709281000182503079500409028008005094900030700690000500000058000853796000,365947812749281635182563479576419328238675194914832756697124583421358967853796241,36
000203000402600007000008300003975020000824060008001009064197000900082634025400701,587243916432619857196758342613975428759824163248361579364197285971582634825436791,36
083200064010900080064783200590470308000500076400008501600800000049000000802140600,783215964215964783964783215591476328328591476476328591637852149149637852852149637,36
600800007200910604090360205040502070000480052052030800000008000508209003020140560,634825197285917634197364285846592371371486952952731846413658729568279413729143568,36
030700109001502748000060000350900016479000803002050004584600000096020480103080000,235748169961532748847169532358974216479216853612853974584697321796321485123485697,36
000780003804510600100090000006130925095000137310905840640000000020009070700051400,962784513874513692153692784486137925295846137317925846649378251521469378738251469,36
010050000806000391000000865098060100000103509020090406080000050270005608935080217,319856724856742391742319865598467132467123589123598476684271953271935648935684217,36
003095782702000050056000400509000000860010509024003007201030090000809201090020345,413695782782341956956278413539786124867412539124953867271534698345869271698127345,36
264879500010400800908003400001600080400008052007005009000350004140080305700040908,264879531315462897978513426521694783496738152837125649689357214142986375753241968,36
867054200050003670020060501000390807390780060000400900048030092279000000001070006,867154239154923678923867541416395827395782164782416953648531792279648315531279486,36
841570039050900004000408765000000890000060052000100047000802416009640000160350900,841576239657923184392418765476235891918764352523189647735892416289641573164357928,36
086000190000090000100060003010420680000080001078005024807013246090640005200078309,486357192735291468129864753513429687942786531678135924857913246391642875264578319,36
030467200406100830090500000060300407000000000320748109049201058010805040000004310,538467291476129835192583674961352487784916523325748169649231758213875946857694312,36
670314085000672004010000000940756013700100090020940570030007600000200049061009000,672314985895672134314895762948756213756123498123948576439587621587261349261439857,36
003750006070000400100240509205971004001080205060005000918402007300100002602030900,423759186579816423186243579235971864791684235864325791918462357357198642642537918,36
001408700003019000046500010200004500530000406400005081000923008090840007184706009,921468735753219864846537912218674593539182476467395281675923148392841657184756329,36
108600002930502810405010003000076400060030028004008070000004051003251789500080000,178693542936542817425817693281976435769435128354128976897364251643251789512789364,36
903007240080620095002009008006050007000703604078001520810206753029070000500000000,953817246781624395462539178146952837295783614378461529814296753629375481537148962,36
005021800090006001203489050050000904130004085902805000021008360000000008580037010,765321849894576231213489756658713924137294685942865173421958367376142598589637412,36
000203900000097000917506430000600040000010007000750086741960000000471659605002710,856243971423197865917586432579628143268314597134759286741965328382471659695832714,36
006000009204017000109030000935800100407090200600000000040009652793056080502184003,356428719284917536179635824935862147417593268628741395841379652793256481562184973,36
000300100300014020014290038950002413002040500140006002029400051000500080061009300,295378164378614925614295738956782413782143596143956872829437651437561289561829347,36
001802403300006082085900100002407010016500340700060000560204700100080004400301800,671852493394716582285943176952437618816529347743168259568294731137685924429371865,36
080402307000007900010095002802070500000628704007001068070010800020706103051000076,589462317246137985713895642862374591195628734437951268674513829928746153351289476,36
000683420401009008600002790009100040000800103060524070900078000380260954000000380,795683421421759638638412795879136542542897163163524879954378216387261954216945387,36
000400700000030041100006050015600290792100008804900510009010600470002185001704900,953481726627539841148276359315648297792153468864927513239815674476392185581764932,36
000420060069800300020900708607340295200786003000500087001004006002070831070000050,718423569569817324324965718687341295295786143143592687831254976452679831976138452,36
070412000241000700956700021010004053000005070000100009194300000005208904807900360,378412596241569738956783421712694853469835172583127649194356287635278914827941365,36
700930004309000007000000000500406071004019000190302608930524786200007010600090402,716935824359248167482671593523486971864719235197352648931524786245867319678193452,36
000084010901007028002090056759042000020001097310000200007010030000300672503706800,675284319931567428842193756759642183426831597318975264267418935184359672593726841,36
200100060850000000060300150100504620000600981320000004630009845540700209002800036,293158467851467392764392158189574623475623981326981574637219845548736219912845736,36
005000000609205780003409210500030090060002007900050600001520070736000520008376901,125783469649215783873469215587634192364192857912857634491528376736941528258376941,36
936000124587000000241906050415000900070010030000879000003150060604003000058024000,936587124587241693241936758415362987879415236362879541793158462624793815158624379,36
050791000040008100700042000000109407100004000204830006080017352020986000410020690,658791234342658179791342865835169427169274583274835916986417352523986741417523698,36
002098000000260000983400206800610905020083001000902008000030560300500002065820173,652398417714265389983471256837614925529783641146952738298137564371546892465829173,36
060000304007034600030060802070298140800000056010000900006840001053027080948001200,561782394287934615439165872675298143892413756314576928726849531153627489948351267,36
530040010081502009906700020809010204005000070017425000600190700008070040070050901,532946817781532469946781325869317254425869173317425698654198732198273546273654981,36
005890000000703150703100800600000090000519048500084020231000470460200080908000213,125896734896743152743125869684372591372519648519684327231958476467231985958467213,36
640305900820040050000900000206000013038602507070831009002400105000203400900107030,647315982829746351513928764296574813138692547475831629382469175751283496964157238,36
008014706000607083060000009873591264000038100000400007604070000020850000005106302,538914726491627583762385419873591264246738195159462837614273958327859641985146372,36
000008300700000040109600870002890000010050700978361052001000030054709601307000584,426578319785913246139642875542897163613254798978361452261485937854739621397126584,36
092561083700040000601003000930054000004086900016097020005638000009015300360020000,492561783783942651651873492937254816524186937816397524145638279279415368368729145,36
970000835601000094380790000210009000700123500059000123060018057000600308000050002,974261835621835794385794261213589476746123589859476123462318957597642318138957642,36
050046038803570000006003510008320005000100680010698370000000000375009006682700090,751946238823571964496283517968327145237154689514698372149862753375419826682735491,36
107002000540090800862043107070005000420931078001008400000710200000084300004350700,197862543543197862862543197678425931425931678931678425359716284716284359284359716,36
931000020006408003000193600608040000000860000003000062315070980002084501009531006,931657428576428193284193657628349715157862349493715862315276984762984531849531276,36
000000801109500400600080000214050030008703142003004500026491750075000000401005063,537642891189537426642189375214958637958763142763214589326491758875326914491875263,36
234000005000000080060050020600700409040021008700000062103508047506400003490132850,234816795975243681861957324612785439349621578758394162123568947586479213497132856,36
002300500070192304300070120705060030061003000020780016214007690007609040050000000,192348567576192384348576129785961432961423758423785916214837695837659241659214873,36
000500709004000326070620045800750090000002408009804050400100072100279004200000081,632548719584917326971623845846751293715392468329864157463185972158279634297436581,35
000000000415007000600030100041006000580904000067508419108000302206185000704203001,823451796415697238679832154941376825582914673367528419158749362236185947794263581,35
605074908800360007000000536580600079070000300460791080200030041046000000350006000,635174928829365417714289536582643179971852364463791285297538641146927853358416792,35
000000010269000054030008009900875240020001508758000000691000000075200900042069705,584926317269713854137458629913875246426391578758642193691537482375284961842169735,35
304010000000040070790805004000406093903070400005030000458060709006702500279004300,364917852582643971791825634827456193913278465645139287458361729136792548279584316,35
200504600608009000004670030403001007860920453000000001096000180005796000040100790,239514678678239514514678239453861927861927453927453861796342185185796342342185796,35
030401509000386740040009030800000205790020000002100090000002070280013004370504082,638471529925386741147259836813947265794625318562138497459862173286713954371594682,35
010007000367009000500010367280731950056280000730000000000000000078000005405178693,812367549367549812549812367284731956956284731731956284693425178178693425425178693,35
702160000094008105650030000527000384800000090906004700238007000070906820000020010,782165439394278165651439278527691384843752691916384752238517946175946823469823517,35
200050000081020076506031240034007650600300907907000000400000060790080410060102700,249756381381429576576831249134297658658314927927568134412975863795683412863142795,35
609075030000600000057034090508400000100000400402160080020056040004302000960048312,619875234243691875857234691598427163136589427472163589321956748784312956965748312,35
300000080050000070008079540860791050430806190709400000500264810000900700901007000,397645281654182973128379546862791354435826197719453628573264819246918735981537462,35
600728000004005070700900360080006007100350809050000010091000002572891040460500900,635728194914635278728914365289146537146357829357289416891463752572891643463572981,35
080000000170096050053000000605207000408065003300148590700009000060371008840052100,986523471174896352253714689695237814418965723327148596731489265562371948849652137,35
000507103005060200060290007400006329617300804000850710589470600000005001000000900,892547163745163298361298547458716329617329854923854716589471632236985471174632985,35
012000078708120090000407162004010000000040080001600034520074000430800059106090300,612539478748126593953487162394718625265943781871652934529374816437861259186295347,35
000000000405027900190600302519400030820100400006203100982060040370090500600030800,237918654465327981198645372519476238823159467746283195982561743374892516651734829,35
604000059001205004529800371005060900000050030000070005100700040003020618050680703,684317259731295864529846371845163927297458136316972485168739542973524618452681793,35
045600030807003200900005000000068007650019000100042000020870049700004060390256710,245687931867193254913425876432568197658719423179342685526871349781934562394256718,35
040003000000054310000020405604310589008400231103090740002080174000041000407000000,546173892289654317731928465674312589958467231123895746392586174865741923417239658,35
250390018680002039093006005002000060500600007006278000369801700000900080000047090,257394618681752439493186275872435961534619827916278543369821754745963182128547396,35
007310004001000920504079001000000508009005200450060309900034760043657002000000083,297318654381546927564279831726193548139485276458762319912834765843657192675921483,35
000403608000510000740006201928051000000090035030640000000000570010705406075860012,152473698896512347743986251928351764467298135531647829684129573219735486375864912,35
800570041605341900000920006006192800200807034008000090000085060067409000500700000,829576341675341928143928576436192857291857634758634192914285763367419285582763419,35
200839100008601050010000903050018047083406000760000801820000005000754298000000300,275839164398641752416527983952318647183476529764295831829163475631754298547982316,35
360087000807000006900634005006900400400806159195300708008029000200060000600100200,364587912857291346921634875786915423432876159195342768518429637249763581673158294,35
010026090503700020028090407001040300060000800802000050130000986900001200274600035,417826593593714628628395417751248369369157842842963751135472986986531274274689135,35
000060375600003801000028060500006740070852019160307000350680400010000500000200106,281469375694573821735128964528916743473852619169347258352681497816794532947235186,35
607500308000610500520008617073000985900003040006000070052030401060000009700401800,617524398398617524524398617173246985985173246246985173852739461461852739739461852,35
006070300030400070000300461001004095070200600020013700200840050095002040604907102,146578329932461578857329461361784295478295613529613784213846957795132846684957132,35
021500900070060301068123005750006004000000080000010750090030140030001506040600832,321574968475869321968123475759386214214957683683412759596238147832741596147695832,35
150830000830000014096050080205600009409015060000009025000000090000008407960047231,154832976832796514796154382215683749479215863683479125547321698321968457968547231,35
100003004000040109040091370604038052030520641700000093500080000000370020070205008,198753264357642189246891375614938752839527641725416893562184937481379526973265418,35
001082040000047016000009003000030050070068432420000069542170000009400070600893020,961382745238547916754619283896234157175968432423751869542176398389425671617893524,35
500000703300059046680030000050007000230008070400300509703215000105900430890070200,519864723372159846684732195958647312231598674467321589743215968125986437896473251,35
250480091300100020060050800503040060040200050000000080708690010406020378005807900,257483691384169527961752834573948162849216753612375489738694215496521378125837946,35
000010007007259400100680250306072000052000806014000072000765900000308065070000308,529413687867259413143687259386572194752194836914836572438765921291348765675921348,35
000620050260410090140000286091037625007000400002901070006090030023000040004203000,739628154268415793145379286491837625387562419652941378516794832823156947974283561,35
076005900003000107008670532000104053730000006400507200050200040800056009000408670,176325984523849167948671532289164753735982416461537298657293841814756329392418675,35
002578006507694000600020000060240000003900042014030600026310000370009060090460700,132578496587694321649123875968241537753986142214735689426317958371859264895462713,35
050107690000080050006005170080900020125000904009502086000006009002090010948001067,354127698271689453896435172687943521125768934439512786513276849762894315948351267,35
006900072000040060027053008870500009000087200065100000900075630610090025700360004,536918472189742563427653198874526319391487256265139847948275631613894725752361984,35
204010300078004600610378040000040560040006008590083024931800050005030000000005010,254619387378254691619378245183742569742596138596183724931827456465931872827465913,35
020004000000026479970100620307650290002300856008002013000800000800005000040039160,526974381183526479974183625317658294492317856658492713739861542861245937245739168,35
023406070507013009000007230004978003052004080000502000000600702075300690000705300,123496875587213469946857231614978523352164987798532146431689752275341698869725314,35
085000003003005120000603780002304510018000370070000060206050890890200407450090000,785129643643785129129643785962374518518962374374518962236457891891236457457891236,35
894300010200900000735106804580001009429053070600000080000008100000000902150000348,894375216216984735735126894583761429429853671671249583962438157348517962157692348,35
000070820008396040745800069004200000000037200510080470000140980400028000080060150,963574821128396547745812369374251698896437215512689473637145982451928736289763154,35
047905032500002400003700005300000500006000100710659243000000008431070000805206304,147985632589362471263741895324817569956423187718659243692134758431578926875296314,35
007890050254310600006000030042001003071000200069400170003008504000073806608100000,137896452254317689986524731842751963571639248369482175793268514415973826628145397,35
050492803200837016780000000070100230004006105015000068060000080830670041400000000,156492873249837516783561429678159234324786195915243768567914382832675941491328657,35
830605090400002007060100328020014003054008206390260000003800000000751030070000802,832675194419382657765149328627514983154938276398267541943826715286751439571493862,35
023006049070800200080035060290300180000008920814052370000081000000073600160000007,523716849671894253489235761295367184736148925814952376357681492942573618168429537,35
500480702100000590030905000670500013804002070003700050020054000065803900301200005,596481732148327596732965148679548213854132679213796854927654381465813927381279465,35
000107004840200100070034090000026013400580000702403080605000000310908600980600370,259167834843295167176834295598726413431589726762413589625371948317948652984652371,35
201369000060500004705000930000206893000004600012008475000805040090071000074600500,241369758963587214785142936457216893839754621612938475326895147598471362174623589,35
093005000006000451100087000010060503000040080080530714740096000031074060002103007,293415678876329451154687392417968523325741986689532714748296135531874269962153847,35
531002009980135400070689135190300700007090004050700090300000000700200000800010047,531472689986135472274689135198354726627891354453726891319547268745268913862913547,35
000050004624000800000060703050800032468230500010790600700080300030070400840623070,173958264624317859589462713957846132468231597312795648791584326236179485845623971,35
000438020803900750092700030089000100510093072207000000000580009930010000050060217,175438926843926751692751438389672145514893672267145893721584369936217584458369217,35
000163000028000106000008405504080079207000618081297000000870000070000001942010807,459163782728459136163728495534681279297534618681297543315876924876942351942315867,35
671002008004701520500000607016205030743090800825470061000000070408000000100000080,671952348384761529592834617916285734743196852825473961269548173458317296137629485,35
800200046100000598000008020500607403048100207720800010085019600200080000000060854,859271346172436598634958721591627483348195267726843915485719632263584179917362854,35
830005204051420830060000000973500000020000903400307120317050600000730002502800000,839175264751426839264983751973512486125648973486397125317254698698731542542869317,35
003205000080049073040000080020160835800900000701030000007803200308052007204700310,173285946582649173946371582429167835835924761761538429697813254318452697254796318,35
000160003600083507030207019345670901000000050900030000209000470000026008180745000,572169843691483527834257619345672981726891354918534762269318475457926138183745296,35
700300001004005008300000500008400250070032009502098007263800715007063004009100300,725386491914725638386914572698471253471532869532698147263849715157263984849157326,35
470000002803100500695300107000400600006820470704000000560038014309014050100000008,471569382823147569695382147218475693936821475754693821567938214389214756142756938,35
001307204002160070703240006000000420000070009004091508020015700008030062007900051,861357294942168375753249186196583427385472619274691538629815743518734962437926851,35
008000759000200060406700280000000070013067005640050100009000840080070512251030607,128346759975218364436795281592183476813467925647952138769521843384679512251834697,35
300600070092050830004381062170200609009005320038060005000800200000003056020040007,381692574692754831754381962175238649469175328238469715546817293817923456923546187,35
002137090300960500008052007760509230230600000009000700400006900005040080086200403,542137698317968542698452317761589234234671859859324761473816925925743186186295473,35
030000145040837600006041738300208010019000800200419503100000080000000090083090400,837926145541837629926541738375268914419375862268419573192754386754683291683192457,35
070410030000653080306078190095706820001090000007180900000000010009345070700000403,872419536914653782356278194495736821281594367637182945543867219129345678768921453,35
000025400003094100000070503049000602052043800010256000200100700065002901001007204,176325498523894176498671523349718652652943817817256349234189765765432981981567234,35
405300906060058302021006008500004000140703500730509000603800201809000000204000090,485312976967458312321976458596184723148723569732569184673895241859241637214637895,35
390005600002908000700000098027000003950040006180500420500004031001050064004301079,398475612612938745745162398427816953953247186186593427579624831831759264264381579,35
070050000900007005025046000640790003253080100019030008002000300537020916006000840,371852694964317285825946731648791523253684179719235468482169357537428916196573842,35
148090065006084790009265000590020018002310000080070026900000802004000607005000030,148793265256184793739265184597426318462318579381579426913657842824931657675842931,35
070050240024000135500000009350607908000532070000980023200079000000005362080006090,978153246624798135513264789352647918891532674467981523236479851749815362185326497,35
090040050027010000080030004600078195500300487000009320004001039001500602903020008,396247851427815963185936274632478195519362487748159326264781539871593642953624718,35
000103502137508690082640030060000000000000760050706000006800020000050346925360800,694173582137528694582649137763281459218495763459736218346817925871952346925364871,35
095004076000900000000107900501349807030072615080650000056000081078500000000000569,395284176617935248824167953561349827439872615782651394956423781178596432243718569,35
000619800900200053708005100096000000070031689000908200200403560347050920600000000,534619872961287453728345196896724315472531689153968247289473561347156928615892734,35
400060000086000914205914803000008040052047000014630500100206005020005300000090280,491863752386752914275914863963528147852147639714639528139286475628475391547391286,35
097041350160080007538002014009100073750200000000530000380009402600803090000006000,297641358164385927538972614429168573753294186816537249381759462642813795975426831,35
004807000050900030873000049305020004487050020102470000000060100736591400000004007,924837516651942738873615249365129874487356921192478653248763195736591482519284367,35
500090430970400025040802010005309000026000007730240100067504081250000070000030002,582791436971463825643852719815379264426185397739246158367524981254918673198637542,35
000007109703000850000500703904006312605023080012800075000305000200680000037002400,856237149723491856149568723984756312675123984312849675468375291291684537537912468,35
000006000001230080896070032600010500000800007070345208500620091918050300200100050,324986175751234689896571432682719543435862917179345268547623891918457326263198754,35
020147600053000017000000980009450008530600090286071503040500000100000006065019070,928147635653892417471365982719453268534628791286971543347586129192734856865219374,35
608570004070000803040030097700084905300000040000050270090020400100398750507001009,638579124975142863241836597712684935359217648486953271893725416164398752527461389,35
975604380230090040000020059380001400051000000000839510516200000090106000400007060,975614382238795641164328759389571426751462893642839517516243978897156234423987165,35
300460002001000090060270083900005060135840200806020000000080026092000800080692037,358469712271358694469271583927135468135846279846927351713584926692713845584692137,35
009500200103004780070102496000821003300070008000300000200000817000000360781203904,649587231123694785578132496957821643364975128812346579236459817495718362781263954,35
070000050052000460000000003703609005518040000600510007000130794490286000105007680,371964258852371469964852173743629815518743926629518347286135794497286531135497682,35
300400002000300090409628300000010000296583701010096008000000073860107900037002050,351479682628351497479628315583714269296583741714296538942865173865137924137942856,35
009327500506004230000600190050700600028005001300002000060109020030046019001203400,149327568586914237273658194954731682628495371317862945465179823832546719791283456,35
400000020560800403902007506090410260000908004143500000009100000614005090020030041,437651928561892473982347516798413265256978134143526789379164852614285397825739641,35
043000006650034207700605039530008000080260300010090000800009043105040000070806051,943782516651934287728615439539478162487261395216593874862159743195347628374826951,35
000005380060080927803729006700000815058070009600518003020051008000800000007290000,279645381465183927813729546732964815158372469694518273926451738541837692387296154,35
031870009409003200708005000207008000300001850504039120070390000060080000000216705,631872549459163278728945361217458936396721854584639127875394612162587493943216785,35
005010000040000060170024008308170004000039010701200003023708000580060239610000805,835617492249583761176924358398175624462839517751246983923758146587461239614392875,35
001203764028000950070000000705030820013802405280000000450000007807004310002070040,591283764328746951674915238745139826913862475286457193459321687867594312132678549,35
400302000200516078650700230380020710010803090002160000040050060100000003067009020,478392651239516478651784239384925716716843592592167384943251867125678943867439125,35
200080490000000080000497210001760009000521700700009521802900000030802070906104800,213685497497213685685497213521768349349521768768349521852976134134852976976134852,35
000013625134652708020709430080000000000000000019305087200804000360500000040030570,897413625134652798526789431782941356653278914419365287275894163361527849948136572,35
000300952592006000300092100960087203107000690000900007009800000204670001030200709,716348952592716438348592176965187243187423695423965817679831524254679381831254769,35
000805002000037801001020900830000007900358164014209300050002008240000510000500029,793815642462937851581624973835146297927358164614279385156492738249783516378561429,35
000010958005043100607008423000030007001900805700085002120879004000000061000021700,342716958895243176617598423584132697231967845769485312126879534978354261453621789,35
080209040000038709700001008038057000579100003001003500140700002857000030000304805,385279641614538729792461358438957216579126483261843597143785962857692134926314875,35
004600205057040030090270001508060923900587004100003080469002010000000000025700400,814639275257841639693275841578164923932587164146923587469352718781496352325718496,35
750006308006009520009000401020640900460937200090250080600090000075120006000800009,752416398146389527839572461521648973468937215397251684683795142975124836214863759,35
600000090000079006000080000800105240050000308040830000380940672000260583206358010,628513794531479826497682135863195247159724368742836951385941672914267583276358419,35
000900607076800000004506002310740800068019000740200000650080709400602300100007205,821934657576821493934576182319745826268319574745268931652183749497652318183497265,35
100005320024001560500040008710000030452308000809060050001050000903800275200400001,198675324324981567567243198716524839452398716839167452681752943943816275275439681,35
030007504089520301402000000670400002905000786203700050020000000367008005804010003,136897524789524361452361897678459132945132786213786459521673948367948215894215673,35
700150020300208467000040010520809004908000035000320000000500700285000340070401052,746153928351298467892647513523869174968714235417325689134582796285976341679431852,35
463070289009406010010008460190800075000650100000000830000060001306710048001000050,463571289289436517517298463192843675834657192675129834948365721356712948721984356,35
206097000080060703009000502020050100410000300900400286801509030500704000740800920,256397841184265793379148562628953174417682359935471286861529437592734618743816925,35
910000046000000030005642090000000900048200001702100408274010003150080020863400019,917538246426791835385642197531864972648279351792153468274915683159386724863427519,35
080000243324008900601000070000876001039000680768900024005001000000007068010000752,587169243324758916691432875452876391139245687768913524275681439943527168816394752,35
109000570007941300006750490000000039000020000084310000560174000400200005390865004,149632578857941362236758491625487139913526847784319256568174923471293685392865714,35
100002400008517023003006000030908050000170089000405700842651300016730000000200500,175392468468517923923846175731928654654173289289465731842651397516739842397284516,35
408097000000062048102058007000604053500921064600500000000710426700000305000000079,458397612397162548162458937921684753573921864684573291835719426719246385246835179,35
200000060035764029047029510000008040300145000001007000000000000009352071503470086,298513764135764829647829513976238145382145697451697238714986352869352471523471986,35
706020000021003060300050018400060000000094630503010004070089006002436000600071829,756128493821943567349657218498365172217894635563712984175289346982436751634571829,35
800000600000060000306050000158009326200501094007002810600300108000796050502014007,825147639714963582396258471158479326263581794947632815679325148481796253532814967,35
000762895607080041005034027030200000560910704080070500000005018410307000000000200,341762895627589341895134627734256189562918734189473562273695418418327956956841273,35
000010400000905270004300086000800005109004000286590000320100790005070832907280060,732618459861945273594327186473862915159734628286591347328156794615479832947283561,35
300028650802090000500003002020001070740206000095000260080504020400002806230860001,314728659872695134569143782628951473743286915195437268986514327451372896237869541,35
051040007078650000000008600520089701009013560000506498000000000034107000205034100,651942387378651924942378615526489731489713562713526498167295843834167259295834176,35
006000000000009300500260007060007005371450002005926031029600070013000089054800103,236174958147589326598263417962317845371458692485926731829631574613745289754892163,35
850004030000301568093000200305000490082007003049010826000100080000002719000835000,856724931427391568193658274315286497682947153749513826264179385538462719971835642,35
000047203570082000020069705030020006000003120000690370000010400260050837000730602,196547283574382961328169745437821596659473128812695374783216459261954837945738612,35
640000812800400530000180607078046300496000178300000490000070004060504083000003000,647359812812467539539182647178946325496235178325718496283671954761594283954823761,35
680000705000070090000860040002907800597000021040032070173090402005008037028700000,689324715234571698751869243312957864597486321846132579173695482965248137428713956,35
308050701710003000000140000003060000906002038240801960431008520500014800000000403,398256741714983652625147389183569274956472138247831965431698527572314896869725413,35
023005900000003000075180000060801005540007180001000700704016800196300450208070600,423765918819243576675189324967831245542697183381452769754916832196328457238574691,35
500000003800063500400579021000300000350980102007140356000700204008030000004605710,579821463821463579463579821142356987356987142987142356695718234718234695234695718,35
030078000000900076070145200007029080904000007000751004090063718708000002062810000,239678541541932876876145239157429683924386157683751924495263718718594362362817495,35
050700940290135076000029010806000030900004100043000000400810607130000000769502001,351768942294135876687429513816297435972354168543681729425813697138976254769542381,35
000000002032010006806030017081052703200007681790000250169000000000060028420070009,917648532532719846846235917681452793254397681793186254169824375375961428428573169,35
000000500000056017026007030042570980980060050050000640100700294308024060294000000,817349526439256817526187439642571983983462751751893642165738294378924165294615378,35
100029000700500009004607581041000000000040960360008040602070014400200075003810290,185429637736581429924637581241963758857142963369758142692375814418296375573814296,35
100406003047900000090251040470009350050014089080500004000095000500007060012000935,125476893647983521398251746471869352253714689986532174864395217539127468712648935,35
804001257000200400570030600048060002060503004000809000050906721080700300000350960,834691257196275483572438619948167532761523894325849176453986721689712345217354968,35
360008045400039000008045039807251490006007250000000300004070800080560900000810060,369728145415639728278145639837251496946387251521496387654973812182564973793812564,35
079201080100000709003070610006000807000700506087000000600024000400537061705096240,579261483162348759843975612956412837214783596387659124691824375428537961735196248,35
007000184804000020053004000000030010146002300008046000000380640069020000381069275,697253184814697523253814967972538416146972358538146792725381649469725831381469275,35
501680009008002057090705036080430201900007060000029500020591000007060000109070600,571683429368942157294715836785436291912857364643129578426591783837264915159378642,35
036000100500800029209007386000190008095000600008402005750000290001003800084921000,836249157517836429249517386462195738195378642378462915753684291921753864684921573,35
040015620270000108500700004004080700007543002020006030000100006862390001000020973,943815627276439158581762394354281769697543812128976435739154286862397541415628973,35
209007038000603200008290470580000314700300500000000092840000107000000800127034960,259417638471683259638295471586729314792341586314568792843956127965172843127834965,35
500086010068300500012570000080150074005900003904600100030290040259700800000010050,597486312468321597312579468683152974125947683974638125831295746259764831746813259,35
000006002700010340152030006821903000000080590000007820900100030230790608600005970,349876152786512349152439786821953467467281593593647821974168235235794618618325974,35
025000060000052970007000000501084623740600509600509004070000090209140000060095107,325971468486352971917468352591784623748623519632519784174836295259147836863295147,35
751004080020105030300980571010000000500040008060709000600090704104263800005400002,751634289829175436346982571413826957597341628268759143632598714174263895985417362,35
017094050000000067520007000301000000000351070000480030008200316100978425045000790,617894253894523167523617984351769842482351679769482531978245316136978425245136798,35
003009215150603007079102000015060730007900406260307000000090000026000100001506800,643879215152643987879152364915264738387915426264387591438791652526438179791526843,35
530007910800009025600003048059030070167000004000170002006054180010002050000701009,532847916874619325691523748259438671167295834483176592926354187718962453345781269,35
006407000000618040000300801001006090040003620702004000025039106007002003308701054,186427539953618742274395861831276495549183627762954318425839176617542983398761254,35
080036700100000060600071048000368107006700000001509083000020074700680031300490006,485236719197854362623971548954368127836712495271549683568123974749685231312497856,35
308670024006000000004830000039060201401003060675000009080200410062004097000708600,318679524796425138254831976839567241421983765675142389987256413562314897143798652,35
030000201049200380007000090206030050000020710000005962013090027060100500054672100,538469271649217385127358496296731854485926713371845962813594627762183549954672138,35
700004005800000072900060100206091003000503820500280040009007400007648500040009237,762814395814935672935762184286491753491573826573286941159327468327648519648159237,35
000000301980014050010005090120400080004500912005901400008003060040802109001740800,576289341982314657413675298129437586734568912865921473258193764647852139391746825,35
031200076000600000460319000089700341600040000310890000090027000052460039000008025,931285476528674913467319582289756341675143298314892657893527164752461839146938725,35
650002000000307009700500004806403100000000906000968432003000040005004013468031705,659842371284317569731596824896423157342175986517968432123759648975684213468231795,35
140630020000500480000080630009075000507310006430006070815000762000000158000008903,148639527963527481752481639629875314587314296431296875815943762394762158276158943,35
800000600000081493004020080300956210172004000509210804025008300400009002093000000,817493625256781493934625781348956217172834956569217834725148369481369572693572148,35
000302750900070010760080902300450120070200300100639047200063400400000070600800090,841392756923576814765184932396457128574218369182639547219763485458921673637845291,35
100038005060941083800600910057010008938072001000089007009020106000005000510000030,194238675765941283823657914257416398938572461641389527489723156372165849516894732,35
094130057023705090700040000040570680030900000900210705809426000062000078000000200,694132857123785496758649321241573689537968142986214735879426513462351978315897264,35
123857400500609000469000007000136702006000008000490006600021090200005000890004270,123857469587649123469213587948136752316572948752498316634721895271985634895364271,35
200900140000410607080067590004005080002090000809006230000009004000072010193604052,276953148935418627481267593764325981352891476819746235527139864648572319193684752,35
000010450010500002005003070050982000170300090080070605746005819030008760801000020,328719456917564382465823971653982147174356298289471635746235819532198764891647523,35
002001000604000050085470003019060002230910604008032190720309408000000039000040200,392581746674293851185476923519864372237915684468732195726359418841627539953148267,35
469035107070000000003010000308000600026080705057200804600948500804000060700100409,469835127271694358583712946348571692926483715157269834612948573894357261735126489,35
317950020400300900908026000005090040090000830000005690080000000160503289073209004,317958426426317958958426317835692741692741835741835692289164573164573289573289164,35
020000067600000954540076032007068000000051280860430005080590020095010000000080079,328945167671823954549176832157268493934751286862439715483597621795612348216384579,35
093005004000041009700090800024080500300006042076120390030058000000017003017432000,293865714865741239741293856124389567389576142576124398432958671958617423617432985,35
080470900000801407702005800209358040500000702004009085023006004006007209410000000,681472953395861427742935816279358641538614792164729385923586174856147239417293568,35
278003160001007003000169027040590600000234000015670200003006040860040000007300006,278453169691827453534169827342591678786234591915678234153986742869742315427315986,35
049100000000600409306024001810270045002040000000081602950000260107000098020800307,249158736581637429376924851813276945762549183495381672958713264137462598624895317,35
000039074705180069600004810000405020050270000007003045310000407500840230000301000,128639574745182369693754812931465728456278193287913645312596487569847231874321956,35
000000000002103065100700000804630250000207049075009631561000000380510470000398000,756924183942183765138765924894631257613257849275849631561472398389516472427398516,35
030009000580301020062000073700900060056080200090004700005203604001096000049058302,137629548584371926962845173718932465456187239293564781875213694321496857649758312,35
005030200290574008030100475000300029009700060103020000004019702906250000000400906,475836291291574638638192475847361529529748163163925847384619752916257384752483916,35
040597002700031004100008090400000210001084570030600000082040050005006040074053028,846597132759231864123468795498375216261984573537612489682749351315826947974153628,35
050001394060004580030850600000300008010642739300000062003000906020400870406000010,857261394261934587934857621642379158518642739379518462783125946125496873496783215,35
000000009209006805000291007700008900000000080580900034478025690000039078600480150,367854219219376845845291367734518926926743581581962734478125693152639478693487152,35
000900007005270048267000910820500000090800000501709820083005000072130009600020180,348951267915276348267384915824513796796842531531769824183695472472138659659427183,35
006100047804000153030000069002060085301000024708940010409620071007000600020000090,296135847874296153135874269942361785361758924758942316489623571517489632623517498,35
090376000670004900000200736000010080020609007710025009307580600200040051100900003,892376514673154928451298736936417285528639147714825369347581692269743851185962473,35
560081209903760040100309000050010080300057064410090500000900050000008092009006018,567481239923765841184329675752614983398257164416893527831972456645138792279546318,35
009800740000724003270500800910060370620040000000195000002000610001082000700051428,359816742186724593274539861915268374628347159437195286842973615561482937793651428,35
000720085001000007002508364280000009000003700004870016718365000500204800009080600,643729185851436297972518364287651439165943728394872516718365942536294871429187653,35
000187020170200406005940800089305000640000035350000908500402009800501000020800050,964187523178253496235946817789315264642798135351624978517432689896571342423869751,35
009000570000004080100003094000208317000500600602130400706395800820001905050002060,249816573537924186168753294495268317371549628682137459716395842824671935953482761,35
900417600000620005000905407090040502841502700060000040000009000179080006080050109,935417628417628935628935417793841562841562793562793841356179284179284356284356179,34
305120800100004060840300002001089003698005401700010000207901006000508200006200000,365127849172894365849356172421689753698735421753412698237941586914568237586273914,34
000009710017480609906702000070040001000901208160200540700800050008006090650007000,584639712217485639936712485872543961345961278169278543791824356428356197653197824,34
040359068000800247060700950500020000000400005407510006185200000000005602070904080,742359168359861247861742953513628794628497315497513826185276439934185672276934581,34
510009307870006020209003600300004708080001062600000000000075210035000040160908003,516429387873156924249783651351264798987531462624897135498375216735612849162948573,34
381740600005060031060000075090230000008004006004590020000400263000007009400023087,381745692745962831962381475596238714238174956174596328817459263623817549459623187,34
702600010315080946900503702000875000078000001204036070003051000000300050000900400,782649315315287946946513782631875294578492631294136578463751829829364157157928463,34
300600014000050627020800005060400501030006082080003009900204000046180973100000200,395672814814359627627841395769428531531796482482513769973264158246185973158937246,34
008000350523800600790300000009000000001035200002167905037020016285006000104003000,418679352523841679796352841359284167671935284842167935937528416285416793164793528,34
649000003050002400000004080300000800700500602060478030001007300076800921038100706,649785213857312469123964587315296874784531692962478135291647358476853921538129746,34
200106740601034800030090000000210057070080090902675430000960000005028010009500000,298156743651734829437892165384219657576483291912675438823961574745328916169547382,34
507000200000047010090300405800000000150000047034100600000003050080975062005216834,547691283328547916691328475862734591159862347734159628216483759483975162975216834,34
540200003310000002000300645095180000002463007000090280054800030007001009001904700,546279813318546972279318645795182364182463597463795281954827136827631459631954728,34
960021083000000600000046120007500000620108000540600870000050062076803000400060318,964721583712385649358946127187534296629178435543692871831459762276813954495267318,34
600009040070810305003720160030090401800000070700000603368050700047003000095070030,681539247472816395953724168536297481814365972729148653368952714147683529295471836,34
503000002708020450012035078000603000054792000000540000036000000020064800980000346,543987162798126453612435978279613584854792631361548729436859217127364895985271346,34
420000380000008090030049705000597030003002509950163420000005017000600040060800002,429756381576318294138249765842597136613482579957163428384925617295671843761834952,34
694230801003081000078000000000094003010600758002570004900060500246300000030010040,694235871523781496178946325857194263419623758362578914981462537246357189735819642,34
400005873090078042038246009000007006007000100000521008800102000610059000000080201,426915873195378642738246519251897436987634125364521798843162957612759384579483261,34
740125906000000003890000051350281000102070530000003010000500628005000090268009000,743125986521698473896347251354281769182976534679453812937514628415862397268739145,34
000000080001000205768320914000007060100602300800030107032051400010040600000260501,253194786941876235768325914395417862174682359826539147632951478519748623487263591,34
804030570000051080005849300007080000902000805050900760070098600080000107400310008,894236571263751489715849326637185294942673815158924763371598642589462137426317958,34
092054000004070020000000500405367090067009104080400003021046300900520407040900000,192654738654873921873192546415367892367289154289415673521746389938521467746938215,34
070048065408650070002791004005009410710000920600000000003086000850920300090000008,971348265438652179562791834385269417714835926629174583143586792856927341297413658,34
000078090060004187000000300305417000600005470140800903800203500000700030903040708,534178692269354187718629345395417826682935471147862953876293514451786239923541768,34
900006000017000000030009600876521040152000876000060102000207590001005068000604700,984176235617352984235849617876521349152493876349768152468217593721935468593684721,34
900078010000002008007004962070000006419006807065000091730000000102085003008740020,926578314341962578587314962873491256419256837265837491734129685192685743658743129,34
804700039060009002000800000607000080000603010900085673010400027000360008089520301,824756139765139842193842756637914285258673914941285673316498527572361498489527361,34
900020806061007400400060003004310200310200000200054081046000029090006700780000160,937425816861937452425861973654318297318279645279654381146783529592146738783592164,34
060000750709046800000070400905600041000598006000134085090000538000003090008069100,462381759759246813813975462985627341341598276276134985697412538124853697538769124,34
100500004050264701026301908090000070070005002001783490005000010040100580000050040,137598624859264731426371958594612873378945162261783495785429316942136587613857249,34
000040000020103700510090208739624010260805309000300024000900080840000000092080030,976248153428153796513796248739624815264815379185379624357962481841537962692481537,34
103200040040003009009400003851000490000081030237000800568100070000094508000658000,183279645645813729729465183851327496496581237237946851568132974312794568974658312,34
004059670905000802067040050350020090000010020000490000000280904000105280700030165,284359671935671842167842359351726498849513726672498513516287934493165287728934165,34
705300004003000008040080600500863001002000080308200500090050803030600415001730209,785326194623941758149587632574863921912475386368219547296154873837692415451738269,34
306157000004900500700002630000096100600015840000300060863000200057400006000608095,396157428284963571715842639438796152679215843521384967863579214957421386142638795,34
006080591005326400700000602401002000078090003030078109100060980809100006060000000,326784591915326478784915632491532867678491253532678149153267984849153726267849315,34
000009000000000716000070800000806000068502000325004968451907000009328450000145009,716289534892453716534671892147896325968532147325714968451967283679328451283145679,34
000900086780240005905768010300800150150000000000105000600400500000680091001530028,214953786786241935935768214367824159159376842842195367628419573573682491491537628,34
580960703710005496000000582000000250300500600000000078805040060100308020920600030,582964713713825496496137582641783259378592641259416378835249167167358924924671835,34
020000001004160932600000008005400000006723589073000014062000145400000090930040006,329854761584167932617239458895416327146723589273985614762398145451672893938541276,34
005001060104020530002803410017680000000090041000174026000010000740200095051000300,385941267194726538672853419417682953268395741539174826823519674746238195951467382,34
000081050900342008081960000134000009006134080508206040007000800800000000429013000,342781956965342718781965324134578269296134587578296143657429831813657492429813675,34
300002600002000000960058004000689005089000001020004890045091360806000907090830002,358412679412967583967358124174689235689523741523174896245791368836245917791836452,34
071065000560493080000000650003040100740006093010309008037001000000700800180900340,871265934562493781394178652923847165748516293615329478437681529259734816186952347,34
040010000001509000956027000009070386000290000007600500100936200070800609600052048,742318965831569724956427813529174386368295471417683592184936257275841639693752148,34
030005000095704083700830000300940700200050600040000035000070200180560900470182300,831695472695724183724831569358946721217358694946217835563479218182563947479182356,34
000490063300051090004060800620080309000026705080040020030012908000970004800000502,158497263362851497794263851621785349943126785587349126436512978215978634879634512,34
000059300000018000540700008804300210007026804010084030720000490000270080605903000,168459372372618549549732168854397216937126854216584937721865493493271685685943721,34
000007039000009052000452680840000000500800006360001074086203700230745000050000210,425687139678139452193452687847396521512874396369521874986213745231745968754968213,34
062000000000004090480629010000960020796150000015403000000008002009006050621305087,962531748153874296487629315348967521796152834215483679534798162879216453621345987,34
082000507500208000000750000240000008000870200000024603370480905900037824020006001,182649537537218496496753182249365718653871249718924653371482965965137824824596371,34
409006071300017000007009000070000800803570149094003000938000000740030052605740000,489356271356217498217489365572194836863572149194863527938625714741938652625741983,34
950070416000200000873000200005000103000103500000504092000600940130905020040820630,952378416614259378873416259465792183297183564381564792728631945136945827549827631,34
010507620006800000905002014000004000090200105000060200183470900269000400050920380,418597623326841579975632814832154796697283145541769238183475962269318457754926381,34
004010537108075040003009601630204800500190000001003005000600200800002090020940060,294816537168375942753429681637254819542198376981763425419687253876532194325941768,34
908357004040009705050201080609000408000184600001000070006512000094003000010090060,968357124142869735753241986639725418527184693481936572376512849894673251215498367,34
013080560008050019000001070020500040300000005090070000034008006659103207080690430,913487562478256319265931874826519743347862195591374628134728956659143287782695431,34
800501006200976384090304020400705069609240010000060040000000000302000490040030050,834521976251976384796384521423715869689243715175869243567498132312657498948132657,34
512400068000036050080025004030200000070300502025098003050000020001047830098000400,512479368947836251683125794136254987879361542425798613754983126261547839398612475,34
206910007578006030103050004035002900900300008000691703009007005300004600004200000,246913587578426139193758264735842916961375428482691753629137845317584692854269371,34
000031700085240060000087904000096530500802009004005007000050400851004300027903000,942631758785249163136587924278496531513872649694315287369158472851724396427963815,34
807105006306708020001603800000500463000000900900360008659007080700080000002906004,847125396396748521521693847278519463463872915915364278659437182734281659182956734,34
470006000800703020200080740005230800080090200327000495500000908700010304008004600,473126589859743126216589743945237861681495237327861495534672918762918354198354672,34
005087410000400050400000000050070021002350007004000005709103006100060704568700132,235687419687491253491235678356874921912356847874912365749123586123568794568749132,34
903080620748020139062900080301000060000200003270000000000150390000008200105003076,913784625748526139562931487351849762894267513276315948687152394439678251125493876,34
700000806000800004862704090025480309097050000008300650000068907000040005070200160,741593826539826714862714593625481379397652481418379652253168947186947235974235168,34
070090026004062007000500000900250004740010065602000801009030700007020603536704000,375498126894162537261573489918256374743819265652347891129635748487921653536784912,34
001600200900020130000310000006058040240900078000000601524103000300806425000040903,431689257968527134752314869196758342243961578875432691524193786319876425687245913,34
080309074000002005274001930098230000400005098500000400700000309861000700040020061,185369274936742185274851936698234517423175698517986423752618349861493752349527861,34
058000407000850006009047000000630000580192000036085902070000623000060008060078150,158926437743851296629347581291634875587192364436785912874519623915263748362478159,34
008020100002509000500006000084952710025670403010340509000000040200005378003004000,768423195432519867591786234384952716925671483617348529156837942249165378873294651,34
801056700700803250000000010612405380007000020008000075000000502524030008000500937,831256794749813256265794813612475389457389621398621475973168542524937168186542937,34
000008302570000100200091070485302010002100580700805036050200790020900000097000020,961758342578423169243691875485362917632179584719845236354216798126987453897534621,34
050089710010005090000021654620000100300070506700000000502090000960010270038257000,456389712217645398893721654625934187349178526781562943572496831964813275138257469,34
009507400241009073007001006013000008000003004000080035700005649100690380900000201,689537412241869573357421896513942768876153924492786135738215649125694387964378251,34
020000760000160200076082300005746802064018003081300607000001500002004000000920006,528493761439167285176582394395746812764218953281359647643871529952634178817925436,34
000200000006009000710300068602590830003062500051840720000900001007415003040030002,534286197826179345719354268672591834483762519951843726368927451297415683145638972,34
200870631800106000006205000050091260000402057402000090614000000900604720500003000,245879631879136542136245978758391264391462857462758193614527389983614725527983416,34
000200040000008073070046518096800000023600004008321007267000030001000000980105760,815273946649518273372946518796854321123697854458321697267489135531762489984135762,34
090000006080627049000934100000492000008001920000080010007006500024059080000178062,493815276581627349762934158176492835358761924249583617817246593624359781935178462,34
000706200205304700000000308002850000000102835853900000670020000030601502020409010,384796251215384769796215348162853974947162835853947126671528493439671582528439617,34
010009500003000690092507014935784000000062000026903008007000000400095300050078001,814629573573841692692537814935784126748162935126953748387416259461295387259378461,34
613290050040800001875630004380006000020000006060540300100060700000020103002080409,613294857249857631875631294387916542524378916961542378138469725496725183752183469,34
004000073000502906600071245003057409070960830000100750030000018400006300000703000,524689173317542986698371245183257469275964831946138752732495618459816327861723594,34
460195870200000090509800030000080509900000003348000000030046700175000900604050028,463195872287634195519872634721483569956217483348569217832946751175328946694751328,34
320040057000000600069071080800603405001007369000150708080000502000060900004005036,328946157715832694469571283872693415541287369936154728683419572257368941194725836,34
000000205034020678090760000700083029000007043040209000600074012080032900203090000,876341295134925678592768431765483129921657843348219567659874312487132956213596784,34
000270094930600502002403000009002407000016050500730619200047900090008040000300001,816275394934681572752493186169852437347916258528734619281547963693128745475369821,34
004000590890000001170000400900085240740900803058020009000001080480000915509430000,234167598895243671176859432961385247742916853358724169627591384483672915519438726,34
428050300000080150005003000081039000670002900900706010506000091810060000042098500,428951376367284159195673482281539647674812935953746218536427891819365724742198563,34
160528900379104000008370401000703000000080000001290047002010050400806200800002004,164528973379164825528379461295743186743681592681295347932417658417856239856932714,34
000500700000007008710830040090060204003400000204008503180900020006081059059620007,938546712645217938712839645891365274563472891274198563187953426426781359359624187,34
000057000200000078005000900006030789413908620980060300050014000390020000640380050,139857462264193578875246931526431789413978625987562314752614893398725146641389257,34
962400000000180060800600500009240100038000005020310679301070200004500000780900051,962453817543187962817692543679245138138769425425318679351876294294531786786924351,34
000000010150020900090501032963005080000030054570018003200380400600007000040100368,382964517157823946496571832963745281821639754574218693215386479638497125749152368,34
070800916000403500008691730600020089800036040000910007000009472900200000002005003,374852916196473528258691734637524189819736245425918367581369472963247851742185693,34
090020314682000005031000820000007200075062148906800703700004001040000000000790080,597628314682413975431579826814357269375962148926841753769284531248135697153796482,34
300000850258304060160008003000600340000971200680003100805410000019000530006000900,394167852258394761167258493971682345543971286682543179835419627419726538726835914,34
000300090070000206000208304000000750843715000001006840509680010017590008000001029,286347195374159286195268374962834751843715962751926843529683417417592638638471529,34
304096051080075340700000960007000000100020030040600270402060009001000000030951427,324896751986175342715234968257483196169527834843619275472368519591742683638951427,34
004801000230649850180300000000018420000090710800403000506000000028934160400000080,964851372237649851185372649659718423342596718871423596516287934728934165493165287,34
974500006800749201051060970100000000007254003000800007069020510000105000500600002,974512836836749251251368974183976425697254183425831697369427518742185369518693742,34
801000030040532108532800000425300007060025010010009504007000002000003791000007400,871946235946532178532871649425318967769425813318769524197654382654283791283197456,34
000981725000004108001000400005496000040020500200030649100070300780540001050600007,634981725527364198891257436375496812946128573218735649169872354782543961453619287,34
300906000008020005960004302780000450401700629020415083000071006036000000800000500,372956148148327965965184372783692451451738629629415783594871236236549817817263594,34
200801470400620000000047206594100807602000009870900000740205100000006704030000050,269831475457629318381547296594162837612783549873954621748295163925316784136478952,34
590371206000080900608000001246000000975000060380462000019030020002090000860004090,594371286137286945628945371246759813975813462381462759719638524452197638863524197,34
078001040405607000900050760780103006000098004100000809890300657302006900000010000,678931245425687193913452768789143526256798314134265879891324657342576981567819432,34
000900027309287051800000394008000400006000780053070162030008040004090000280406000,615934827349287651872561394798612435126345789453879162937128546564793218281456973,34
050020846002060157000105002000000000080700200004050009903087000478500963020906400,157329846392864157846175392235698714689741235714253689963487521478512963521936478,34
008007000405300972290005081371090040600731000052800013003000000009180000010073000,138927654465318972297645381371592846684731529952864713723459168549186237816273495,34
520871060000000010180006052870010020090402080046700030000507800050089000000604075,524871963639245718187396452875913624391462587246758139463527891752189346918634275,34
402007193000009000003040506200700340340005610610000250031490000000073020024000030,482657193576319482193248576258761349349825617617934258731492865865173924924586731,34
070009080009040701248070006700090804480700903002400500500000100000010605010563009,175639482639248751248175396756392814481756923392481567563924178924817635817563249,34
329004500000050000805092640672048039030000005504000006000400891190000000457000060,329764518746851923815392647672548139931627485584913276263475891198236754457189362,34
042000000000020051001007900006000039809004007007098420060701390394050070008040065,942516783783429651651837942426175839839264517517398426265781394394652178178943265,34
150400037009800500007501409908000000020380070710006000000708050001620040562004700,156492837249873516387561429938157264624389175715246398493718652871625943562934781,34
764908002000030007000700000802570490507090120009021070000409000100000904008152060,764918532981235647253746819812573496537694128649821375376489251125367984498152763,34
002010000006080002003250416000000800619700000307005109001090075005100090060573201,572614983146389752893257416254961837619738524387425169421896375735142698968573241,34
040000726030070800600184935002840069854000200060000058280409000300200090005000000,148593726539672841627184935712845369854936217963721458281459673376218594495367182,34
301050000000010000040000803470100000850000160010500004102905007508047320704321080,381459276627813459945276813479162538853794162216538794132985647598647321764321985,34
300064709729005600614209000003406807006000000097010000008041900001602070900000400,385164729729835614614279385153426897246987153897513246578341962431692578962758431,34
320000040900046000040308000500083010209560304003000065070604008004800071892005000,328951647951746823746328159567483912219567384483219765175634298634892571892175436,34
935802100000000590400903002000064010003500000000000250019005427204601035050007900,935872146827416593461953782582764319193528674746139258619385427274691835358247961,34
700901308009280407000600090600405002000007009004120730300700250000006004097500083,746951328519283467832674195673495812281367549954128736368749251125836974497512683,34
004670000002001603000520041290164057016057000000902000020000705579000036040000008,184673529952841673367529841298164357416357982735982164821436795579218436643795218,34
207003001003615002060927300049008607518070900020009000600000408800700000900004070,297843561483615792165927384349158627518276943726439815671392458854761239932584176,34
200076019000002004000980500002000148076004290081509030000035070700290000060107900,235476819198352764647981523952763148376814295481529637829635471714298356563147982,34
000000070000080004070004156007260315300800029629005000062071900030408000040600730,294516873156783294873924156487269315315847629629135487562371948731498562948652731,34
090004200070005000080963007038091720050300910009500060013007006004600000065130002,396714258471825639582963147638491725257386914149572863913247586724658391865139472,34
008041070509060000040570000000003405410000080683015090030000900900030150157006034,268341579579268341341579268792683415415792683683415792834157926926834157157926834,34
000629040600704850700100206000200513270301008300090470506900030007000600031000000,158629347692734851743185296869247513274351968315896472586972134927413685431568729,34
200980005000400007403200198014002000000804250032760001008045700000020000300698500,276981345981453627453276198814532976769814253532769481698145732145327869327698514,34
000001007070890000002500006257008003006903000001270600100000060708609502093102804,869321457574896231312547986257468193486913725931275648125784369748639512693152874,34
200081600030200000080700902008900021973120806100600000000005000090002503360407208,249581637736249185581736942658973421973124856124658379812365794497812563365497218,34
000090710900710603107600495000050904008024000200007000000500070485279301000360000,836495712954712683127683495371856924568924137249137856613548279485279361792361548,34
916300000024009080003005106050706002000000041380000060200040670760500409109007020,916378254524619783873425196451796832697283541382154967235941678768532419149867325,34
300000076009130005082069400005270000700913040090400020900000000007600834038507060,314852976679134285582769413845276391726913548193485627961348752257691834438527169,34
409001080873000000160730945008940100020006009004010003000150028000073090905800000,459621387873594216162738945638947152521386479794215863347159628286473591915862734,34
402056700056100040009000006090328051000090030000560900007003820043280107000600400,432856719856179342179432586794328651561794238328561974617943825943285167285617493,34
000627805040100006620048000000481000001006500096000080054010269803062407000700000,139627845548139726627548931275481693481396572396275184754813269813962457962754318,34
460300890300008600005006000709840060004002500023090184036000458007580000000003020,461327895372958641985416732759841263814632579623795184136279458297584316548163927,34
106000500450000000072548010835409007040107305217000469080001000000000090003800600,196732548458916732372548916835469127649127385217385469984671253761253894523894671,34
060805001000001060030009000046907000503006980980020140702310090310008700690000004,469875231875231469231469875146987523523146987987523146752314698314698752698752314,34
080000050039080702000009000804096005796005200300800970007040028040068007200957000,481672359539481762672539841824796135796315284315824976957143628143268597268957413,34
000500010750106008010900307000094070000752060070603000036080709000305040148079000,892537416753146298614928357361894572489752163275613984536481729927365841148279635,34
070500100534000762010006040000000053740380000080060427450800010090020004001400930,276534189534918762918276345169742853742385691385169427457893216893621574621457938,34
601000204300084600004690075700000002000002010040010053030100507567008020000567400,691375284375284691284691375716853942853942716942716853438129567567438129129567438,34
000030050804090030230050601902300506378006000000012078060000000080069103000780460,691237854854691237237854691912378546378546912546912378469123785785469123123785469,34
370005800460001000081300605090000006507140000100298050000004200009653004810709000,372465891465981732981372645298537416537146928146298357653814279729653184814729563,34
600070910950600380008901002090007803060030109000000070000740500743509200580200000,624378915951624387378951642192467853467835129835192476216743598743589261589216734,34
000000002290300600508297003106820040034100000000000501000010800082003004415682030,341568972297341685568297413156829347734156298829734561973415826682973154415682739,34
060420905804519000015367000130000258050900000047002039080000070070000092090003000,763428915824519763915367824139746258258931647647852139486295371371684592592173486,34
012000780930687520000120000000800090129003008080201070406510000000764005050030000,512349786934687521768125943347856192129473658685291374476518239293764815851932467,34
074106923030005001000000400420018300000600040003000185300900510000000638145003070,574186923239745861618392457427518396851639742963274185386927514792451638145863279,34
380609000540000610009007030006100000004508006000026190870000040021040003405080261,382619457547832619169457832236194578914578326758326194873261945621945783495783261,34
000001020320054160100090470001530004000047091084900000006420810000060500500170900,475681329329754168168293475691532784253847691784916253936425817817369542542178936,34
000800040708302600040006700002600487100000930000009150061070520500160074074005000,695817243718342695243596718932651487156784932487239156861473529529168374374925861,34
000089000039640002060752300900017000050000006283096500020000005394160070005200900,572389641839641752461752389946517823157823496283496517728934165394165278615278934,34
829500104340029756560000980000003060000470320010090540000900070700000093000000015,829567134341829756567341982475213869698475321213698547154932678786154293932786415,34
230100008000300040004075000357000894062009005849000106670240509090060400000000030,236194758785326941914875263357612894162489375849537126673241589598763412421958637,34
053008620002030000080021900846190573530000000020503004308000250400200080005080000,953748621612935748784621935846192573537864192129573864378416259461259387295387416,34
060900080500800064301607205070090410020000006804065009009008641030006000000579000,467952183592831764381647295675293418923184576814765329759328641238416957146579832,34
700063902009000043040090050005009000000006000000081030802005390560904210403100765,751463982289517643346892157635249871178356429924781536812675394567934218493128765,34
032407000490010000015600900970100230020008000006324000000081603503249001000560000,632497185497815362815632947978156234324978516156324798249781653563249871781563429,34
000000070009706481002000500403070060520680040008000207900000014286043095000057800,841395672359726481762814539493572168527681943618439257975268314286143795134957826,34
498100060030750940600800001970000150304215000000070800069040070000520000020960010,498132567231756948657894321976483152384215796512679834869341275143527689725968413,34
039000685000010724040000190810090050000000800265100907006851309000006000081000402,139472685658319724742568193813794256974625831265183947426851379397246518581937462,34
000500021002000000050002934761004350294805006080601040009308007030000100000200403,943587621612493875857162934761924358294835716385671249129348567438756192576219483,34
510002000000100400200000800850014360070090040420706980000020798300079014007401000,518342679796185423234967851859214367673598142421736985145623798362879514987451236,34
405089300360010980900200010600050800109370004000020009030040500041805730090000200,415789362362514987987263415624951873159378624873426159736142598241895736598637241,34
480700050650824309379000002060000005935680040200300000003905000500040003004030006,482793651651824379379516482168472935935681247247359168723965814596148723814237596,34
008240103530000420204513009150060300003090087000430900010008030080050000005901000,798246153531789426264513879159867342423195687876432915917628534682354791345971268,34
000400726200030080004620009001700005625093040487060301060010470098000000002000010,359481726276935184814627539931748265625193847487562391563819472198274653742356918,34
050040200000000035002053004500070019090600047403800652034000500760400000001560490,357948261849216735612753984526374819198625347473891652934182576765439128281567493,34
004000080300000904205074001008000000100038400020100000810050640649810002050649803,974361285361285974285974361538427196196538427427196538813752649649813752752649813,34
900070400000020060678500000000019070209000845700005000390860502800150030150300084,923678451541923768678541293485219376219736845736485129397864512864152937152397684,34
029513460067000005310704020000040980080035740041080000004000070170000050008300600,829513467467928315315764829532147986986235741741689532694852173173496258258371694,34
069050020507201890310000070000067050070000100405319600000003000081070040030198005,869754321547231896312986574193867452678542139425319687756423918981675243234198765,34
060000301070904802000003460004017000000000700010390524240581900000700246907600000,469258371371964852852173469524817693693425718718396524246581937185739246937642185,34
000000040900300806065000003378560020142700600000010007500240700706951000020070510,237685941914327856865194273378569124142738695659412387591243768786951432423876519,34
000079000100600000070001620700060042060040000240007365805090000090714038410538000,326479851158623479974851623781365942563942187249187365835296714692714538417538296,34
030000005601000020700008060800010006120005307065083012510900048390002051080000009,238461975641579823759328164873214596124695387965783412516937248397842651482156739,34
000050701600020405054010090103076000509103007270089000860005000000000040495001086,928354761617928435354617892143276958589143627276589314862495173731862549495731286,34
020007000300004790007380020875003600940800300200000570030709000000400060769108230,624597183381624795597381426875213649946875312213946578432769851158432967769158234,34
016802500954061080020040030000010002000450000600009045178290003063000000000006718,316872594954361287827945136435618972792453861681729345178294653563187429249536718,34
000365798000800010097210000030589120080700004001430085003000200000000850658000001,214365798365897412897214563436589127589721634721436985143658279972143856658972341,34
000000090054019000190362400809200004005000210000046008006094080040108630200000749,623475891754819326198362457879231564465987213312546978536794182947128635281653749,34
073104000002500000009806500300901280000000000287005910020000698001000025690702430,573194862862537149149826573354961287916278354287345916725413698431689725698752431,34
000000800000704100000906200090800070100260050000047090329458716007002084400600023,961523847532784169748916235296835471174269358853147692329458716617392584485671923,34
008002009000803000041960538000000052600200147502710063000071005170509000000020010,358142679769853421241967538417396852693285147582714963824671395176539284935428716,34
670281945200409700000007100900720804000108096104000000007000080301890000009070001,673281945218459763495637128956723814732148596184965372567312489321894657849576231,34
100008695008600270060010000480000000003005814000840900056002309034570100000300067,127438695348659271569217483481963752693725814275841936756182349934576128812394567,34
060470050004805600500001730000900006839050000050700009043000270080007093700349800,162473958374895612598261734417938526839652147256714389943586271685127493721349865,34
000043050900270310001598600090320001040650030003010000800065040000901070600402100,762143859985276314431598627596327481148659732273814965819765243324981576657432198,34
067401090300009000000706304002007003040008000900360100850670021021905006036100000,567431298314829567298756314182597643643218975975364182859673421421985736736142859,34
430500006859700000070300090243050000000670030060400800300005200000240103000183965,431598726859726314672314598243851679185679432967432851318965247596247183724183965,34
070008915591000480008500000800104003104000000000820601916700004000900007730080069,273648915591273486648591732827164593164359278359827641916735824482916357735482169,34
000700008500000003801063040104089630080600050030001089015800370003010090090304002,369745128547128963821963745154289637982637451736451289215896374473512896698374512,34
102068050000000000050240067094600080000580200385490710021000000508004620009020000,142768953867359142953241867294617385716583294385492716621875439578934621439126578,33
000820000000000020020050076010480005004000307500310402900230540102548000000760201,671823954459176823328954176713482695284695317596317482967231548132548769845769231,33
000200000000657400500481093000900074705002900009004012650040000200065040407020300,814293657932657481576481293128936574745812936369574812653748129291365748487129365,33
310029060670030000009068001000000079050076000096010045034207100007680000800000790,315429867678135924249768531183542679452976318796813245534297186927681453861354792,33
700000640002000000000000710400001300198000450020754100070180063581009200903002500,715938642642517839839246715457891326198623457326754198274185963581369274963472581,33
000000059000867020001309067040090003195073000070040001219000086007080002000910700,768124359953867124421359867842591673195673248376248591219735486537486912684912735,33
060005820000029700800701000093008600210000003000000010000506904030980002084172506,761345829345829761829761345493218657218657493657493218172536984536984172984172536,33
800506010506000020719020500107060095208300047090007000400600073003480600600000000,824536719536719824719824536147268395268395147395147268481652973973481652652973481,33
027804603600002500008963100000076040004090020700000935000600007401038060000007050,127854693639712584548963172953276841814395726762481935385629417471538269296147358,33
060080400000060309000015002301600807000007103790003620000900538670000240800000970,267389415514762389983415762351624897426897153798153624142976538679538241835241976,33
042000003800000500500000104000020000780091045054608900075860010008100057021500600,142756893839214576567983124913425768786391245254678931475869312698132457321547689,33
049030000076000900028009630200000170700023548405000020000107000032090060007380005,149736852376258914528419637263845179791623548485971326954167283832594761617382495,33
004010000007900052030024080075300904060009500009005036490000008000493270702000300,524817693817936452936524781175368924368249517249175836493752168681493275752681349,33
807200030000063100046100250005700018098002000473980005602000090704009000050000070,817295436529463187346178259265734918198652743473981625632847591784519362951326874,33
080300450000701600200549000728600100090010007504020003000208090800000000050174028,187362459945781632263549871728693145396415287514827963471238596832956714659174328,33
000200100050700903200010800005040380873900000000800090090001230382069040407000059,748293165651784923239615874925146387873952416164837592596471238382569741417328659,33
907000300351092684600035900010007000009600430080000007700000009100206000834000706,927864315351792684648135972413957268579628431286341597762483159195276843834519726,33
030010078780003900109400000608305200412000000000000007067520080040036000205100706,536912478784653912129478653678395241412867395953241867367529184841736529295184736,33
902380010030700092100090384000000070000000000041050238000023800090040165087005900,952384716834716592176592384569238471328471659741659238615923847293847165487165923,33
410036090008040600076008014547000020000450900000000040180503069900000300750092000,415736892298145673376928514547369128821457936639281745184573269962814357753692481,33
506000020020003801801900500000350760300780010708291005650100400082000000090000100,536817924924563871871942536219354768345786219768291345657128493182439657493675182,33
600890403000000001001503000700008000015000200900415076209184007007200010000307029,672891453543672981891543762736928145415736298928415376269184537357269814184357629,33
000043000020510400483000000591080000004000519007000046010432007970008304000790080,156843792729516438483279165591684273864327519237951846618432957975168324342795681,33
100290000209000040006045090792500010503010020801020530008000050030901070607000001,154298367289367145376145298792536814563814729841729536918672453435981672627453981,33
392008670407000050080000903900000000620300010800060039030001080009004362708003090,392518674467239851185746923953187246624395718871462539236951487519874362748623195,33
921400080800000003000008000230500060400100027009072540000721800000005702072040950,921437685865219473743658291237584169458196327619372548596721834384965712172843956,33
639010078012050090057030020760000000201507000000102057090003000070005240000070905,639214578412758396857936124765349812281567439943182657596423781178695243324871965,33
000000010060009008802700000005980760083000050200145000000090270500320140007614980,459832617761459328832761594145983762983276451276145839614598273598327146327614985,33
260400079790102030000800006000000201000010360012000708005008003000070080820631507,261453879798162435354897126643785291587219364912346758475928613136574982829631547,33
002860940076005010400020007000000090940200008683904000500000800301700400090542100,132867945876495213459123687215638794947251368683974521524316879361789452798542136,33
206000039300000041408953000001000003630000954040006000100800000753000000084537210,276184539395762841418953627821495763637218954549376182162849375753621498984537216,33
860075000007002846000008503056237910000000060081000732108056000005000000002000650,864375291537192846219648573456237918723819465981564732148756329675923184392481657,33
594000070002706000376004010000098300008600500103070029080021000200560004007009002,594182673812736495376954218745298361928613547163475829489321756231567984657849132,33
000970508904008306020000904069045080005100000000009245002050030800030092007402000,316974528974528316528316974769245183245183769183769245492851637851637492637492851,33
034260097170080000020700000290070060350000000008000009087603500500890000463002078,834265197179384652625719843291478365356921784748536219987643521512897436463152978,33
000900000691080000803500906000050269030000000900100040000000850007835492305420670,452961738691783524873542916718354269534296187926178345249617853167835492385429671,33
400200708002007409780004000904065800010000030003000042600001090100030007039506084,491253768352687419786194325924365871817429536563718942675841293148932657239576184,33
006500090078000534004780120060400070500820010700030409090010000020050000630970200,216543798978162534354789126163495872549827613782631459497218365821356947635974281,33
457900000610004000800000507942003600000007000005009031500402910100600700074001306,457928163613754289829316547942183675381567492765249831536472918198635724274891356,33
000601094801009500040007806610005380300100400000000601706204000900876000100003008,537681294861429573249357816612945387378162459495738621786214935953876142124593768,33
080600130040000000031000006000140072100007009073986051006350098000000020320870600,782694135649513287531728946968145372154237869273986451416352798897461523325879614,33
273001006104008200800002109650080900000429605000010003306070090000060400027090000,273941856194658237865732149651387924738429615942516783386274591519863472427195368,33
010839000030050010657002830000100060700024008091007020000001900009605201080073000,214839756938756412657412839425198367763524198891367524546281973379645281182973645,33
100007003032095008680032009050074000000001960000000040568000290009000004043209086,195687423432195678687432159956874312874321965321956847568743291219568734743219586,33
760200000300608000029031000004000082800094016000580090417800003003100060085003100,768259431341678259529431678934716582852394716176582394417865923293147865685923147,33
021009058000001000709085010940700020070000039002003005010000502607528100200030006,421379658865241397739685214943756821576812439182493765314967582697528143258134976,33
090006703100003502703002146008560000659000200304000009800097000005000000927605000,592416783146873592783952146278569314659134278314728659831297465465381927927645831,33
000470000000023004017985306004000001000060845070008090760804000200730008001200630,632471589958623174417985326584392761329167845176548293763814952295736418841259637,33
700064030064900100903710000070206004000071000050090013037000090000030201020640308,712564839564983127983712645371256984498371562256498713837125496649837251125649378,33
006090042000701035030280010050000306070945100800000009065400001092000063007050200,716593842248761935539284617954812376673945128821637459365429781492178563187356294,33
026000008000780426078200300800506002940000050057029030000901000094007000000052190,426193578319785426578264319831576942942318657657429831265941783194837265783652194,33
000000000010036700009004002801302007253000600947100023080621905020090004000080006,632975148418236759579814362861352497253749681947168523784621935126593874395487216,33
409030006000600400000000080000400000006107854840020071590063702600200040720050038,479538126358612497162749385917485263236197854845326971594863712683271549721954638,33
090042501000006403203150060079000030005001080060020010002700100000204000530619002,698342571751896423243157968179468235325971684864523719482735196916284357537619842,33
005000694004500801031000275503000027009704500000085060300049050050013940000000000,275138694694572831831496275583961427169724583427385169316249758758613942942857316,33
970020340000000002205060000300006098850402060706000020007240001100007000420610905,971825346634791852285364719342176598859432167716589423597248631163957284428613975,33
048700160063000972900000500004000006000084000010530000020371685085049000030800009,548792163163458972972613548894127356356984217217536894429371685685249731731865429,33
925403018340700009871009000000500632200000090750002080080070005500840000090005000,925463718346718259871259463418597632263184597759632184684971325532846971197325846,33
000002006024600109600051208240000080100060793079000400002406007701000600063009000,915842376824673159637951248246397581158264793379185462582436917791528634463719825,33
100096005000804300000000000089000000405372900002000541007040103531260090040001706,123796485796854312854123679689415237415372968372689541267948153531267894948531726,33
680000000001407038450600219320100780040000002700009054010006020000004500506000041,683291475291457638457683219329145786145768392768329154914576823832914567576832941,33
300006589980403006000059043590010800000900100000002490820034070000000050000700928,347126589985473216612859743594317862268945137731682495829534671176298354453761928,33
050040390748000100003001040080000000032410000010980000024800503809005401300000978,251748396748693152693251847986532714532417689417986235124879563879365421365124978,33
901000000000200040754638902070060009000004007000053000010400673540000001007180594,921547836863219745754638912375861429186924357492753168218495673549376281637182594,33
800360004063001200104700000000904502409207100052603040900000400230040000000070025,827365914563491287194728653316984572489257136752613849978532461235146798641879325,33
005600900000030060080409570300896000000000030004007689900001326500003000260048150,735682941419735268682419573327896415896154732154327689948571326571263894263948157,33
800090600200180000040020080130040069000700312600310000004036001300250874000004006,815497623263185497947623185132548769458769312679312548784936251396251874521874936,33
457002190000005280006301540200400058000020000000000000305200060082069000090504872,457682193913745286826391547269413758578926314134857629345278961782169435691534872,33
009100080087000046641720005050310007024805060100072050076000500000040000090530000,539164782287953146641728935958316427724895361163472859476289513315647298892531674,33
300000890000300604020009300003000008006080910278000500065000730000106402080790165,351642897897315624624879351913564278546287913278931546165428739739156482482793165,33
208130900600047025700002063090003700000014200000000038160500000020061507900008010,258136974631947825749852163592683741386714259417295638164579382823461597975328416,33
800960014041270000506000000000826190002000003150007000900100030000000450415702086,827965314341278569596413872734826195682591743159347628968154237273689451415732986,33
000109020204000000000060305025080000987416000406025008500700060000540070730601200,853179426264853917179264385325987641987416532416325798542738169691542873738691254,33
000800702806700040721594863000000250000010004205008000000083000083600105670000008,594836712836721549721594863948367251367215984215948376159483627483672195672159438,33
000012639014000587009780010051000008000004000023000450096000002002090170005003890,587412639214936587639785214451329768768154923923867451896571342342698175175243896,33
000097410700060003064030070400600000073014005006000901000040000680523004047086002,538297416792461853164835279419658327273914685856372941325749168681523794947186532,33
062051398001000402300400700000000013007900680000000520100006205000205100240100830,462751398751398462398462751684527913527913684913684527179836245836245179245179836,33
000047001100080000079013608083650079046000000900300005600070500721035000350000007,865947321132586794479213658283654179546791832917328465694172583721835946358469217,33
008096004600430807003000061106904000705000000490007008900273080000040002027008400,578196324619432857243785961186924573735861249492357618964273185851649732327518496,33
050003000000607504609145020090324806340068051080009000900000207020056003000000000,154283769238697514679145328591324876342768951786519432965431287827956143413872695,33
003800095000040060060002000000076902106080450080054001020607810018400000037018000,743861295592743168861592347354176982176289453289354671425637819918425736637918524,33
104200003073040000000009614007960180000000900400120537080390420201007009009000000,164285793973641258528739614357964182812573946496128537785396421241857369639412875,33
402000580860243790907580000080004000006009100000058020008007905070005862009000000,432791586865243791917586243581624379246379158793158624628437915374915862159862437,33
015000839800001207076030051058000000732080140100020900000602070007004000020000504,415267839893451267276839451958146723732985146164723985549612378387594612621378594,33
009813200183050940570000301805000000401005090796040000000000409900030002060004003,649813275183752946572469381825976134431285697796341528358627419914538762267194853,33
002000937008000052030500068000234500500009300024051600200900003000003000743025006,452618937168397452937542168679234581581769324324851679215986743896473215743125896,33
000020009000380652006704010030006901070000260462007030685072100390008007000000000,813625749947381652256794318538246971179853264462917835685472193391568427724139586,33
000000010721005040000020506900340601000000050610500200870954100050201007000670095,568493712721865349394127586985342671243716958617589234876954123459231867132678495,33
600003209000000600279601000067084000004005960005060000710030502430590700090006400,641853279853279641279641853967184325184325967325967184716438592438592716592716438,33
000546090900003540060007803096081000000020700800004600004908035009030000300062078,138546297972813546465297813296781354543629781817354629624978135789135462351462978,33
020000000004080306010006000080070695002905081090801702070629000009050073040000069,326594817954187326817236954481372695732965481695841732173629548269458173548713269,33
520000000068403092003050006291805000080000010430000600904082307852000000300190000,529678134768413592143259786291865473685347219437921658914582367852736941376194825,33
010064008009073465450000370031000782000000050900000603000021030072000049003900007,317564298289173465456892371631459782728316954945287613894721536172635849563948127,33
000000080087100004052079610738010002005300000601902000000030421003040005104000068,316524789987163254452879613738416592295387146641952837579638421863241975124795368,33
000190003400350006053078001300086000005023809089040207064000370002000004000400050,876194523491352786253678941327986415145723869689541237964215378512837694738469152,33
000007060086519002000860905009000840000040090800395270100003000000026009042081300,951237468486519732723864915539672841267148593814395276198753624375426189642981357,33
000069000000304075400005629842531000000070008600400000009103560000050080760802010,571269834926384175438715629842531796153976248697428351289143567314657982765892413,33
007306000063500091000700060850490036004000250000000409020804903309600847700000000,197326584263548791485719362852497136974163258631285479526874913319652847748931625,33
070090000026503480000100000300859020050640071002307000061005008935000010000701900,573498162126573489498126537317859624859642371642317895761935248935284716284761953,33
000072010000006300302804050007601230030000000001230080108020043500043100000068520,956372814814956372372814956487691235235487691691235487168529743529743168743168529,33
000200680201700309068900000076030000003040761500007000352471006009300000007008020,935214687241786359768953412176839245893542761524167938352471896689325174417698523,33
060900000050700892082000000090300040405269108008400020009500000027803051040000089,764928513153746892982135674296381745475269138318457926839514267627893451541672389,33
069378005000540069000006703000800070000007000570604000030405892004280130000010050,269378415783541269415926783946832571328157946571694328137465892654289137892713654,33
039510076000839401000000983000250000006070040070000000100640002605007800007108560,839514276762839451514762983481256397256973148973481625198645732645327819327198564,33
050182000697403000000706000700004610100537248008060000003200006040610003006300000,354182967697453821281796534735824619169537248428961375973245186542618793816379452,33
070603019001000340060900000610000730925000000743106902230060090100300008080000070,572643819891725346364918527618259734925437681743186952237864195159372468486591273,33
040000307030006800500200096104872009000069540903000002307010000400508000005703100,649185327732946815581237496154872639278369541963451782397614258416528973825793164,33
000052006000000059002608300040129680010080004006430000931265000080090002600000190,173952846468713259592648317347129685219586734856437921931265478784391562625874193,33
060030200000058003043090080004009050002165000500803000400370001090580000207916500,865437219129658473743291685384729156972165834516843792458372961691584327237916548,33
182753000460000705703409008006240051000000907010000084090020070000800000000007849,182753496469182735753469128976248351248315967315976284894521673637894512521637849,33
000400852250003014010000907007346081100570000000100700000030006940600000621000309,739461852258793614416285937597346281182579463364128795875934126943612578621857349,33
100090420402000390009008067030600901000900053900003084000500832500802040020000009,176395428482167395359428167235684971648971253917253684764519832591832746823746519,33
500207604700006503004000000200458037007100000840070000002080409409003100100500072,593217684721846593684935721216458937937162845845379216372681459459723168168594372,33
000000030010700000007485610001300580005009020423560197060000000500810903000204060,854691732916723458237485619791342586685179324423568197168937245542816973379254861,33
080040020000010700030006000000103507016050094070009601108090340000004800423681000,687945123594312768231876459942163587316758294875429631168597342759234816423681975,33
009020005024080000380007004000215000000000006930674050051396400003702501200050000,769421835124583679385967214476215398512839746938674152851396427693742581247158963,33
000400530051000009009000800060540103004030072800000054020150060045080097038072000,286497531351268749479315826762549183594831672813726954927154368145683297638972415,33
020710380009040000008000090003002409012497608900083005201804000006000040080530000,625719384179348256438265791863152479512497638947683125291874563356921847784536912,33
600500000500948673940070020086705010000000480019080000060050000104007002002190007,673521948521948673948673521486735219735219486219486735867352194194867352352194867,33
800032001960805020003010050000408306300000082000060100630580007007693500008000030,854732961961845723723916854195428376376159482482367195639581247247693518518274639,33
050246301020000900007009600000805034040791068500000190060300009090000010400900820,958246371624173985317589642179865234243791568586432197862314759795628413431957826,33
010800000870050100200010089568000000090008300100090008680000490001687000305940860,413879526879256143256413789568132974794568312132794658687325491941687235325941867,33
010020538008410900907030014092007001000004700000100090200003100109502000306900070,614729538538416927927835614492357861861294753753168492275683149149572386386941275,33
400000030603804010091300080065043000000008050800060324530000901006005078080609000,428197635653824719791356482165243897342978156879561324534782961916435278287619543,33
030069807000103006500004102401350000000000421900400060014005689009001203050000000,132569847847123596596874132421356978365987421978412365714235689689741253253698714,33
000003000903000000017604830002400350049315000030760000000248010000506284008900007,264893175983157642517624839672489351849315726135762498756248913391576284428931567,33
000080976000502000004097305453000600018260030060003107000026400000000710840070060,532184976697532841184697325453718692718269534269453187971326458326845719845971263,33
000100000270593000090008207500400170634780000007925000000800920700010430002300006,846172359271593864395648217529436178634781592187925643453867921768219435912354786,33
270950080900080170483200650060000200730500060500809030000100506000000740007005090,271956384956483172483271659869734215734512968512869437398147526625398741147625893,33
009074000750000980060280405106002040070000600435816000010008000047100060008007050,829574136754631982361289475186792543972345618435816297513968724247153869698427351,33
719302080000170304002000100186900000500000070000054800845001000960720008070080009,719342586658179324432568197186937245524816973397254861845691732961723458273485619,33
000760180002000009183400070730081000001005000400370891317098000200007000000604007,549762183672813549183459672736981425891245736425376891317598264264137958958624317,33
100602058800010020020985001003007000402000019005091074040026100060000703090004000,134672958859413627726985431913247586472568319685391274347826195268159743591734862,33
520000009670804120008000000004206000000000400090410003010023687780041000205008904,521367849673894125948152376154236798362789451897415263419523687786941532235678914,33
060039071070006000090010560120005047040002000850300000080000605610040030002051904,568439271271586493493217568126895347347162859859374126984723615615948732732651984,33
500724913204000856009658000006007340020100000050200000001960000000072004700000560,568724913274319856139658427916587342423196785857243691341965278695872134782431569,33
085010000102460700040800020214030500360000040509120386000007910000000003000500460,785912634192463758643875129214638597368759241579124386426387915951246873837591462,33
400008010000000780308090004700000096010004800003069240840000000006480350105026408,462738519951642783378591624724853196619274835583169247847315962296487351135926478,33
980000406000380275027040039000072100009538700000900308060001523000003000000407000,983725416641389275527146839835672194419538762276914358764891523198253647352467981,33
000780406000264000640000070920500784000840200070692000700020090009000040204030510,593781426817264935642359178926513784135847269478692351751428693369175842284936517,33
000001000000040080016037040708300004100070520203410070000093001640708302002000850,429681735375942186816537249768325914194876523253419678587293461641758392932164857,33
943000065820000004007900102000536900000400000019070000180060500000390018005184200,943821765821657394657943182278536941536419827419278653184762539762395418395184276,33
056710000800000000702000000107300500328509106540060382601003008000400010080001200,956712843834956721712834965167328594328549176549167382691273458273485619485691237,33
200090504045280000007000028604708000020500000010000070001003297003072045002450300,286197534345286719197345628634728951728519463519634872451863297863972145972451386,33
710090500000000070406003028840605201301840005000301009500002600002064307000030000,713298546298456173456713928849675231321849765675321489537182694182964357964537812,33
070003009100080040006024105038600004001050020000401503005800600627040000309007050,274513869153986247896724135538692714741358926962471583415839672627145398389267451,33
007040030200030800005760200090106008050004002008093000084300016020610000716400020,867942135249531867135768249392156478651874392478293651984325716523617984716489523,33
000000000008000200405210003069002748000708060800000030754600081906081007180050009,612873594378594216495216873569132748231748965847965132754629381926381457183457629,33
000795603750003208001240000060002407070906102000050900047000300012800000096300000,284795613759613248631248795963182457475936182128457936847569321312874569596321874,33
000004000003000000010006000435018062090003817107269300901035700300407000000190006,569374128743821659218956473435718962692543817187269345921635784356487291874192536,33
004010007100700048000060193000103000003200006000008401302500804840902060750080009,684319257139725648275864193568143972413297586927658431392576814841932765756481329,33
007080500002090060386000079874000000160020007020400106000000010048002700201950084,497683521512794368386215479874361952163529847925478136759846213648132795231957684,33
400000090006090200901000003187020360600710009205004700500400806300076901000001400,452683197836197245971245683187529364643718529295364718519432876324876951768951432,33
106042308800501742200390500980100234000030000003009070091000403000400900000900000,156742398839561742274398561985176234617234859423859176591627483762483915348915627,33
000049008940083000000075004015000036860007090020060750090030000137400600200890003,572649318946183527381275964715924836863517492429368751698731245137452689254896173,33
002547608004000130008000050800092010400700009000134000080260040006410087500009020,132547698754986132698321754875692413413758269269134875987263541326415987541879326,33
500200004000690721000048000060704900038501070000830100680002307000000008304986000,596217834843695721712348569165724983938561472427839156689152347251473698374986215,33
400720803500300040000190250834000700206438000000070080700000010002007409040051070,491725863527386941683194257834519726276438195915672384768943512152867439349251678,33
000000540390060120005170000010340002206000000480020709034016908000050060162900000,721839546398564127645172893917348652256791384483625719534216978879453261162987435,33
040005008000074506002010400000700002200008950000006800019060003320490705500380190,947625318831974526652813479184759632263148957795236841419567283328491765576382194,33
100040000008001034004780016407908162000000005800000307000800020001630400200097801,156243798978561234324789516437958162612374985895126347749815623581632479263497851,33
000020000001604000720001090910246738000910602006037010100009000050062071000108000,694723185581694327723581496915246738837915642246837519178459263459362871362178954,33
005742000027300581093001002070000000006000010950410000501006000702930104009100200,815742369427369581693581742174623895236895417958417623541276938762938154389154276,33
473000190000900003105734000956007000730040900200000731800620010000400500002003040,473286195628951473195734628956317284731842956284569731847625319319478562562193847,33
000008072200913005080200130000400020103009050400030890009756003300000007000320910,931568472274913685586247139698475321123689754457132896819756243342891567765324918,33
000000580314258600000000340000003050103020068205006100000300005007090023030087016,679134582314258697528769341786913254193425768245876139961342875857691423432587916,33
042000803308000009965080001590000610200509038800060000000602007703400000629030000,142956873378124569965387241597843612216579438834261795481692357753418926629735184,33
200000503004150000050062040000790000007340020503000070400031200908074001136000704,269487513784153692351962847612798435897345126543216978475631289928574361136829754,33
000000528850713900406250070000065000060801030020070000005000096080036450600500007,317694528852713964496258173973465281564821739128379645245187396781936452639542817,33
960005800030780900872000403000000000300170640700564080000400030003020104100050079,961345827435782916872691453654238791328179645719564382297416538583927164146853279,33
020005093193000050658009020000400030580003270030000004360901040802006000700004300,427865193193742658658319427271458936584693271936127584365971842842536719719284365,33
928040000007890000010703000043280195002159340501000260006008400000000002050020000,928541736637892514415763829743286195862159347591374268276918453189435672354627981,33
005000009300002400082000000400603090653070010879020006000700042204000087038090105,145367829367982451982145673421653798653879214879421536516738942294516387738294165,33
700400500009070002102050083000000900270106308010008200620905407805040021000000090,783412569569873142142659783358724916274196358916538274621985437895347621437261895,33
001006054000007200405800609307020000000300820582100000750291006030085002000600080,821936754963457218475812639347528961196374825582169473758291346634785192219643587,33
007000040064570000008240005020700060096002000000009230305197006680054000000628400,537981642264573189918246375423715968896432517751869234345197826682354791179628453,33
006200500500648000002170840005803000010564008008900065000050004084390057000400000,846239571571648932932175846465823719719564328328917465193756284284391657657482193,33
500800000280900450106740320730008504801000203000320186000000900000000831000006700,574832619283961457196745328732618594861459273945327186427183965659274831318596742,33
519000030047300010008100000850600000723510900000000051096004005080061000402800096,519476238647382519238195647851649723723518964964237851196724385385961472472853196,33
201000056000005000000200000140900005907008431028140600810096500052000063306050000,281439756439675812675281394143967285967528431528143679814396527752814963396752148,33
001800205008007400000000068160008000809205014500060080057010040080009103003600507,341896275698527431725143968164978352879235614532461789957312846486759123213684597,33
500043200208670000004002500002050000075406980000800170000518036000067420000200800,567943218218675394394182567982751643175436982643829175429518736851367429736294851,33
706001502050060040100000060542070003001400870080613405603000000000200730020006004,796341582258967341134582967542879613361425879987613425673154298415298736829736154,33
850000100306001058000050020210704000000200007000000000040087036980630001630142780,859326174326471958471859623213794865568213497794568312142987536987635241635142789,33
905000076400061580600000000030020050050000000214500030340602090062057043000008260,985243176423761589671895324839124657756389412214576938348612795162957843597438261,33
804050190000009780910478000000060450700000209503021678000004020201000040000002900,874253196352619784916478532129867453768345219543921678697584321231796845485132967,33
100360850060002900008940067682000704007086000091000000904020008010470620000500000,149367852763852941258941367682195734437286195591734286974623518815479623326518479,33
000854010000000723006007000030541000000002800692370004203705900070409000000600578,327854619584196723916237485738541296451962837692378154263785941875419362149623578,33
070082006300100504006070002723861005945000001800005000010000400000200600050037018,574382196382196574196574382723861945945723861861945723218659437437218659659437218,33
050070106007100850000830007570210430000003500000000001600359702012000300390001600,853972146927164853146835927579216438261483579438597261684359712712648395395721684,33
030004209008062500200300080900743000070800000002650340000007802740290005800000704,537184269418962573296375481965743128374821956182659347653417892741298635829536714,33
000349251000867040300200060000000400000008090080503600702900000900130006050726904,876349251215867349394251867539612478621478593487593612762984135948135726153726984,33
600703089209560130000900600000030000090000470056000002060000703720890014004302900,645713289289564137137928645471239856392685471856147392968451723723896514514372968,33
029040008300927005045860700000054080601000407400086090930070010000400006800000002,729541368368927145145863729293754681681392457457186293936275814572418936814639572,33
400003891350000407019070360000895102008000000120360000900700600007000014605000070,472653891356918427819274365763895142598421736124367589941732658237586914685149273,33
000103720000006400076008100090204031000000204004031000062000370105000642709002005,548193726913726458276458193697284531351967284824531967462815379185379642739642815,33
000000001000500006006940050007020005600007249249300180060100500500603018008050703,352786491491532876876941352187429635635817249249365187763198524524673918918254763,33
058236400400000003603000008302000060805003090090000300030140080204090000700365210,958236471471589623623714958342971865865423197197658342536142789214897536789365214,33
006080075080754000054006010000000034000060002500347000208010300070008501400670820,936182475182754693754936218869521734347869152521347986298415367673298541415673829,33
080946010500000000000100070090500700602009050800267040920004507750090031003800009,287946315531728694469153872394581726672439158815267943926314587758692431143875269,33
684570130300080050509002000050000041037461508400908007000000000006025400000000900,684579132312684759579312864958237641237461598461958327143896275896725413725143986,32
900003007000060000005940328000000700050600000400207010002096400596080200104370605,941823567823765149765941328619438752257619834438257916372596481596184273184372695,32
792310086100468900048070301000080740003000090004009600020000010000000509007001004,792315486135468927648972351519683742863724195274159638426597813381246579957831264,32
809000000207008350040000900090084010030701009005906043386500000921000005054000000,869435721217698354543172986692384517438751269175926843386547192921863475754219638,32
000728009280010460139000800000050003028370094010090058000200001450087000070000000,645728319287913465139564827964852173528371694713496258396245781452187936871639542,32
810600000000050008007100362000030000001296003050001609400002036090305074030700090,819623745263457918547189362926534187781296453354871629478912536192365874635748291,32
074008050328010000500670802030000090050900003067430085200000000000743020000200019,674328951328519467519674832432851796851967243967432185285196374196743528743285619,32
030800060801090020600200501000000005065400000083950200500000132006301050302500006,234815769851697324679243581427138695965472813183956247598764132746321958312589476,32
007006912605002000209003006520319000760200000900600005000008004050904300400001008,387456912645192783219873546524319867768245139931687425173568294856924371492731658,32
000802060200070340600100000840700010907360085003000200000007930306005070002090054,431852769258976341679134528845729613927361485163548297514287936396415872782693154,32
020009007900000001307008040209300000003805200000900063035200000780090635004030082,821649357946753821357128946219364578463875219578912463635287194782491635194536782,32
070002650000070041214506800000240005002007183750030000401000300360000500000063000,873412659695378241214596837138249765942657183756831924481925376367184592529763418,32
830740059069000020200965081086000000020050800050680203400500700000000900078000005,831742659569138427247965381186327594723459816954681273492516738615873942378294165,32
090007342080432001203061507067020100400000008000000250070200010000180000608040000,196857342785432691243961587867524139452319768931678254574293816329186475618745923,32
100980500078000061000000800006071405594360010807000600009005030001400200000710080,163987542978254361245136879326871495594362718817549623489625137731498256652713984,32
508000700790001600020700080040068200000004008100003000862307400401006000079400820,518632749794581632623749581945168273237954168186273954862397415451826397379415826,32
000000000900200000452070006048010350090000100176000204010003070030780690007960503,781396425963245718452178936248617359395824167176539284619453872534782691827961543,32
007000000908350000205000801159000000370000000000591207001030400090215076703900100,647189523918352764235476891159723648372864915486591237521637489894215376763948152,32
200034609000900070000000340420301006000200010031670402002093060076000035000700100,287134659314965278695827341428351796769248513531679482142593867876412935953786124,32
061900570000030020289000130100002000920057010000003092800000300007005201000081049,361928574745136928289574136138492657924657813576813492812749365497365281653281749,32
602000018000002030005100002026500007000216050050000100860400503003081200209700060,692345718718962435435178692126594387387216954954837126861429573573681249249753861,32
090360000000090037007002900200000309030200051000030000023058794000900003974600018,495367182812495637367812945286541379739286451541739826623158794158974263974623518,32
567432090400180576080007000390800000000090057070024000013000704000000980050000001,567432198432189576189567423391875642624391857875624319213958764746213985958746231,32
003850700000042005158900204000600307906400000074520000090000000680090500502086000,243851796769342185158967234825619347916473852374528961497235618681794523532186479,32
000009830690000275001020000952634710000800902700005006003700009007000060400010500,275469831694183275831527694952634718346871952718295346163758429587942163429316587,32
000290300078005004009000060001000739462700008700008020000850041604070000000640970,156294387378165294249387165581426739462739518793518426927853641614972853835641972,32
024003000038000020007640839500004103000560042000008605700000510815006000403000000,624983751938175426157642839576294183381567942249318675762439518815726394493851267,32
056000030001300000000050002018200096240000851003000020070402908080070243030609000,856721439721394685394856172518247396247963851963518724175432968689175243432689517,32
000267100000000300000080060009001400305092601107000000692014508400008020800020710,938267145726145389514389267289671453345892671167453892692714538471538926853926714,32
069000801184056020700000005600004010347000050091000000000607130013800062200000080,569273841184956327732418695625734918347189256891562473958627134413895762276341589,32
021000057830000910000109800000010084009042305200600001082300079007200430400000000,921438657834576912675129843356917284719842365248653791182364579597281436463795128,32
000040071190036000400000000023000000901003708804001205700360000205178000630420000,356842971197536824482917563523784619961253748874691235718369452245178396639425187,32
046700000000009071200083004000350100453000000060070000030090000001820640028036719,946712358385649271217583964872354196453961827169278435634197582791825643528436719,32
024930607700420030009617008040590700000001000000700840600000000070180250000009086,824935617716428935539617428148592763367841592295763841681254379973186254452379186,32
016502703000001025000070016000023000237000100869005200070000001640000390000064500,916542783783691425425378916154723869237986154869415237572839641641257398398164572,32
050000600610350098090700000900000570570230080100075030800000000000903021040128700,453892617617354298298716453932681574574239186186475932821567349765943821349128765,32
000000600045709013060300400012080006300095072000017830208900000400000328000030500,123548697845769213967321485712483956384695172596217834238954761459176328671832549,32
008040200000650100205381700900000000601400005000509010016700400020000830870094001,138947256794652183265381749952816374681473925347529618516738492429165837873294561,32
000081000506007000800650000960004120700010080102896700000032600000008405001005370,274381569596427831813659247968574123745213986132896754459732618327168495681945372,32
100900050600021947700000001480090600036000090000002004002400503914070200005200400,128947356653821947749356821481795632236184795597632184862419573914573268375268419,32
008004390004902610392160070000601000000007039057000260006800000000000105105000920,618754392574932618392168574439621857261587439857349261926815743743296185185473926,32
002000500000080020086210700095360102100500806003021459000006000001002005004059000,312947568749685321586213794495368172127594836863721459958136247631472985274859613,32
080920600000076500000840100067594210010000050000100008600700000578419006109000000,485921637291376584736845192867594213312687459954132768623758941578419326149263875,32
806005790400900006091200005000000007050008000000030010579810603080460500640009002,826345791435971826791286435918624357357198264264537918579812643182463579643759182,32
000040902001750406000192070720538000160000008800060007000000100900000830480600720,357846912291753486648192573729538641164927358835461297572384169916275834483619725,32
001405800046200000008700604205090001000602970080000500600508010800971060000300200,371465892546289137928713654265897341413652978789134526634528719852971463197346285,32
046097000079000000058004001000003410630040028004072030003018000500409187080000000,346197852179285643258364971827653419635941728914872536493718265562439187781526394,32
004001000085000000160500020957040080800750064000000090020005040070620850508904600,294361578785492316163587429957246183831759264642138795326815947479623851518974632,32
302807040079000020004005000030008002400000009200000004500009081703084065140000937,352897146879641523614325798935478612487216359261953874526739481793184265148562937,32
049183602000000030180200407300074080000008203010000700832007000600400000091800500,749183652265749831183265497326574189574918263918326745832657914657491328491832576,32
680000000094005000005000900020709040069003058410508070056071430000050000001342000,687194325194235867235687914528769143769413258413528679856971432342856791971342586,32
600900800801700400050108070004810007000070309506490080103000956000300008000500004,627954813831726495459138672394812567218675349576493281143287956965341728782569134,32
000000170700820060034007200300000500007008000815260000178000046009080005053094800,582346179791825463634917258326479581947158632815263794178532946469781325253694817,32
000100300601043080040000650000560004000800705065430900070015002000070013510090800,287156349651943287349782651928567134134829765765431928876315492492678513513294876,32
007200008090401056250009417100036000560900070004120500800000009000004720005090000,417265398398471256256389417172536984563948172984127563841752639639814725725693841,32
030001007806000934000000000000008379900100502205307046000032000300419065100000020,439681257816275934752943618641528379973164582285397146568732491327419865194856723,32
080000000005360070300008100060097000250836407009205030610780500708000001000001080,987154362145362978326978154863497215251836497479215836612783549738549621594621783,32
006000198000300000204000060030070816080000009027000004100500000568730021040129080,356247198819365742274891563435972816681453279927618354192586437568734921743129685,32
040006000100720934200430600608000000510200060020068701760000009090071005000003006,349816527186725934275439618638157492517294863924368751761542389893671245452983176,32
023006500000570240050040080010000050000020300930600007649815702000730009300000800,423986571896571243751243986217394658568127394934658127649815732185732469372469815,32
000000020000070506000000300002501030340760001090048600010080203000010890985420160,156839724839274516274156389762591438348762951591348672617985243423617895985423167,32
001043000200607000607091400870912304400070020000400708009000000024060590060000001,591243876243687915687591432875912364436875129912436758759124683124368597368759241,32
045280009009041600002000040800000420021690053753100000900700004010000000204009500,145286379379541682682973145896357421421698753753124896938715264517462938264839517,32
000090063048070002036015000000700601610950007004000029400001290001029400080000300,125498763948376152736215984592784631613952847874163529467531298351829476289647315,32
700000000005430002010080060107000000000103600080945710002896050069004007000027906,728659341695431872413782569137268495954173628286945713372896154869514237541327986,32
000301570900000800075248109050870410000004900004039680000012300100600000000007090,428391576931765824675248139359876412786124953214539687847912365192653748563487291,32
500000400740009000006070900000400060004002731620100004132700090400006310900010047,598621473743859126216374958371485269854962731629137584132748695487596312965213847,32
432000071008000024007023900040296000209800000810704690901040000000000009300010700,432689571698175324157423986743296158269851437815734692981547263574362819326918745,32
080900070004207801020010000000095300075000018230000000058600000709000084012508690,183954276594267831627813945841795362975326418236481759458679123769132584312548697,32
020183000796000030018907200000600000203001090060400017070520000001700000050310780,524183976796245138318967254187659423243871695965432817879526341431798562652314789,32
907023450001084009005096010080000000020600930700402005000005020609000080302000590,967123458231584679845796312586379241124658937793412865418965723659237184372841596,32
014609030000802000000000609045000000930054060170003204089020010002006790000708020,514679832697832541823541679245167983938254167176983254789325416352416798461798325,32
294003800000160904080009007040000001070300082360004005703000040020005170059000060,294573816537168924186249357842957631975316482361824795713682549628495173459731268,32
010406008908010304600809107401008070893200000050160980000902000200001000005000000,517436298928715364634829157461398572893257641752164983386972415279541836145683729,32
008625090000900700009070265700090000291000000384000900057000000040758106010300500,478625391526931784139874265765192843291483657384567912857216439943758126612349578,32
030046210647000053001500670000060040004080000700000000002070401416000380008610005,835746219647192853291538674589367142124985736763421598952873461416259387378614925,32
000486509501000480000019000070000205000867004109000807027048001000000602305000008,732486519591723486468519723876194235253867194149235867627948351984351672315672948,32
000043010000002050020006308290400031000100925000009860046300002803000096052000080,569843217438712659127956348295468731684137925371529864946381572813275496752694183,32
902010340005000018168005090000106000800057006000000907020064509600000071359000000,972618345435792618168345792597126483843957126216483957721864539684539271359271864,32
306007400070000600104360805901730500060208009000014300030000010000600008609070200,396587421578142693124369875941736582763258149285914367837425916452691738619873254,32
000400030723091000000700000017805000030007056800030000609348000070600080340100695,591486732723591468486723519917865243234917856865234971659348127172659384348172695,32
006001200070090300003000690439000576008000043760000000007408020200009438300020009,946381257572694381813257694439812576128576943765943812697438125251769438384125769,32
820000945100940002459082000000000000008000006300456000000078060083500290005094008,827613945136945782459782613564829137298137456371456829942378561783561294615294378,32
903064000008000903107005640481900500000600080006048070300080090800500060700400800,953864127648712953127395648481927536279653481536148279364281795812579364795436812,32
023700190918200000506180243000970080000010000001020000000890010080001000004652800,423765198918234756576189243352976481697418532841523967265897314789341625134652879,32
230000405600480000045001709000003000920650800080200600358100040490000070702000500,231769485679485321845321769564813297927654813183297654358172946496538172712946538,32
670003802010000706080000000020060000001030070530024000052641900893050060106300000,674913852319582746285476193427169385961835274538724619752641938893257461146398527,32
520030001600009700730010502072400900001870000460900020200300009340000058000205000,529738641614529783738614592872463915951872436463951827285347169347196258196285374,32
900000105175009640000750938780290400000500080000007029004900000090002010200005007,938426175175389642642751938781293456329564781456817329514978263897632514263145897,32
001605800603000900482000060500003000920061380000002000300094715240050038000000009,791635842653428971482719563516843297927561384834972156368294715249157638175386429,32
014800902702504080000702004125600390907100008040000010450009000070000009009000006,514863972792514683863792154125648397937125468648937215456389721271456839389271546,32
500702019000400020070900004000600003260000005104500090700290401020000000015870932,548762319391458627672931584857629143269314875134587296786293451923145768415876932,32
008400501109700000003000287000900068070305009000070403080530000000097806207084000,728463591159728634463159287345912768876345129912876453684531972531297846297684315,32
406009000713050002000000000000207403134060000297100050680901504300082000900300000,456829371713456982829713645568297413134568729297134856682971534345682197971345268,32
006380040009067028000500000970200000043750261020000000000003057394600000507801000,716382549459167328238594176975216483843759261621438795182943657394675812567821934,32
000058006800090200090402000019027000600904003000000419070869340000003072300005900,234758196857691234196432857419327685685914723723586419572869341968143572341275968,32
400600205259100000000020000000030006304050020500080300975012600020000057640590002,481673295259148763736925418892431576314756829567289341975812634128364957643597182,32
060597204700040300200060750003700005607000000900300008004000000000908540870405160,368597214795142386241863759413786925687259431952314678524631897136978542879425163,32
520004780037250000094087000000500300009070260700802000000090000905031000340700506,526914783837256419194387652682549371459173268713862945278695134965431827341728596,32
000080240002900000658304709800040007200000038760000490000000300020097081080032900,917685243342971856658324719835249167294716538761853492479168325523497681186532974,32
005300600608015000027608050000030040000700000004891000050000400400000067276489130,915327684648915372327648951891532746532764819764891523153276498489153267276489135,32
007050190000837056062401708429083060070000080000700040030004000000910670000000400,387652194941837256562491738429183567675249381813765942736524819254918673198376425,32
340080910070000060950406020207800000000007050105064200003050000520009000019070502,346782915872591364951436827237815649694327158185964273763258491528149736419673582,32
900605470060400109000008052004001007000300900090076340000060720070803090650000030,918625473265437189347198652834951267726384915591276348183569724472813596659742831,32
001009870069000513007000490080000900000400738900000005000104280008005641004908000,531649872469287513827351496783516924156492738942873165375164289298735641614928357,32
003004000010090046400000000000100034780900600349025078004000003130000207670801400,893564721217398546465712389526187934781943652349625178954276813138459267672831495,32
096008100010306005008000900631000240704631500000004010102000000005102030983000000,396548172217396485548217963631859247724631598859724316162983754475162839983475621,32
004700000002500034000034762746009180020000076010070250065900340000000008100300000,384762591672591834951834762746259183529183476813476259265918347437625918198347625,32
000006000700201500050097300070310600010508090805972134900000000000000860501080070,132456987798231546654897321279314658413568792865972134986723415327145869541689273,32
002710000000840000005390760040900002010060905000023006001500090820001507700089600,932716854176845329485392761647958132213467985598123476361574298829631547754289613,32
700180003608400000043000000587061209420070010000090007070000001065903700090040005,752186493618439572943527168587361249429875316136294857274658931865913724391742685,32
800000030200800004705230009670540010000000502000000607000186075050423000108070003,896754231213869754745231869679542318381697542524318697432186975957423186168975423,32
042000560960470100300005207620000050000083006053060010000900600000010095500020031,742831569965472183381695247629147358417583926853269714134958672276314895598726431,32
000020001960007002000019004008400307009000000327080600000800195083950006100704200,734528961961347852852619734518496327649273518327185649476832195283951476195764283,32
050030000000600580169004000000400708805120000040708103600070912030000000290040075,458237691723691584169584237312469758875123469946758123684375912537912846291846375,32
000087204000109003000020090007600020019000086840902050175000002492000600308004000,951387264624159873783426591537648129219735486846912357175863942492571638368294715,32
090060005500000634400000908020030006605108049000075000000050807356780400001000500,892463175517892634463517928128934756675128349934675281249356817356781492781249563,32
278005030001000004640001807903500000400093205702106090000200000009600010560000002,278465139391728564645931827983572641416893275752146398134289756829657413567314982,32
302000600470800000800025147000000000009058023000000560004980006918036070060040090,352417689471869235896325147685273914149658723237194568724981356918536472563742891,32
509023000700010000008000100100502000280046000003091852906158000402070000050200700,519823647764915283328467195197582436285346971643791852976158324432679518851234769,32
004010086000008509008500700010603000805040602000000100040206093080450067000809005,954712386172368549638594721417623958895147632263985174541276893389451267726839415,32
050700806010890050090050700904030000007028060028064500000005300301280000000300089,453712896712896453896453712964537128537128964128964537289645371371289645645371289,32
005000000090306010012904500061800000703010980009030005020000000100200670076081029,635128794497356218812974536561892347743615982289437165924763851158249673376581429,32
000003700040150000039800001063500209080000007910730005200010070406005100091007050,125693748847152936639874521763548219584921367912736485258319674476285193391467852,32
000000348040700060060000072002049807039108050010502930527000400080000090090800000,271695348843721569965483172652349817439178256718562934527936481184257693396814725,32
340008002029600000500000364008260005054000000600005087800706001413000076060300000,346158792729634518581972364978263145154897623632415987895726431413589276267341859,32
700001090950728001600935200390210040400000120000456039000090700000060000000000602,782641395953728461614935278398217546465389127271456839126594783837162954549873612,32
000804310006010500001005000284000950100008006603050040300502000028470000467090000,952864317846713529731925468284637951195248736673159842319582674528476193467391285,32
000670000005309804009824070708000003000008190000003700960400502002007400001002067,824675319675319824319824675758196243243758196196243758967431582582967431431582967,32
015008026897600100000010007009000000703026400001000803008070010000850030072400098,415798326897632145236514987549387261783126459621945873958273614164859732372461598,32
890370000000009000310040890480513700702000001001026480048000006003000200006000903,895371624624859317317642895489513762762498531531726489248935176953167248176284953,32
006020870100605040000080065409007106700800000600950027061002730000070609800000000,596423871187695243324781965459237186732816594618954327961542738245378619873169452,32
800004310060000740000030029007000500540160900923000070070026000200800107000715003,892574316361982745754631829617293584548167932923458671175326498236849157489715263,32
360074205050006100147080090900000800006000900804000760000020007092000008073500620,369174285258396174147285396925763841736841952814952763581629437692437518473518629,32
500000000001300900000000450008603795900001306430000120009206000050010602002470019,543789261621354987897162453218643795975821346436597128189236574754918632362475819,32
700530000400790000000020700030800607690003000000070130006900340951004206000267050,719538462462791583583426719135842697697153824824679135276915348951384276348267951,32
000000005500000093009000000000957080200030500057210060721840906800095010600001408,184369725572184693369572841436957182218436579957218364721843956843695217695721438,32
007050000001030407068027900600140890080760000005800060000086570000574009700300000,247951638591638427368427951672145893983762145415893762139286574826574319754319286,32
020650100000000009569804007406008000010300006000046000045020600003480270200060840,327659184184237569569814327456178932718392456932546718845721693693485271271963845,32
000102450400003208081504300037000060006000000000609003010200709602090001000318020,379182456465973218281564397137825964946731582528649173813256749652497831794318625,32
000500000004309000000600005042050007508700264070060000020840501015000600486190300,267584913854319726139627485642958137598731264371462859723846591915273648486195372,32
600008010004015009007920030903104700700060001400007903000000300090040276070003005,629438517834715629517926834963184752752369481481257963145672398398541276276893145,32
020000060637920000000000009702009010103200590950000072300000984800010000205400106,529184367637925841481736259762859413143267598958341672316572984894613725275498136,32
579284000603000000408100907000040073000050008104307000900500104050410006301000000,579284361613795842428136957295841673736952418184367529967528134852413796341679285,32
426070000198604037000890000000300095001000300703050028000005200810000000039218000,426573819198624537375891642284367195951482376763159428647935281812746953539218764,32
340800000000004060068010049050300080693270450080105600900003500800000910020000030,349826175175934268268517349451369782693278451782145693914683527836752914527491836,32
879000310002060807300009004006207143057000900000900200708010000010000080690008400,879542316542361897361879524986257143257134968134986275728415639415693782693728451,32
300000080059203600406950000000582003005000704000049500090001070128307000003000810,312674985859213647476958231947582163285136794631749528594821376128367459763495812,32
600000010320150800070008290000380050840509000090671400000000080068003000950010024,684932715329157846571468293716384952843529167295671438432795681168243579957816324,32
508402076060500423000060081090000060050000700040700830000300092620000040304600007,518432976967518423432967581791853264853246719246791835175384692629175348384629157,32
200809076700051980000763000000000530960300000300184607001097060000010009000000801,215849376736251984894763125148976532967325418352184697581497263623518749479632851,32
070000005308562490000709000742001050560400008009000270420000100000006542000054000,974183625318562497256749831742891356563427918189635274425978163897316542631254789,32
000020095600005008000340206090504080008690300035002007184000073002003000300080020,843126795621975438579348216796534182218697354435812967184269573962753841357481629,32
040058900500000000096007050800000270000209304029380501060000000400013605180600002,347158926518926437296437158834561279651279384729384561965742813472813695183695742,32
903601000470000618000400000360047000100500306002360070014000063700000000206800705,923681457475923618681475932368147529147592386592368174814759263759236841236814795,32
003408100000160000000020080087046021032007000400010875064001700000730008005604000,253478196748169532619523487587946321132857964496312875864291753921735648375684219,32
027804019340001000000060040061000004050076030000095001080300075005000400003017280,627834519348951627519762348761283954954176832832495761286349175175628493493517286,32
000005003000008500040070001001096382080400090090083154510000000904007010800002069,128645973379128546645379821451796382283451697796283154512964738964837215837512469,32
100009000500001809900005001003572008816004700007160000000057026020000507045000080,172689435534721869968345271493572618816934752257168394389457126621893547745216983,32
400701000571600400009003500000006380020000900006000100005902003800074050730065029,483751296571629438269843517147596382328417965956238174615982743892374651734165829,32
003021000950834201000075304065709008000000479790000000070100002520000600100000007,843621795957834261612975384265749138381256479794318526478163952529487613136592847,32
007000000200950000300208500400002710580070000100460802090830270004005901700000304,957316428248957136316248597463582719582179643179463852691834275834725961725691384,32
000010029000000003290045086000000608103807040006290300040000000078003500015780230,534618729861972453297345186429531678153867942786294315342156897978423561615789234,32
304000080005098000910004050000000005502601004000002610240000090106009032709420500,374265189625198743918734256861947325532681974497352618243516897156879432789423561,32
408000130000050600060003000002300050100000800500206010005000291900037406046020375,458962137317854629269713548682391754193475862574286913735648291921537486846129375,32
000601000200700400006029000000200000980000060060398000830100609009080041740902835,357641298298735416416829357574216983983457162162398574835174629629583741741962835,32
070000000004008001000049070000000049012097038000305610000850020006970185080264000,873512964964738251251649873538126749612497538749385612397851426426973185185264397,32
000000609290008000010000300900030814530040796000000050085076002000920500300504160,853417629296358471714692385967235814532841796148769253485176932671923548329584167,32
400080702500270000000401000000000903700002008092004007123600500008057231000120080,431586792586279314279431865814765923765392148392814657123648579648957231957123486,32
960041700003008069000060040038070050609000000400000976300007000706405013004010080,965341728143728569827569341238976154679154832451832976312687495786495213594213687,32
910700840700000900842900000605294300000001005300080290100008039000000160009060020,913756842756842913842913756685294371294371685371685294167528439528439167439167528,32
800530000079218530400970000000040365000300000003780002008051690000800000104690000,812534976679218534435976218987142365241365789563789142728451693396827451154693827,32
020008600000307005300004981671000859003000706080670030019006020000009004030000100,524198673198367245367524981671243859243985716985671432719436528852719364436852197,32
008001070004097038006803000800004000030008009479000002003080400207060001081702090,358421976124697538796853214812974365635218749479536182963185427247369851581742693,32
500030006090040012030006400076000800002004153310080000060050038000008007003967040,547132986698745312231896475476513829982674153315289764769451238154328697823967541,32
030500901705109030040030005009000007050910002600700009000400090003600174104090500,238567941765149238941832765319286457457913682682754319526471893893625174174398526,32
300010050061000703940703610006042300200301060100000000009106004610080000050090100,372618459861459723945723618586942371294371865137865942729136584613584297458297136,32
010000090060403000349000200072030489098020005053000020530000062000200543020040000,817652394265493871349178256172536489498721635653984127534819762981267543726345918,32
900005800050007610308690050005089000000023700800060000760002080000070420120350060,916245873452837619378691254235789146641523798897164532769412385583976421124358967,32
870600000165000870290084000700460050000091032901370640000000309000030000019007000,874615293165923874293784165732468951648591732951372648427856319586139427319247586,32
900500000052030009183009250000083704008670510007150000720300000000200000000490620,974526381652831479183749256215983764398674512467152893726315948849267135531498627,32
300000000100230060870004302000000903007000021012390600243978000000000030060020789,329786145154239867876514392685142973937865421412397658243978516798651234561423789,32
300580004007300600500000920070000008003105000094000001750940036900602050032000140,329586714417329685586417923175294368863175492294863571758941236941632857632758149,32
410720600000968500000001003000609004000000100040000060024306985009142730067000000,415723698732968541986451273271639854693584127548217369124376985859142736367895412,32
000000090050040003900600020809000251500890004340021900165700000400100002708400006,631275498257948163984613725879364251512897634346521987165782349493156872728439516,32
207040000090050607380270004800610090070030000040020061000500070526091000019080000,267149835194358627385276914852617493671934582943825761438562179526791348719483256,32
653049200000100000127630004080000005065708000300450079000060008070510006000007300,653849217894172563127635984789321645465798132312456879531964728278513496946287351,32
160802300009006208000000051410000030900537000070000820008600002001009000650004983,165842397739156248824793651416928735982537164573461829398675412241389576657214983,32
068450900045000608390687405004001006000040709070000300410009560600104000000000000,768452931245913678391687425534791286826345719179268354413879562652134897987526143,32
002400910408003750190002000000020800000900305001700260000056489049310000200000007,572468913468193752193572648735624891624981375981735264317256489849317526256849137,32
090030408004007002035000690000040060342000009168000200003006900029000006600925004,796532418814697532235418697957243861342861759168759243483176925529384176671925384,32
643010800800000071500028000000000100000001000106570409701209048052403000004107000,643715892829346571517928634275894163498631257136572489761259348952483716384167925,32
090018000037090000004000000002000305360040000100503942051300009023000001400157023,296418537537692814814735296942871365365249178178563942751326489623984751489157623,32
600000001725009604900480000036002000100000008207590003000005049304008507070040006,648257931725139684913486752436872195159364278287591463862715349394628517571943826,32
601300008078600030300400001000010000026080070000906053840000020160009405230040600,691352748478691532352478961583714296926583174714926853845167329167239485239845617,32
400006090070000054100500200300008062069000008040602003530060009006019430020045000,458726391672931854193584276315478962269153748847692513534867129786219435921345687,32
090308000000000000000060090003085620001003705005600943007850000806219400210400050,194378562562194378378562194943785621621943785785621943437856219856219437219437856,32
000607000097000000105802067001058000920070500300006040510080600009704050760003800,832697415697145382145832967471358296926471538358926741513289674289764153764513829,32
009070358002050960000009001500600427700000096000720000300080600046010080905006700,469172358172853964853469271531698427724531896698724135317985642246317589985246713,32
009000500200070000050940001000000706020000005070094008810200057000759104097400362,489126573261375849753948621945812736128637495376594218814263957632759184597481362,32
160030005200760308008000017000000100004090003803010000070006032600200040052004809,167839425245761398938542617796328154514697283823415976471986532689253741352174869,31
000071000308006009090480025080010007003004010020039000004000001865092000000340806,652971384348526179197483625486215937973864512521739468734658291865192743219347856,31
400000500700104980680007000300750012010000058000010093500060009908205300060800000,431986527725134986689527134396758412214693758857412693542361879978245361163879245,31
100003090000081000300009000703052080250108374060000900532000000407030009690000003,184573692926481537375629418743952186259168374861347925532896741417235869698714253,31
500600070000310864000020130000000000601090023350000900000400390004032051230061000,513684279927315864486729135798253416641897523352146987165478392874932651239561748,31
150800007000060200004010008007000009400607530005900726000000003526000970000470052,152893467983764215674512398267135849498627531315948726749256183526381974831479652,31
003500090280000406645080007000200008450000000090001020064805710000003205000109003,713546892289317456645982137136254978452798361897631524364825719971463285528179643,31
048000600730000800106004007805000000610500000000360520000030080500249703007100290,248973651739615842156824937825497316613582479974361528492736185581249763367158294,31
002000000690250001081369050050400010000900700000000030836000147017003090905001000,542178963693254871781369452359427618168935724274816539836592147417683295925741386,31
003700200700000050002030879804006900060005000050040120406100093030400000100073040,513789264798624351642531879874216935261395487359847126486152793937468512125973648,31
049050806715062009800000700008405000450106208160000000000600000930040000000003504,349751826715862349826394715298435167453176298167289453574618932932547681681923574,31
902800000068000010007009804009000021000501986000900403000007002700000090003198607,912864735468735219537219864689473521374521986125986473891647352746352198253198647,31
510000000900001000760302050000089001800000040050640002007900005200714860000503017,514876293923451678768392154476289531892135746351647982147968325235714869689523417,31
009600000000400519020910300010090760600000800083060145040009600060000050008730001,159683274836472519724915386415398762672541893983267145241859637367124958598736421,31
052900000710002400040000032001000060000600300670001080007580000069007003583009210,352948176716352498948716532231895764895674321674231985127583649469127853583469217,31
000056000204000060850004900189600034400000000005400001010908425900000100042007080,791856342234791568856234917189625734473189256625473891317968425968542173542317689,31
006170050001000600500080000150348000000007215000010040900024036000800701000700524,896172453721453689534689172152348967483967215679215348917524836245836791368791524,31
908000070000030560100000039050300086081700920000000007203000005890010340007240600,938165274472938561165472839754329186681754923329681457243896715896517342517243698,31
000000020048100300536204910001300700005420000400000800659030104000600000800701009,197563428248179356536284917961358742385427691472916835659832174714695283823741569,31
759634080030080900002750030300800000590000620000000043010400000000018504400060009,759634281634182957182759436347826195591347628826591743918475362263918574475263819,31
007000045400600310039000620002010000890000031071048000000005000700180400000037198,267391845485672319139854627652713984894526731371948562918465273723189456546237198,31
500700300004508000700060502009000120002000060800052490647280900200900004005000030,528791346364528719791364582479836125152479863836152497647283951283915674915647238,31
007080000802006003000347000200060000049000610050470008060795300304000957000004080,437182569812956473596347821283561794749823615651479238168795342324618957975234186,31
007060091000089004000400600304005010070021003800000000008013407006208109903040000,437562891562189374189437625394675218675821943821394756258913467746258139913746582,31
760512908125000600890070250201000070008000000057100009082000000470000023000008000,764512938125389647893476251231894576948765312657123489382947165479651823516238794,31
009700284024030560650020309060000000000010003012000075300040000000192036000000058,139756284824931567657428319963587142785214693412369875376845921548192736291673458,31
010004008000009006095000400261040093574098012080016040000000000038460000000900080,613724958742859136895631427261547893574398612389216745957183264138462579426975381,31
108300000900000047007000618609000254070004000020869000243985000016000000090000003,168347592952618347437592618689731254371254869524869731243985176716423985895176423,31
068000050405680301317050000001305000009000010000217000003500100654000907082000000,268173459495682371317954286721395864539468712846217593973546128654821937182739645,31
612000000403095200970000300200400009001000034040051800000000000709006482000280970,612843597483795261975162348268437159591628734347951826824379615739516482156284973,31
000067340000580000706310500040000000690020480000430060010040029060003054004600100,958267341431589276726314598843956712695721483172438965317845629269173854584692137,31
680900003400862700095041008060700204070400090000600000026530800000090000007004002,682975413431862759795341628569713284173428596248659137926537841814296375357184962,31
096000003300090000002004600608209000200030870000000912900501008501003020803007005,796152483384796251152384697678219534219435876435678912927541368541863729863927145,31
004308702300270100000000580807001000400800009021405300002106000190000000000700961,614358792358279146279614583837921654465837219921465378782196435196543827543782961,31
709040000060001980500790002000603000090870206632109000050007020000000053400000109,789246315264531987513798462847623591195874236632159748356917824971482653428365179,31
080500060004700590000000038203001000800350904000670325000067800030004170000005200,387529461614783592925416738253941687876352914149678325492167853538294176761835249,31
379521060480970150000000090000002806200000009001000205000000900602849000908700000,379521468486973152125684397794352816253168749861497235537216984612849573948735621,31
070030000902810065056200080060300490523040006400000000090001600630020040800000009,178635924942817365356294187761352498523948716489176532295481673637529841814763259,31
000000903050938000008406010400600100500007004000800620000015090809360201100709000,246571983751938462398426517483652179562197834917843625634215798879364251125789346,31
301800675005031000204600000420709300570008000000206000800060090000003000900180407,391824675765931824284675931426759318579318246138246759812467593647593182953182467,31
000048950039106000002900006240000000006000024008000000814030000000481000325069081,761248953539176248482953176243695817956817324178324695814532769697481532325769481,31
000008500900004010004070980103700020076900000000500807045100200017000054089000071,731698542968254713524371986153786429876942135492513867345167298617829354289435671,31
800500090000008000000049780400106900001050000359020100080010409713400620094000000,867531294942768513135249786428176935671953842359824167286317459713495628594682371,31
004001507000098000012375009060020003090006002205800014006700300500080200000003008,984261537753498126612375849461527983398146752275839614846712395539684271127953468,31
800024036000100904049006180692000000003800000000209000035408602004000510000500090,851924736367185924249736185692357841573841269418269357135498672984672513726513498,31
250098006004003809900000300301080020000930700867045100000000005740000600500810000,253198476674523819918764352391687524425931768867245193186472935742359681539816247,31
001903500000800000000007800527060103840100007913070000008600000205700610160050000,681923574754816932392547861527468193846139257913275486478691325235784619169352748,31
000074008007000003600050710064082071000001406013000000370010605850020009000000207,235174968147698523689253714964582371528731496713946852372419685856327149491865237,31
006200030700000000209040000603905020420630058900000070800009002040806100005320800,586291734734568219219743586673985421421637958958412673867159342342876195195324867,31
700650410900320000800410000080000070070003190090200503000905000000740832040000960,723658419914327658856419327385196274472583196691274583238965741569741832147832965,31
408001702300700085000458010900036100000945800000170054583007000000000600000000030,458361792361729485729458316945836127172945863836172954583617249294583671617294538,31
600105008003000004540300007954020000300400000100060495005010003402600500000007201,679145328283976154541382967954821736367459812128763495795214683412638579836597241,31
214653700008102050000089100050027431000430000000000000430000000590200004000004970,214653789978142653365789142659827431782431596143596827436975218597218364821364975,31
130070052000010400740900080960002804000607500000040670009000046020000705000709030,138476952295318467746925381967532814481697523352841679579283146823164795614759238,31
001307000840100637000004005006002790508000003000603580000009046064008070007000100,951367824842195637673284915436852791528971463719643582185739246264518379397426158,31
040300100293001000700064920000000601070080004000432000400200000050008300107043502,648329175293571468715864923324957681579186234861432759436295817952718346187643592,31
080009000500000940040357102005940000090006518000080004000208007000010020008670051,281469735537821946649357182815942673492736518376185294153298467764513829928674351,31
810205000500000803007308000001080000200190386080400001600000178000506009020070600,813265947562749813947318562791683254254197386386452791635924178178536429429871635,31
487500009000630000000874000821000000674000905509006020340100002000000043000060807,487521369152639784963874251821395476674218935539746128346187592718952643295463817,31
010008730520040000003100080040037510900402000307500028006005002000024000030000850,619258734528743196473169285842637519951482673367591428796815342185324967234976851,31
000008000370002001009603050600105903900000008000730602100260085050391700000800000,245918367376542891819673254624185973937426518581739642193267485458391726762854139,31
863000090005083472070910008400809023000000000500000010908060050001000040040070830,863724591195683472274915368417859623326147985589236714938462157751398246642571839,31
012406300406003210003000000008000560004905030900100400040300000007649000000287006,812476395476593218593812674138724569724965831965138427649351782287649153351287946,31
000000406005019287000650010302540000050190028609820000007965000020000500000030000,931782456465319287278654913382547691754196328619823745847965132123478569596231874,31
500000802024795030000400000006007000009010720780053460000506014600002907000070000,597361842824795136163428579416287395359614728782953461978536214635142987241879653,31
910025003008190004005300001006800100309010000102500098000053800890000500000001040,917425683638197254245368971456839127389712465172546398724653819891274536563981742,31
060035080704020590090800062800500049000180050050007000570000001130009020020000070,261935487784621593395874162812563749947182356653497218579248631136759824428316975,31
009002706280700300670090800006900420000000100002108000900604001057030604000501000,539842716284716395671395842816957423795423168342168957923684571157239684468571239,31
009070032800520019000490000200009075030000000080000124070215000490706200500000700,149678532867523419352491687214869375735142896986357124673215948498736251521984763,31
108346050009001000603007020090000001080004506001090087012009075000210000004070000,128346759759821643643957128596782431287134596431695287312469875875213964964578312,31
800650019060000402100020070000069020280740100900030004021580000600000500000970200,842657319765391482139428675574169823283745196916832754321584967697213548458976231,31
000000001000080370008032640730004089400000530082050104010070400304100700800000006,273465891546981372198732645735614289461829537982357164619278453354196728827543916,31
925007060360000784700000905002005000006090500000634000003910007000000000019750043,925487361361529784784163925192875436436291578578634192843916257257348619619752843,31
803070410027405900001008206070100350010309700005002060000040000000800000000601540,893276415627415938541938276278164359416359782935782164162543897354897621789621543,31
300100800097530000400009300010007008958000000270000003040208530002903106009010000,365142897897536421421789365613427958958361274274895613146278539782953146539614782,31
070400032000080500820957601000036900060298070000700016000000200045000789000000100,579461832614382597823957641457136928361298475982745316798514263145623789236879154,31
000060070800400020029705300000004062000010980160000504753100000406928000000003010,341269875875431629629785341987354162534612987162897534753146298416928753298573416,31
000410203900500000006302005000800030300000000000000902004003009895764021203980007,758416293932578614146392875529847136361259748487631952674123589895764321213985467,31
003107000000000700100902354000350871008204605006018009070400100000000540020030000,543167298982543716167982354294356871718294635356718429879425163631879542425631987,31
980050060001000000043020000005200009810007600479003000006000394390010720000039050,987354261261798543543126987635281479812947635479563812156872394394615728728439156,31
090601000000090601681700295000000030000000002912806057004160378109300000000000000,295681743743295681681743295457912836836457912912836457524169378169378524378524169,31
201070500980000120005600090003028005459136280800004360006080400000040000000000000,261879534987453126345612798613728945459136287872594361726985413598341672134267859,31
470205900100800060002930800600000407020090000381400006040002010207600008000000052,478265931139874265562931874695183427724596183381427596843752619257619348916348752,31
300209150000083002002000000070100500020300879060078000030090210005800004000012038,387249156156783942942651387879124563421365879563978421638497215215836794794512638,31
850026093000800210160900005490000370200701000010000028001007860000302900000000100,854126793937845216162973485495268371286731549713459628321597864648312957579684132,31
700000201019700405450009036005900064970000000040000000502100008107084000080500070,763458291219763485458219736825971364971346852346825917592137648137684529684592173,31
307908002020603000890050700502067010000800000006090058600009001070080400210006000,367918542425673189891254736582467913139825674746391258654739821973182465218546397,31
000789600120453098080601030010030049000007260030504000070000020203000000000302000,354789612126453798987621435718236549495817263632594871579168324243975186861342957,31
503700604009004050000500071105000003067200019030100000000925007900010408000000290,523791684719864352846532971195476823467283519238159746384925167952617438671348295,31
000380000500046109607100300800070000216938000470602030160000000000060203300007000,921385746583746129647129385839574612216938574475612938164293857758461293392857461,31
000090620080005003739006010007100409000270860000004002008049200200000000074600085,541397628682415793739826514327168459495273861816954372158749236263581947974632185,31
500020043034065007000309561048691002000200004000080006003500000007000000001070609,516728943934165827872349561348691752169257384725483196693512478487936215251874639,31
109025300025704810700000005050340906890057000000000000000002753500400090060500000,189625374625734819734189265257341986896257431341896527418962753573418692962573148,31
104080900030051200700000000896000725001725600027000040005800000068000000000574002,154287936639451287782936451896143725341725698527698143475862319268319574913574862,31
500006000001500800000200790908030270127000000630127080800060007400010900010000620,579386412241579863386241795958634271127958346634127589893462157462715938715893624,31
082000001000027040003010070930006085604058300000370060009060000006703000370001020,782934651561827943493615872937146285614258397825379164149562738256783419378491526,31
000078490900260008008045600100090004020000980800504316603000000010003000750010000,261378495945261738378945621136897254524136987897524316683759142412683579759412863,31
980000300000500090000900000107006489060800007800100000001039740693007500008205900,986741352714523896532968174127356489365894217849172635251639748693487521478215963,31
009050000520641308006900070600090400700068500000000036108000002005400600000816900,839752164527641398416983275683295417741368529952174836168539742395427681274816953,31
004010092000927340000000600590000008046700039200305100000100800401000007800509400,354816792618927345729453681593641278146782539287395164975134826431268957862579413,31
890030000004008000002070050500010604009300102010904800000103067050020480006000510,895231746674598321132476958583712694469385172217964835948153267351627489726849513,31
608509000001700608003006000000000065060901004020050090430000012009120030710064000,648519273951732648273486951197243865865971324324658197436895712589127436712364589,31
802030006003000002096420100680040005005096200200750080000075900920000000560200000,842531796153967842796428153689142375375896214214753689431675928928314567567289431,31
010000007500607080004000532200050068000090000000160203400800009301405800807010020,918532647523647981674981532239754168186293754745168293452876319391425876867319425,31
010430070040790015609005040000609002000000700000073069000200000428060000006050824,512438976843796215679125348387619452961542783254873169195284637428367591736951824,31
007060100050410900048307020306000497409030500501000002200000030890600200700000000,937562184652418973148397625326851497479236518581749362215984736894673251763125849,31
005064000020001004480009530002000800003080040000006007009003050800600000301548962,135864729927351684486279531642937815793185246518426397269713458854692173371548962,31
000760050002000703703000001104390205090205174000070000008007020400020510000000037,841763952952841763763952841174396285396285174285174396518437629437629518629518437,31
000032601200910800000000273020603000000040360300000024430007058900020006700580000,845732691273916845691458273524673189189245367367891524432167958958324716716589432,31
706050002024760050005902703009006300007300004050190200000000519000007000603000400,736851942924763851815942763149276385267385194358194276472638519591427638683519427,31
731504080004800001080000900620000000005900020400260000019082360007100002840000009,731594286954826731286371954623715498175948623498263175519482367367159842842637519,31
506004008000250700034000000000407009309010007000039105000043051400000000800062493,526374918918256734734198526165427389389615247247839165672943851493581672851762493,31
065000004008304007000007002000005000070060100006000370192503080600020003354870090,765182934218394567439657812941735628573268149826419375192543786687921453354876291,31
000671943039008000107394000080125000000009050500460008070000000000580000300702060,825671943439258716167394582983125674746839251512467398271946835694583127358712469,31
900500200020906000000007309080100007002083001104700000010008004409015703308000050,936541278827936415541827369683194527752683941194752836215378694469215783378469152,31
302970460000300890980010030190000008000100005060080000003400050009561200006030040,352978461641325897987614532194256378738149625265783914823497156479561283516832749,31
000080000000310900000004758040070003008400027050600000080100295500067000013209870,294785361875316942136924758941572683368491527752638419687143295529867134413259876,31
020039006093100002100002300809400030000020000300000601000070560080214700000600124,724539816593186472168742359859461237416327985372895641241973568685214793937658124,31
000000090900000003843590270260000000000158600010029040370004905000700010000905730,726483591951276483843591276269347158437158629518629347372814965695732814184965732,31
040009065209000307005030209001090580080300026026000001002900000053700000600500100,347129865219685347865437219731296584584371926926854731172968453453712698698543172,31
002708164980010003106250000000100056000000090000900007704301080610000040050000031,532798164987614523146253978829147356471536892365982417794361285613825749258479631,31
009050010002000090830700526300000000420500900018300004000900852060085031000000609,749652318652831497831749526397426185426518973518397264173964852964285731285173649,31
009400000310070040000613007000000600080700023402006005005060109190500006203000750,879425361316978542524613897957234618681759423432186975745362189198547236263891754,31
000004000054103070010900805140000000030052104502000003009245000005031700380000002,297584631854163279613927845148396527936752184572418963769245318425831796381679452,31
000546000719000000040000000501009060008060570060070008057300806820750190093000000,382546719719283645645917382571839264938462571264175938457391826826754193193628457,31
800010006201590730059308000000003804000004205008900000004050001000240007000800429,837412956241596738659378142592763814376184295418925673924657381183249567765831429,31
060025308000003060043000002390070085080030020006800000000700000052008900479002801,967125348215483769843697512394276185581934627726851493138749256652318974479562831,31
009000005006000000003000400000080600830706912000009308600097103010005029000801546,749312865586974231123658497291583674835746912467129358654297183318465729972831546,31
010840093040090000302600040000569000180000000005780304600030002000002100250100038,516847293748293615392615847423569781187324569965781324671438952834952176259176438,31
000009006509007041607010980000004003760000000000500407805900174000300092290001000,143859726589267341627413985952674813764138259318592467835926174471385692296741538,31
042630500030000040509002600026700400700490320090000085067004010004000007200000050,142638579638579142579142638326785491785491326491326785867954213954213867213867954,31
680093004400876093009150876000900000000500000153700902000300000030010000001600300,687293154415876293329154876874962531296531748153748962968325417532417689741689325,31
200800407006090080508047900070020500029006000000070208405009000102064000007200004,293815467746392185518647932374928516829156743651473298465739821182564379937281654,31
003020741040000025805001063010037000200000037600059400002000090304000180000000370,963825741741963825825741963418637259259418637637259418182374596374596182596182374,31
006000150004000800059000204080704000027009005000580007060807090300065708700200001,876432159234951876159678234685724913427319685913586427561847392392165748748293561,31
700034008000167000005020001600413020259706030010900860800001400500000700003000000,761534298928167345435829671687413529259786134314952867896371452542698713173245986,31
040900026100060048020080390010039000009800010780100060208001000970500000000000852,845913726193267548627485391514639287369872415782154963258341679976528134431796852,31
080360049376400000409008030050146002060000500092000014000000007507600090008070000,285367149376491825419258736753146982164829573892735614631984257527613498948572361,31
070080042000020700090005010040008009058102060912070500427000091060000000109000030,675381942831924756294765318746538129358192467912476583427653891563819274189247635,31
400079006100000042003408900000680400094701500600004173000300000006010700050000290,428179356179563842563428917731685429294731568685294173912357684846912735357846291,31
900600000720409000050000490009000710137900800000701950001000200005280100380074000,914658372723419685856327491549862713137945826268731954471596238695283147382174569,31
401850002000601000000000000056320049030400750040076208010000805000093600600085000,461857392392641587587932461756328149238419756149576238913764825825193674674285913,31
806000000005920300900000700700100203000000591000080647607010032040000876200600010,836457129475921368912863754764195283328746591159382647687514932541239876293678415,31
910064000370901504000000001890005000231009005650000000100408030080030000063190000,918564327372981564546327981894675213231849675657213849129458736485736192763192458,31
900002000350000002006045097400829500800050740005000009560094000000000306001506004,978162435354987612126345897437829561892651743615473289563794128749218356281536974,31
000300000000000000000806015090600542504709031013042700280060100000078960006000008,869315427351427896472896315798631542524789631613542789287963154145278963936154278,31
005000040030785060000009070156320900000800506000000004900071600260048001001003400,785612349439785162612439875156324987324897516897156234948571623263948751571263498,31
007900005100008006854000193040000020678090010090040000000000000080629001413500060,267931845139458276854762193541876329678293514392145687926314758785629431413587962,31
002040030093080010000000000008400000304902080279000000400030000020610359935020064,682145937793286415541397826168453792354972681279861543416539278827614359935728164,31
000050400000100725050403000000200000070040201000070060005007040706080502489520073,891752436364198725257463189648219357573846291912375864125637948736984512489521673,31
900206070300958402000310000000000010704000006000005240000580604000400021009172800,958246173317958462246317589695724318724831956831695247172583694583469721469172835,31
003500080000700000800300000560007830700203000002960174030004021050070300001030046,693541287145728963827396415569417832714283659382965174938654721456172398271839546,31
007980100800030507300007000465009301000000070000321040078090406020400050006700000,657982134892134567314567982465879321231645879789321645578293416923416758146758293,31
005900002069070500000501946300007090006000050070008030658020003200003060107005000,815946372469372581723581946342157698986234157571698234658429713294713865137865429,31
060003100148650390300480205902000000000700000083500000000207039000098000830040700,265973148148652397397481265972834651651729483483516972514267839726398514839145726,31
002700000073000000890540607008054700004170000700098040000007090000005008187400056,452763819673981425891542637928354761534176982716298543365817294249635178187429356,31
870260045000008300020059001403000218000030050700080460080000090030901002100006000,871263945945718326326459871463597218218634759759182463682345197534971682197826534,31
001200760500003140300410000032000000700041030000300097600050072003100580085000900,941285763528673149367419825832967451796541238154328697619854372273196584485732916,31
316000420809020610000013970000000089032000704000700006260090000100007000008502300,316978425879425613524613978457236189632189754981754236265391847193847562748562391,31
603000409000490000908700002065200970020900050397600200006000000012809065000000004,673521489251498736948763512165284973824937651397615248536142897412879365789356124,31
038042051651000004000000030493020000060850000070439102000200080080304000019000000,738942651651783924924615738493126875162857493875439162347291586586374219219568347,31
000500006030047208008900000050000187000071560800025000081350079700000030305090000,174582396936147258528963714652439187493871562817625943281356479749218635365794821,31
000007501700008904801090000000900000030070010089000000047825193028010400900700008,394267581762158934851493672275981346436572819189634725647825193528319467913746258,31
009000000010450002000009780300594820054602300000000900080000000205816003030900068,629178534718453692543269781371594826954682317862731945186347259295816473437925168,31
064590000000006039005120000000040005000010604426000090050000843000034907308070010,864593172271486539935127468197642385583719624426358791759261843612834957348975216,31
604000000090000005301006009900000501080000904013600208069200403400000007000534096,654897312798123645321456789946782531287315964513649278869271453435968127172534896,31
010034009007261380000700020000510460020000107105000000001400790009005800060903000,612834579597261384348759621983517462426398157175642938251486793739125846864973215,31
347010008000004012020600000700003001032801005008400003000046007065300089003080000,347912658586734912129658734754293861932861475618475293891546327465327189273189546,31
800563004140000003536000000604721900002900600000040701070050000460000059000006080,829563174147892563536174892654721938712938645983645721278359416461287359395416287,31
000600001860010003271000000634080010900306000708129000020405000000000300187200006,493658271865712493271934865634587912912346758758129634329465187546871329187293546,31
009657004000432190020890706002016000040000000000004800290100000150700980000080001,819657234675432198423891756382916475547328619961574823298165347156743982734289561,31
004006003700080900050000800400000301075001002080900075530400000269300048040009030,824596713713284956956173824492765381675831492381942675537418269269357148148629537,31
730604582960052030000070960000000003000006150050040290009000607015000009000200010,731694582964852731582371964296518473473926158158743296829135647315467829647289315,31
007090000000006092042010050810000026750009004206001503371000040009000000000948700,567294318138756492942813657814375926753629184296481573371562849489137265625948731,31
074390086000068000006002309340000608501680030000000000000000807005804003487000005,274391586139568724856742319342915678591687432768423951923156847615874293487239165,31
500096800906000001832001000400105300069240000000000400007023000180060090003814000,541796832976382541832451976428175369369248715715639428657923184184567293293814657,31
800090205020400006076500000100806029000014600760005003080000340400000050007243000,814697235325481796976532184143876529259314678768925413681759342432168957597243861,31
000000060037000094026040103004000620700016940000450700065800000071060309000070400,849731562137625894526948173954387621783216945612459738465893217271564389398172456,31
008600000701000498002000070000270000005196000320804069100060580000500004003041006,948617352761325498532489671619273845485196237327854169194762583276538914853941726,31
000470086000320000940000021000090704300764000070005090005030902094000130000002607,132479586658321479947586321581293764329764815476815293765138942294657138813942657,31
000480000000100600300002007708090201000620705206875000080010006000000100032050498,625487319874139652391562847758394261943621785216875934489213576567948123132756498,31
000007100008003090060000847800000000100560000000700431000850700980170020410236500,592487163748613295361925847879341652134562978256798431623859714985174326417236589,31
206800009800503000030060047003910000020700000950600783002000005070129460000000090,216874539847593216539261847783915624624738951951642783192486375375129468468357192,31
039520000052708000076000052010000647080000013000100080001085700700200008068000020,439521876152768439876394152913852647285476913647139285321685794794213568568947321,31
090030207130004000070596803781000035020000008006080000049000001063000900017900000,695831247138274569472596813781429635924653178356187492549368721863712954217945386,31
000000006000000000046837501000348005080570060700006000030700120007900030029060857,378159246591624378246837591962348715483571962715296483634785129857912634129463857,31
002000008400952107600843209705100000004205601006000000009510000000000920068020000,592761348483952167671843259725186493934275681816394572249517836157638924368429715,31
036800104700350002080074056105039000000080000800600200003008040000960000070501900,536892174714356892982174356165239487329487615847615239693728541451963728278541963,31
008004030000002745000010006000490610479060002000058004100040300000120400804030001,628574139931682745547913826285497613479361582316258974162845397793126458854739261,31
005001094016040835004850206057000040000904007040000100003000000400007680070600020,835261794216749835794853216357186942168924357942375168683412579421597683579638421,31
070040006208905000905070800000603200600702900002000305096030000037024000000006053,371248596248965137965371824489653271653712948712489365896537412537124689124896753,31
054000000007280005208900070030400009025700860000060050100600500502190007603000004,954371286317286945268945371836452719425719863791863452149637528582194637673528194,31
000006000000008900003014500708001002034692007006000031000000180060080200301240705,419526378625378914873914526758431692134692857296857431942765183567183249381249765,31
000000000010000053035204879000302187070000024002108900000000408001069002020080700,897635241214897653635214879956342187178956324342178965769523418481769532523481796,31
000070800000208000200546300000027058810600720300800400090700560708060030000409000,564973812937218645281546379649327158815694723372851496493782561728165934156439287,31
000108020010240053420530006005000200000000007000480030293000400570004390180000070,357168924618249753429537816935671248842395167761482539293756481576814392184923675,31
000050002005200300607000001008007006300000104040020800004308915836090420059000000,983154762415276398627839541598417236362985174741623859274368915836591427159742683,31
340009000001000000020700064600000047008004000174000080897413006003005879060090000,346529718781346592529781364632958147958174623174632985897413256413265879265897431,31
031000000709008012800000007300020604500074183460000920000840200000200700000756000,231597468759468312846312597318925674592674183467183925675841239184239756923756841,31
000029040048000005200800006000002000070000629029050803000048362002095480000030050,136529748748613295295874136813962574574381629629457813957148362362795481481236957,31
060008043000403065043600798079000320000050010800030509000090000901040000000060001,265978143798413265143625798579184326326759814814236579657891432981342657432567981,30
305000800000000360842000000001700200080001900970026000107000623098200050620000090,365179842719482365842635719531794286286351974974826531157948623498263157623517498,30
000050843705380069038900000003090100060000004000000980306009005007501000004800002,692157843715384269438926571543698127869712354271435986386279415927541638154863792,30
000080004039601070410007008090000000060000490050439201080000706600050100001002005,275983614839641572416527938394216857162875493758439261583194726627358149941762385,30
390000050000000087781040090800003010020190008017600005008005072009010500030700000,392871654456932187781546293864253719523197468917684325148365972279418536635729841,30
000000600003800109000000074000000040070040301820091050200503460000900510300407980,487129635563874129912635874139756248675248391824391756298513467746982513351467982,30
500030060000800000000070040020001304605300000400700010070000030830620451154000602,548239167761854293392176845927561384615348729483792516276415938839627451154983672,30
290300700004700090700000300000024000100038000003970000020010070800560429570092000,295341768314786295768259314957124683142638957683975142429813576831567429576492831,30
290000010000492000000006204050800940078000002000200070509080060000100529400920700,294538617617492835835716294352871946178649352946253178529387461783164529461925783,30
000000060010000000650400093301090007007003900800000001086001009102935800009087010,274319568913856724658472193321598647467123985895764231786241359142935876539687412,30
068000000040608009070400008030517080000084300800006507002003005700040000400902070,268739451541628739379451628936517284157284396824396517692173845713845962485962173,30
006000700700006008300005206407050100952063000003007900004800500870000600000600809,216348795795216348348795216487952163952163487163487952634879521879521634521634879,30
507060348000000900090080207080702005000050001060000024019400000703020180050090000,527961348438275916196384257381742695274659831965813724819437562743526189652198473,30
500300180093000000200754000108400050004900001300810000070600000412090030836000000,547369182693128745281754396168472953724935861359816427975683214412597638836241579,30
082630009060004208190800500803000000047280000600007000206100007000700600070020001,782635419365914278194872536823561794947283165651497382236159847519748623478326951,30
046037580908000003017500000000000300704081900000000240102003004580000000000010835,246137589958426173317598462695274318724381956831965247172853694583649721469712835,30
900000100604000090000309468000608020047000003036002000000200517002000839005003200,953486172684127395721359468519638724247915683836742951398264517462571839175893246,30
000000206628010040000008130007200061080006000006040892001805000000300714000001050,713954286628713549954628137547289361289136475136547892471895623895362714362471958,30
000700060040068200000019004800000071010005026002471000000100000008603002104507600,291754368745368219386219754853926471417835926962471835639142587578693142124587693,30
300000000600007005800005000000531069010060000400080001267000000100940270930076058,359624817642817395871395624728531469513469782496782531267158943185943276934276158,30
007256108060000009180000000021003900000102040804507002010930000300000200700001300,497256138562318479183749526621483957975162843834597612218934765349675281756821394,30
060370008000904006904005130400000003008036040030000002010703000740000001050012004,265371498371984526984265137497528613528136749136497852612743985743859261859612374,30
700032000300006700100000082000200003507603040063400027000025610000100000018000205,754832196382916754196574382941257863527683941863491527479325618235168479618749235,30
800140200030700000014306007000070040007004020400502090700000030000007800108053072,879145263632798451514326987253679148967814325481532796726981534345267819198453672,30
005830040001050023000000005000100500000340100006500080258490000617005030430070000,765832941941756823823914765384169572572348196196527384258493617617285439439671258,30
000000904070000002500100630600000710000000460000450008760094001003007040490310506,821673954376945182549128637654289713982731465137456298765894321213567849498312576,30
000006310049000085000000400090000004000090050715080900800000071107000639003720540,578946312649132785231875496392517864486293157715684923854369271127458639963721548,30
000007000000600900006000050200090000765120003940070801610000500832900100000701082,398457216574612938126839754281394675765128493943576821617283549832945167459761382,30
800020000000078000000000500000050800759862000200000970312005060004700201087013400,875621394943578612126349587431957826759862143268134975312495768594786231687213459,30
800103000900000064052000900017002090000006071060700500105008009090010008080360050,846193725931275864752684913317852496528946371469731582175428639693517248284369157,30
000030001030001086102040305009000000203060047004002090080070050300009700406000810,648735921537291486192846375869457132213968547754312698981674253325189764476523819,30
300054000004072860100060000000680345000020106000000020006290008810036092200000000,368954271954172863172368459729681345543729186681543927436295718817436592295817634,30
030000000210304890089000004071006080008705006000000005002008000097503600004001023,436897152215364897789152364571236489948715236623489715352648971197523648864971523,30
906028705003170460571009230000000000705004000000802000002700043000400000080250000,946328715823175469571649238218567394765934182439812657152796843697483521384251976,30
250340700800050003300870000024000056007680000600000000000000000508062130002010985,256341798879256413341879562124937856937685241685124379713598624598462137462713985,30
080190024002000170190040060003000000001800907000003002210654700000000040000738001,386197524542386179197542368973421856421865937865973412219654783738219645654738291,30
801030000403060710006700030000520000000873490300496000010080600200100380030000000,871934265493265718526718934649521873152873496387496521715389642264157389938642157,30
605700000000056000003019000700090080800500043009160005190005400000001006007243009,685732194941856327273419568752394681816527943439168275198675432324981756567243819,30
631509070004300000000020601987043065000000003003005007000150000008900040000430008,631589274274361859859724631987243165165897423423615987346158792518972346792436518,30
420015000135000040000000500000060354600450000003000060364000020080004170700800406,426315897135798642978246513817962354692453781543187269364571928289634175751829436,30
008650047051000000000908600503489016210000480009000570802030000700000005030000000,928651347651347928347928651573489216216573489489216573862135794794862135135794862,30
039000000400216300200000805000020790008040063023008000000300084000102037007800002,739485126485216379216739845541623798978541263623978451152367984894152637367894512,30
073080596695403102001600300910000008000000010004010007000360000000148000000500060,473281596695473182281695374912756438756834219834912657529367841367148925148529763,30
060000000940028001000050400050009204096002500004010036005040100400001000810063009,561394827943728651287156493158639274396472518724815936635947182479281365812563749,30
700001006802000001900006050007005100038760400000813600380020009090000040200150000,745391826862574931913286754627945183138762495459813672386427519591638247274159368,30
050010069000405100027600045700060050400000600000540020040007000500020900071056030,354712869896435172127689345732961458485273691619548723243197586568324917971856234,30
300000605150003800000651039000085000061000050080000302030076000600002080019030060,392847615156293874748651239423785196961324758587169342834576921675912483219438567,30
008000000000370000519006000064080005100200004200060810800000502002847091031600000,378519246426378159519426738764183925183295674295764813847931562652847391931652487,30
000050010000867290590000070135070029020000000000602500309000762001000000260000108,678259314413867295592341876135478629926513487784692531359184762841726953267935148,30
800970000002006805000080002000700240040060070009400680024010000300200108100000924,835972416792146835416385792683759241241863579579421683924618357357294168168537924,30
010030000076090100000000700602051300081307002030000000103600520700020010058400009,814736295376295184925184736692851347581347962437962851143679528769528413258413679,30
800000600300800014000000080000960050000073800986521300200700060000000020650010973,825147639369852714174396285437968152512473896986521347241739568793685421658214973,30
006170954781549000400000000008900000500060091100300700300400009950000008000205000,236178954781549362495623817678914235523867491149352786367481529952736148814295673,30
006143080001502600080097140007000050800209000900700000000900470000800906009001800,796143582341582697285697143467318259813259764952764318538926471174835926629471835,30
000030010290060070500700092004809000100000009900050007049200050300506048600090003,478932615293165874516784392764829531135647289982351467849213756321576948657498123,30
058030000000100860000006200529710000086925030017000002000000006064098300203000000,658239174932147865741856293529713648486925731317684952895372416164598327273461589,30
702005041000010000000072953000700300009100785000309062000403200020000000600200079,782935641395614827164872953216758394439126785578349162957463218821597436643281579,30
500407600000013000007080000349068000200009000000251000030906052000034000070025043,513497628682513479497682531349768215251349786768251394134976852825134967976825143,30
000201307000043005070060000000002019100400286802000504530800400710000008000004600,658291347921743865473568192345682719197435286862917534536829471714356928289174653,30
023000040000000200004000100030580072056007001040009008002000004400730005501648003,923165847615874239784293156139586472856427391247319568372951684468732915591648723,30
300260010000000390010097060026000000701430020430020050000080900002900040900040180,397264518264518397518397264826751439751439826439826751643182975182975643975643182,30
504003000368000407002740036400008000230904000006000049000090004700006008040800900,574683291368129457912745836497568123231974685856312749183297564729456318645831972,30
070001040108054709456000010037000000005706000912040360060007004000402600000000000,379821546128654739456973218637219485845736192912548367563197824791482653284365971,30
760030810003010647000047000830070090617095300000000000090000750100000980000000260,764539812953812647281647539832176495617495328549328176398261754126754983475983261,30
007000065000005830465030002000008009000600300009070120591046200200000006006280000,837912465912465837465837912374128659128659374659374128591746283283591746746283591,30
075000063290000150006000000000000940050080000080063725000040600010005800043010592,175892463298634157436571289361257948752489316984163725529348671617925834843716592,30
080734090900105007400200800004000005000000700070020100053607920000800003090301006,581734692962185347437269851314976285825413769679528134153647928746892513298351476,30
000602817602080500000050020008075400000000600040200750800010063010090270000807000,459632817632781594781459326268175439175943682943268751827514963514396278396827145,30
600700009005036080000009430507600040002140905800975000700002060480500000000000007,643781259925436781178259436597623148362148975814975623751392864486517392239864517,30
000200507075000200000003000003860900108007040700304006507006000600080000001795460,846219537375648291912573684453861972168927345729354816597436128634182759281795463,30
060024003000005607000070802000000431000567900000013076970200000401300700000700010,769824153284135697315679842657982431143567928892413576978241365421356789536798214,30
390000500000500100000000680200040700900000845000090306600250407082410900170000008,391682574826574139745139682263845791917326845458791326639258417582417963174963258,30
001200000000600000800030000200070000000000001713060024107806200586000009432900658,961285437374691582825734196248173965659428371713569824197856243586342719432917658,30
207063040410000050000400008703010092040080075000005000002000430800306209300009000,287563941419278653536491728753614892641982375928735164192857436875346219364129587,30
000004000200108300040050001930800074006020000000460009528040060014306000000080017,187634592295178346643259781932815674476923158851467239528741963714396825369582417,30
300400005400000083510320090070000460003146008100007000041205006000010000050090040,382469715496571283517328694875932461923146578164857329741285936639714852258693147,30
100500000003980000250000000060010280030020460082005030805400000009250046000100028,198562374473981652256734891564317289731829465982645137825476913319258746647193528,30
200000000471050036000002010900603070040080002100509004000406700610000000090235600,263174895471958236859362417925643178346781952187529364532416789614897523798235641,30
000000002200600007700480000128054070009020300000900000007019040910048060805760000,536197482284635197791482635128354976679821354453976821367219548912548763845763219,30
007000000000005710006000000060037140300000000000850230705090460004570300903460072,137984625849625713256713984568237149372149856491856237725391468684572391913468572,30
207400100100000800806000000500807600080100520600035000450020968070080001900500000,297468135135972846846351297523897614789146523614235789451723968372689451968514372,30
000080409000300008067094235009000000070001000000040050100030807350008061082010003,523786419941352678867194235439527186275861394618943752196435827354278961782619543,30
064301200000000093003000000089004000640010020007908405000005706450030081300000500,764391258528476193913852674289564317645713829137928465891245736452637981376189542,30
270310600000280090001050000107000860000840007000100509700000050900030786000068002,278319645645287391391654278127593864539846127864172539786921453912435786453768912,30
006000000000060000030900008010000854500030000002004300001890430354017086800305100,486153792927468513135972648713629854548731269692584371271896435354217986869345127,30
703000120152400900980500704010000009375064000600100057000001400000040002060000000,743896125152473968986512734218735649375964281694128357829351476531647892467289513,30
000900085600300100083074006000041500005783014400509030300206000000400000060000400,741962385629358147583174926837641592295783614416529738374216859958437261162895473,30
009104007100007080000300000801540070000000000070800542426700005000010000015426008,389154267154267389267389154891542673542673891673891542426738915738915426915426738,30
207800041000149602000070508000350000000701253020090060000600000000903406041000000,267835941853149672194276538716352894489761253325498167938614725572983416641527389,30
072680000390057008006400000000003054030000002007028006000010540900800001100090807,572681493394257618816439275281963754639745182457128936728316549945872361163594827,30
600000000894013702005000003300200070900000000250974000070000506000506020560420008,631752849894613752725849613318265974947381265256974381472198536189536427563427198,30
125090800000051063000080000080040039004003070000007420063070001900608000007009300,125396847478251963639784512786542139254913678391867425863475291912638754547129386,30
040085003003704008908031402000210080000049030000000701106008350400003000000100000,742985163613724598958631472365217984271849635894356721126478359487593216539162847,30
090007000700200840003000070010000007009763000070120000650372100007019065000000023,498657312765231849123984576812495637549763281376128954654372198237819465981546723,30
000729000279030010385064970000080000000012000102900650000008000908001004000047000,614729583279835416385164972793586241856412397142973658427398165938651724561247839,30
409008723002604001800320000004900070000000042107003009070400910040009030000000060,469158723732694851815327496324986175698571342157243689573462918246819537981735264,30
030800009000005000500030270070650080000079010050308702000500004080700105005002067,431827659728965341569134278972651483843279516156348792697513824284796135315482967,30
004690003035004600600800742000000060000058074000000205079060400000070506500000097,724691853835724619691835742258947361316258974947316285179563428482179536563482197,30
000000000600010700810907020071400000280000940064500007000800079500701062007024000,749256831652318794813947625371469258285173946964582317426835179538791462197624583,30
000718400081003000904000000010074950340090010000000043400530060100407005000100004,625718439781943526934652187816374952347295618259861743478539261162487395593126874,30
000030729030020060000400000013050000070318002950000800005706001040080690000100205,164835729538927164729461538813259476476318952952674813285796341341582697697143285,30
000060300069037008107050600003000400800010075005800000000000732691072004000084000,258469317469137528137258649913725486846913275725846193584691732691372854372584961,30
096412370000000140000030080000028000000300600350960000001000000209001060670289001,896412375735896142412735986967128534128354697354967218541673829289541763673289451,30
000100005050400162001050078000800210008071096072000840007000000000000704003002650,784126935359487162621953478965834217438271596172569843247615389516398724893742651,30
002300040006000590000020700703006809080000600104598070007603000005079061600000000,952367148376481592418925736723146859589732614164598273297613485845279361631854927,30
000001002000020000060070310100080009058090100029107000536008090091060200200009006,947351862315826947862974315173685429658492173429137658536248791791563284284719536,30
060010000000500670950070002006924030200005006000180024020000057400850200007001000,768412593142593678953678412816924735294735186375186924621349857439857261587261349,30
700410008000790000010060003050000000800009020200846039030624090900107200000005007,793412658568793142412568973359271486846359721271846539137624895985137264624985317,30
061008020000000805005000060000046010000000690600100050036400580500369000047000936,461758329329614875875293461253946718718532694694187253936471582582369147147825936,30
240000000000270103003080400002060000080007040030098752091802070064010000000000901,247631598958274163613985427572463819189527346436198752391852674764319285825746931,30
004500000105000000873000109008200010002030700030007020510000002080700061000615308,264591837195378246873462159748256913652139784931847625516983472389724561427615398,30
031970056000000000090800000010200540350190000026030100200600400000020005063009702,431972856685341927792865314917286543354197268826534179278653491149728635563419782,30
010080590002000007800502004000600005700900000060075020040700206120008709070010030,614387592952164387837592164291643875785921643463875921348759216126438759579216438,30
700603090058000000364500000005310640400758000200064000043800002500000000009000014,712643895958127436364589271875312649496758123231964587143896752527431968689275314,30
070006009004070000080000057031800000002000086065002100019050802600020001000310705,573286419194573628286194357731865294942731586865942173319657842657428931428319765,30
000050120000000900790020030500000003209410705340080090000301048000008000850009061,483957126612834957795126834578692413269413785341785692927361548136548279854279361,30
570200040630000120002006000040590302095020704020040000050304000003060080060800000,579281643634975128182436597746598312895123764321647859258314976413769285967852431,30
407069003900020500000704019090008000006001008030640000084006002000002800200080706,457169283961823574328754619192538467746291358835647921584976132679312845213485796,30
358200007607000900000016008004190760700430091000500830000000000080600003070980000,358249617617853942942716358834192765765438291291567834126375489489621573573984126,30
007000100030060000009000000086210000043687902912005000374000000001070698600002000,467928135135764829829531467786219543543687912912345786374896251251473698698152374,30
000000000704003986002968001020095064590000312600001009000000000400002600000079100,869417235714253986352968471123895764598746312647321859976134528431582697285679143,30
185000000060180000320700800510000004900478120000010300000200906697040500000090000,185329647764185293329764851512936784936478125478512369841253976697841532253697418,30
000005030000002507007304268900000075012000600000046000590008720200030800000000953,628175439349682517157394268964821375812753694735946182593468721271539846486217953,30
000300000000204090540009310005803020027096000000042509070000080600008070389007000,896371245713254698542689317965813724427596831138742569271465983654938172389127456,30
007900100030000000010005300000270041094500023300090000000120460920608037840000000,567932184239814675418765392685273941194586723372491856753129468921648537846357219,30
020900710008040500659800043000006100010500607007000400000053971790000000000000024,423965718178342569659817243345796182812534697967281435284653971791428356536179824,30
005000000090800000000025000053081020800470935000090010030040502020308000010250083,275936148396814257184725369953681724861472935742593816638147592529368471417259683,30
017082000000740062806900470000100720040078003080003000000050107090800000108300000,417682395359741862826935471635194728941278653782563914263459187594817236178326549,30
200900000065401000000000050706003184000000002000020000810670340350810690600050020,287965413965431278431287956726593184593148762148726539812679345354812697679354821,30
010006087600027000028000500060000300070000658030560000200000005190340000500682070,319456287654827193728913546865279314972134658431568729286791435197345862543682971,30
900130006608040300100007009000859210000001003000370090036708100080000002540000000,954132876678945321123687459367859214895421763412376598236798145789514632541263987,30
801920050070018920002000000000002600004000800000800300000539100903100204000284500,841923756675418923392756418187342695234695871569871342428539167953167284716284539,30
086700000005932800200800750009200400000000080320000000900008017034600020701029000,486751932175932864293864751519283476647195283328476195952348617834617529761529348,30
420095300070000580000173000637200090050030020000001000003000700700300040980007036,426895317371624589598173462637248195159736824842951673263489751715362948984517236,30
004090030090003000023050970709300804405000023062000107000031000006508000000006005,654897231897123546123654978719362854485719623362485197578931462246578319931246785,30
020604100000080000080029045005041070008000060730006014070000020213900000064010000,927654138456183792381729645695841273148237569732596814579468321213975486864312957,30
200054306000703289076000000054600090000020000702000000908005600530200908000080001,289154376415763289376892415854631792163927854792548163948315627531276948627489531,30
070803240080140060002065000009000000150000900706209010307000050000900024040000039,675893241983142567412765398829514673154376982736289415397428156561937824248651739,30
630040905007008000412900300000000063306004000905700041800009530040000600750000000,638142975597368124412957386184295763376814259925736841861429537249573618753681492,30
030004520602100000008000017860000000270310640093000050009042000000701090000038060,731894526652173489948265317864527931275319648193486752389642175426751893517938264,30
100042000400070010000600300070060000340087560605000000901028706204006000000090420,196342875423875619758619342872561934349287561615934287931428756284756193567193428,30
306020100205000038040038000800701040060000701007040080070013060100000000020050013,386529174295174638741638529852791346463285791917346285579413862134862957628957413,30
000530000084002500930480000000003008870001000000678000400827000000300807020095360,217539486684712539935486712152943678876251943349678251463827195591364827728195364,30
000010830000040106106780009603004010902060740000201000068000091000109000001800000,459612837837945126126783459683574912912368745745291683268437591374159268591826374,30
154200070200000001000004000740000200531002600082006000000000003305800714407005008,154293876293678451678154392746531289531982647982746135869417523325869714417325968,30
000000000000700000502460000000246739039000406026379005000001050091520060000600800,978152643643798512512463978185246739739815426426379185367981254891524367254637891,30
600000010004900600000030000802450100090860000053097020080346701700000360040000200,638574912574921683921638547862453179197862435453197826289346751715289364346715298,30
061040200000728010028000000059003000003607500017050830000000300596000000034002005,961345287345728619728961453459283176283617594617459832172596348596834721834172965,30
000800000007090301650000000064700080000040007710050063070409100096010805230500000,143872956827695341659134728364721589985346217712958463578469132496213875231587694,30
000610008407090561600480000001508070540700100009000000054000000000020405006004380,392615748487392561615487239261548973548739126739261854154873692873926415926154387,30
000053000053000002019000008005060000001020000000085060048000291006002007190748035,274853916853619472619274358485361729361927584927485163748536291536192847192748635,30
609020000000006000802000900060070010287400390000009000304060850018943600000080009,679528143431796285852314967963872514287451396145639728394267851518943672726185439,30
100200000025060000603000050006501003050390000007080010508732000000600580060008307,184275639725963148693814752846521973251397864937486215518732496372649581469158327,30
050020008006090007100060905200000000018003000935070861560000002020036000004010050,459127638386495217172368945247681593618953724935274861563749182821536479794812356,30
400020305070300400005460072900035000053000900000902000200000089041000207009270000,496827315872351496315469872928735164753146928164982753237514689541698237689273541,30
300700080079560030050400720000000973010037000790600000000049000007000094900000815,341792586279568431856413729562184973418937652793625148185349267627851394934276815,30
000100005407000100002057000329000040501680090604309500090013050000040060800000001,968132475457968123132457986329571648571684392684329517296713854713845269845296731,30
020601780401000035000000000050104060600070000210960000540810307007002000000097050,325641789461789235879235641753124968698573124214968573542816397937452816186397452,30
784000003000500000050004962078000004106300800005098000010000790600050000800907015,784629153269531487351874962978216534126345879435798621512483796697152348843967215,30
005010086000500900002004007009000708083001642600380100030000000000135200006000510,375219486468573921912864357159426738783951642624387195531692874847135269296748513,30
010006050300007028082053000943000060000068000050009002530090200000600003260305000,714826359395147628682953741943271865127568934856439172538794216479612583261385497,30
000100003000000510751083624000005000803010000007008006100500480240000309900040700,462157893389264517751983624614795238823416975597328146176539482248671359935842761,30
200400000580320000064000000908137460056000307000640080147000803000000070032000000,213476598589321746764958231928137465456892317371645982147569823695283174832714659,30
879340210600090450000600000000080005000160000700039601005403002007050100000200500,879345216612897453354621978146782395593164827728539641985413762267958134431276589,30
000000000000049071760005420002097000090318000300050967504000000000073000170500096,249761385835249671761835429452697138697318542318452967584926713926173854173584296,30
061000080000000090009200016600380001012000008004510600003075960006000057105040000,761439285258761493439258716697384521512697348384512679823175964946823157175946832,30
009500000060002047080900000604018200700006000010207000007601092008040013000829000,479563128365182947281974536654318279792456381813297465547631892928745613136829754,30
000748006300200408000000500051082030600090040842060900005600000190000700004003200,529748316316259478478136529951482637637591842842367951285674193193825764764913285,30
209003000005400006008690350690507408480900005001004000900100060500000900000000501,269753184375481296148692357693517428482936715751824639937145862514268973826379541,30
560000020190000005000040090070000500040800170685000340030004018450160007800000050,564981723198273465327645891971432586243856179685719342739524618452168937816397254,30
000001685009600300080302001090260000000598067060030098000050400000019700050400000,273941685149685372586372941895267134431598267762134598918756423324819756657423819,30
903500001070003580800000000000000040000000079719048600090030000000067914007904830,943586721271493586856721493562179348438652179719348652194835267385267914627914835,30
000007000701905400009004012040603020070200000002800000800010250017000043090408600,463127598721985436589364712948673125376251984152849367834716259617592843295438671,30
000000000004500600001439058050000020700243005300008000190024006008065009507090000,285176943934582617671439258856917324719243865342658791193824576428765139567391482,30
003020000061005300700980106008362740410008000600107090000210000000000000000759008,893621574261475389745983126958362741417598263632147895386214957579836412124759638,30
000050706076200500059000000005002003000006100210080065000805270004093008508400000,132958746476231589859674312645712893983546127217389465391865274724193658568427931,30
040520000030080002200060018000010840100000207000000031000702004002006085416900700,841529376637481592259367418725613849163894257984275631598732164372146985416958723,30
046500000000291000000048057083005102009002030014000790000004003060100004000063010,846537921735291468192648357683975142579412836214386795951824673367159284428763519,30
901000050607500000500900700004820300003009000060005000009267008085000020270058900,931674852647582193528913764794826315153749286862135479419267538385491627276358941,30
000002009600310024000080003060008012100000380003000000005123000000760000470859201,531472869698315724247986153769538412124697385853241976985123647312764598476859231,30
700005600800120000201009000000060492940050100000094307005602700006930000300000200,794385621853126974261479583537861492942753168618294357185642739426937815379518246,30
030500802016002007902437000000000070043050068000600400009800005070160004020005000,437516892516982347982437156698243571243751968751698423169824735375169284824375619,30
004890007503142690680005001700020003000300000830000020020600305000000002308004000,214896537573142698689735241745921863192368754836457129427619385961583472358274916,30
805039020210500900090000005000000018000340000000010043000970860001403000700060354,845739126216584937397621485473296518158347692962815743534972861681453279729168354,30
000905060005006000006042000300601000000500916001200385640000090083100004010060030,432985167895716423176342859358691742724538916961274385647823591283159674519467238,30
020730000004000035000840002030000570007080210000570903400601000070000050005397020,126735849894162735753849162938214576567983214241576983482651397379428651615397428,30
050000001003004020000850000000000500500609103137008600006000407405286009000070260,852963741963714825714852936629137584548629173137548692286391457475286319391475268,30
000000400006090300000608907860000200250080740000020800600010009007260184040000620,971532468486197352325648917863471295259386741714925836632814579597263184148759623,30
402000300067350200953004706030006007624075003000000462000000000000600530006000000,412768395867359241953214786139426857624875913578931462385192674291647538746583129,30
009002406005036080600900070000004020410020060900060800750003000000298050800650000,189572436275436981634981572563814729418729365927365814756143298341298657892657143,30
050200000000003000031000682049000060608000000527060000006040000403500910085610703,754286391862193574931475682349752168618934257527861439196347825473528916285619743,30
008001209020000000300200006007010620002307001000600370703000000549006100200070490,678531249924768513351294786837915624462387951195642378713459862549826137286173495,30
000804690060000850080097300400006000706023900250000076001030700000000035045700000,132854697967312854584697312498176523716523948253948176621435789879261435345789261,30
300506480009310000000000001006900002150704000008025706810000604604001000075000000,321576489489312567567498321746983152152764938938125746813257694694831275275649813,30
376000905000600280020100000080001040000000039900070002850010406107004090642000000,376842915591637284428159763285391647764528139913476852859713426137264598642985371,30
000760104000030000050840923705100000000000400060000000976458000023000045084300060,392765184418239576657841923745183692831926457269574318976458231123697845584312769,30
010080500800490000900000702091002050700850009004000206036040905400000020100020040,613287594827495361945163782391672458762854139584931276236748915478519623159326847,30
000097000000000090000238004000000006360100070057006002000420751710809400402700009,541697238283514697679238514124975386368142975957386142896423751715869423432751869,30
800200607075010043000000091000300709002790004006000000007400000001063000060987012,819234657675819243234675891148352769352796184796148325987421536421563978563987412,30
302017090005003000700000000600708500800901203150300400400030720200000300006000041,382417695965283174714569832623748519847951263159326487491635728278194356536872941,30
306200080040030095905001030400070020010620508260040000090000000002900000080000950,376295481841736295925481736458173629713629548269548173594817362632954817187362954,29
009280000002003001307900068050000093930050006004100005100000002005000007400301080,519286734682743951347915268258467193931852476764139825173598642895624317426371589,29
005000060030000080071080300069000000407009853000000000050076098700100502000530406,895324761234761985671985324169853247427619853583247619352476198746198532918532476,29
050060700700005060006734080201008500569000000087090000004000000000040051010000849,958162734743985162126734985231478596569213478487596213894651327372849651615327849,29
005012003006000004240060000402093706000080005000004300080001609000005032120900000,875412963936758214241369857452193786319687425768524391584231679697845132123976548,29
000400030600000200000020640000000302002086400000002816060093000900270000720014903,281469537649357281537821649816945372372186495495732816164593728953278164728614953,29
070000500504300869090000207000700405007900010009003670000200000008031706002000003,273698541514372869896415237321786495687954312459123678135267984948531726762849153,29
079000002502370000086510000000938000000000000600000090723804610090105070005700000,379486152512379846486512739257938461938641527641257398723894615894165273165723984,29
304108205009634007000000600000041700400002009000000004005903400000800036603000050,364178295529634187718259643956341728431782569872596314285963471147825936693417852,29
300500709800090000000204500036050407000000602000020180028005070473000050000007006,342586719865791243917234568236158497581479632794623185628915374473862951159347826,29
070000530000500800032800000263070000089006050407000200010750008000000005020084310,874619532691523874532847691263475189189236457457198263316752948948361725725984316,29
000000000300002600007030580004500060001020034200074051020780090000040100400005870,582467319319852647647139582734591268951628734268374951125786493876943125493215876,29
000907040004500027000600003000010030940006205000000409430700000010060000070192360,358927641164583927792641583527419836941836275683275419436758192219364758875192364,29
670800003000000057400065090790082000800000000304000020003290000007410006048650000,675829413289341657431765298796182345812534769354976821563297184927418536148653972,29
006180000015003490003096100080052000004061050000900000009600500008007300000300608,946185273815273496723496185681752934394861752572934861239648517468517329157329648,29
600000000000400600501096002060847000700501000100000748470000280300000407090000360,639278514827415693541396872962847135784531926153629748475163289316982457298754361,29
700503000004090803000104006001200090000000400005800020470009100600010702010002560,796583214124796853583124976841267395267935481935841627472659138659318742318472569,29
028090000400000208650000000200089100510030800000610027040003080000070400000041602,728194563491356278653827941237489156516732894984615327145263789362978415879541632,29
010000000039400700802009160095360001000000050000790640940601000000200030007003800,416872395539416728872539164795364281364128957128795643943681572681257439257943816,29
030000850049600301085000000071009004000405008000010000508700009700000180960001007,137294856249658371685173492871329564392465718456817923518732649723946185964581237,29
008000790003970402009002005000500807090000300700000050050009070007000109010008543,248365791563971482179842635432596817695187324781234956354619278827453169916728543,29
060070032000691000050008190900800001310000020080060000030046500078300049000080000,169574832823691475457238196945827361316459728782163954231946587578312649694785213,29
580060007000000504300540020009783000000005610402090700000000000000807241040030005,584162397126379584397548126619783452738425619452691738875214963963857241241936875,29
015003708000004900080095602007500000006000005800300204501032000400050300000040500,915263748623874951784195632247589163136427895859316274561732489498651327372948516,29
017056030000700500000300078200030000130005000006040300005004913091000020000093050,817456239923718546654329178249831765138675492576942381785264913391587624462193857,29
010824679000000004000000351400002000003480000900000400280010540030008010000500098,315824679697351824842679351458962137173485962926137485289716543534298716761543298,29
004090100000003806000001000070300900342050060090000420001000080700012030003780014,534698172217543896689271345176324958342859761895167423421935687768412539953786214,29
200050003000040090750000264060204008580060009402700000070000002800306007000400050,246957183138642795759831264361294578587163429492785316974518632815326947623479851,29
020701000800020000100300000030400600601032590590000230006200000000600002000047316,429751863863924157157368429238495671671832594594176238316289745745613982982547316,29
030090005010000003700000901000000170107204096300010004805002000003000007691500002,236891745918475263754623981542936178187254396369718524875342619423169857691587432,29
107802050640001900200006000010000000009007100000018005006189000901050000402603000,137892456645731982298546371813925647529467138764318295376189524981254763452673819,29
001037800000080200080020005000000963000306040090810750000908521050700000040002000,421537896537689214689421375814275963275396148396814752763948521152763489948152637,29
000004009000300000089007000020000640460010903003000081910003504204900300000005190,576124839142398756389567412821739645465812973793456281918673524254981367637245198,29
105600080049000300200003406000902000813000000020001640090000563001000020000400017,135694782649287351278153496564972138813546279927831645492718563781365924356429817,29
700000500004082007005637000620904000500000074009000020001000009900000203300009148,736491582194582637285637491623974815518326974479815326841253769967148253352769148,29
000007430200000000000203089090500300007600800003400700009815007051700900060000058,985167432234958671176243589498571326517632894623489715349815267851726943762394158,29
000000213001000009900020070400680150083000000200470030706800000800104000054000320,547968213321547689968321475479683152683215794215479836796832541832154967154796328,29
009000052061005049302000760004200900000100206006058000503080000400072500000009000,849716352761325849352894761174263985985147236236958174593481627418672593627539418,29
000060003530900010060400007206000000400709020007000340090020070705096100000040860,879261453534978216162435987286314795413759628957682341698123574745896132321547869,29
070086000009500000306120700037018520000002000050007000040760008000000007765803000,574386291129574863386129745637918524918452376452637189241765938893241657765893412,29
890601007400000060062004090920700300000500900350010600000000000703105000519000700,895621437437958162162374895921746358674583921358219674246837519783195246519462783,29
000600000503004280008500090000900040060325009000006000105478302200150000000003900,749682135513794286628531497352917648864325719971846523195478362236159874487263951,29
004230000001859406000604130000003564080000000405000080002008007500000200000300840,674231958231859476859674132127983564983465721465127389392548617548716293716392845,29
004390508000060000930002000093540000000020400400607039000070301010080054040000800,674391528582764913931852647293548176167923485458617239829475361316289754745136892,29
000000730600078004307004500073290005010805300006430001090000400030000000060000250,941652738625378194387914562473291685219865347856437921592786413134529876768143259,29
000000050000800209105070640000008432200500700070002000400080320000027104000104900,927643851364851279185279643651798432243516798879432516416985327598327164732164985,29
010500000090800060028000045000007504100398706000415003030080070800000000700050600,617549238495832167328761945983627514154398726276415893539286471862174359741953682,29
719025034060300907000170502080067000090000000002010006001750008000000005006080000,719625834265348917438179562184967253697532481352814796941756328823491675576283149,29
070500691006740000350001402080630100000000300000000080007156900000008010600090030,274583691196742853358961472782635149941827365563419287837156924429378516615294738,29
210000005000000000005002380083000001600000007900206050062080014000023570050000632,219368745836754129475192386583479261621835497947216853362587914194623578758941632,29
003069000040005800000070000200010000000092600001050000050983160614000900308000572,523869417147235896986471253239618745475392681861754329752983164614527938398146572,29
040008003005006821108000007000400162001900000057000000500670000670809030000030006,746128593395746821128395647983457162261983754457261389534672918672819435819534276,29
100000527000520600000041800001300270027008000500000000200760000010050000476080902,164839527983527641752641839841395276627418395539276418295764183318952764476183952,29
030642005001803000400000000009084200002900040843260970000000010205000060004001000,738642195591873624426159837179384256652917348843265971987436512215798463364521789,29
030075001100938700072041000000300500000400830000750000020060000008090010095100600,839275461146938725572641398214386579957412836683759142721864953468593217395127684,29
002369875630800400005002309020000007800000000407200080000704090000600000074000008,142369875639875412785412369321986547896547231457231986568724193913658724274193658,29
040360050000204608000000020307050200008709001514000000000000003000070460426080700,142368957975214638683597124397451286268739541514826379751642893839175462426983715,29
010430086000000000400068000000090705803706004050001000000105000304609150100304000,517432986968517423432968571241893765893756214756241839679125348384679152125384697,29
000080009000300756490000000000020000900065201000703685009030000370200100500900067,765182439821349756493576812658421973937865241214793685149637528376258194582914367,29
050700030403000602067009080700900050005070003300000160000200340000068000002400810,158726934493815672267349581716932458845671293329584167681297345534168729972453816,29
000005032302841906090003004000017000000030401041058093200004000000070000000300007,184965732372841956596723814923417685865239471741658293217584369639172548458396127,29
000600000240700890000012007024000059000900400090040010002100000059006301003007208,375689124241753896968412537824371659137965482596248713682134975759826341413597268,29
000005073000063100007010025041000560070100080008000300400000030000940000205371400,194285673852763149637419825341892567576134982928657314489526731713948256265371498,29
570040613000500400820000900000605090080001000000970040740000000000300870090004126,579842613136597482824163957412635798987421365653978241748216539261359874395784126,29
500000000010600009094070056001003902400500000080000075000486290000050004608720000,563948721217635489894172356751863942429517638386294175135486297972351864648729513,29
400700003090050000670000100007000030020005000860200407700800004900040506130067002,415786923293154768678932145547698231321475689869213457756829314982341576134567892,29
962031500000062400400070060090000850050090000040800000324000600000000010015680020,962431578578962431431578962293147856856293147147856293324715689689324715715689324,29
700000520006031000000000301510307680340000102800500407000000003005000200403600010,731984526256731894984256371512347689347869152869512437628175943175493268493628715,29
500000000081930500000070480098700146000009050750000300005000270200050800004090010,567418923481932567923576481398725146146389752752164398615843279279651834834297615,29
000000000800006729207005043020080900583600000040720000004000807900100005000300290,436297581815436729297815643721583964583649172649721358354962817962178435178354296,29
003240000007650830500103402050001000700400000000000708008060053100000049000005280,813247596427659831569183472356871924781492365942536718278964153135728649694315287,29
030005000006900001080031205000000020900250700400076039200100453090500070000000010,134625897526987341789431265678319524913254786452876139267198453891543672345762918,29
069004000300001040000200916004000107000400009090078000000042500030000024208009670,169784235352961748487253916524396187871425369693178452716842593935617824248539671,29
075230904000004001480000306000600040040073260000000010004010008000008457000500002,175236984623894571489751326317629845548173269962485713754312698231968457896547132,29
900300280000000900200700140005000618010500004004001000031000079070080060002047030,957314286143628957286795143725439618618572394394861725831256479479183562562947831,29
070000001250600030004000060000108600100060047000007010040803900813000400092006100,679384521251679834384251769437128695128965347965437218746813952813592476592746183,29
000000000000100500056029100400008050590302600000050040070000830920030001084760005,813576429249183576756429183432618957597342618168957342671295834925834761384761295,29
500706008004050000000000100000207084045930000002080930400000070000070345020340600,531796428284153796967428153319267584845931267672584931453619872196872345728345619,29
004000001001000306930708004000900010085004067697000200000020000012403070040600000,254369781871542396936718524423976815185234967697851243768125439512493678349687152,29
400980000520040008000250000000000530030020016610005000006010250000406900189000007,461983725527641398893257164274168539935724816618395472746819253352476981189532647,29
000021030009000002000096000020083001000400726000000008407602900003009000985170060,854721639639548172172396854726983541398415726541267398417632985263859417985174263,29
000000790090040500501070480300090064000600025060005010240010000050060200070403000,482351796796842531531976482325197864917684325864235917243519678159768243678423159,29
300080000980070300070002006000008237510230000007000000400059700050700460000463000,342986175986175342175342986694518237518237694237694518463859721859721463721463859,29
008096342043800500000000871560900008000005020029000000030200100000107000050000280,178596342243871596695342871567923418814765923329418765936284157482157639751639284,29
001306000000489070894107000005060002008290010900000030020005389100008000000000050,271356894563489271894127563715863942638294715942571638427615389156938427389742156,29
905870421000241000000050000003400050000008040006000370002397800000000900009084005,935876421867241593214953786783462159591738642426519378152397864648125937379684215,29
200000045300564200600000000082090104040002030000400508061040003009001050000000710,298137645317564289654928371582793164146852937973416528761245893839671452425389716,29
032000000008000000050094123070080042000175908000003000060942700000300850003000004,132756489498231675657894123571689342324175968986423517865942731249317856713568294,29
103020069000000005607053000080000000030084000006031450002700500305002001709005000,153428769428697315697153842584276193931584627276931458862719534345862971719345286,29
376090420005060000000052300004006000060089000090000003640903500500004030900008007,376891425425367819819452376754136298163289754298745163647913582582674931931528647,29
312000080690040001004100009008030600040005000000060802060090020000600048400052006,312976485697548231854123769528731694946285317173469852761894523235617948489352176,29
081030425050010000060005000007890060039000000002070980108002507070080000000050009,781936425254718396963245178517893264839624751642571983198362547475189632326457819,29
840000910000804007730000400902000003010370009000000104100030000000097200009142005,845763912291854367736219458962481573418375629357926184124538796583697241679142835,29
020000090680957000000040300806400100040000608030060740360005910010600000000104000,124836597683957421795241386856479132947312658231568749362785914419623875578194263,29
000400000056000740270600309005004070420700050000008234000003607762005000000060000,938472561156839742274651389895324176423716958617598234581943627762185493349267815,29
508400130000900004000000050010000320487600001060105000004002013039500000002019000,598476132321958674746231859915847326487623591263195748854762913139584267672319485,29
400007600560300210721600300003700001070001030000039008600800050000900003000000046,438217695569384217721695384943728561872561439156439728694873152215946873387152946,29
000039080000000009032000500008000300503092176070300092027000053100900700000020060,415239687786514239932687514298176345543892176671345892827461953164953728359728461,29
005012639080609070000070000030000196016050708000090300090000060050261000000040000,745812639182639475369475812534728196916354728278196354493587261857261943621943587,29
900025400023468007060000302106700240080000030007000600000000020030002000245000070,971325486523468197864179352196753248482691735357284619618937524739542861245816973,29
200179300000084900000060000805700060001000000002000000310056890050020731900010005,284179356563284917179563428845792163631845279792631584317456892456928731928317645,29
480070091007901208900020050070040000320107086000000007050009000090000105003700000,482573691537961248916428753179846532325197486864352917751689324698234175243715869,29
700600839002000000008075040004000002000207468100064390000050004000400600000306900,715642839462938571398175246684593712953217468127864395836759124579421683241386957,29
003040000047001583100000200062100870075200000901508402000003000020010300000800000,583742196247691583196385247462139875875264931931578462614953728728416359359827614,29
009000007020807000000916452095024100001009304000000500407001000000005040000040680,169452837524837916378916452695324178781569324243178569437681295816295743952743681,29
000854079080019200901003080000000000007900802000000001050006000824090006610048000,362854179485719263971623584196382745547961832238475691759136428824597316613248957,29
003008000078029300009610800900200000006097020000180040001004000000870090504300080,163748952478529361259613874947235618816497523325186749781954236632871495594362187,29
215807090070090000460000007000000002020000014000000908030109725000000600052080140,215837496873496251469251837986514372327968514541372968638149725194725683752683149,29
070020000014008009083090000000102600500040000408030000039070001050000390006900527,975421836214368759683597142397152684521846973468739215839275461752614398146983527,29
009000600000005032050293807020000310800000400600042000300070100097510200500000700,239784651748165932156293847924857316875631429613942578362479185497518263581326794,29
050016020010800500092000060900500000100003000047160009609230000000600350200401000,354716928716892543892354167923547681168923475547168239689235714471689352235471896,29
000079005200060079700820001000094708000758013008010000800030000000000032302000007,631479825285361479749825361123694758964758213578213694897532146416987532352146987,29
000600900006030480902500000000000500000005647000000213754100000000450301300908004,485671932176239485932584176647312598213895647598746213754163829829457361361928754,29
030920600290000003000305200701032008906070000000800010069100500800250490000000000,135924687294768153678315249751432968986571324342896715469187532817253496523649871,29
040000100009002003830709600000000040060000000004000900450930002090070005726508310,642385197179462853835719624513697248967824531284153976458931762391276485726548319,29
564000000879200050003054709907002040302840090000000030600000005000000900245000000,564789213879213654123654789917532846352846197486197532698371425731425968245968371,29
100800090569000200080000170600013800000050310001000650000030085000500701050007002,137842596569371248284695173675413829892756314341928657716234985423589761958167432,29
000960000000302060700805200024070001000100900050029006030296100007030000600080030,243967518518342769769815243924678351876153924351429876435296187187534692692781435,29
800000402301000008207009500070006009000357004060000030000002846000000001680003250,896135472351724968247689513573246189918357624462891735139572846725468391684913257,29
005000300078000000613952040006105000050240000084060915001000000007300000000800039,925487361478631592613952847736195428159248673284763915391524786867319254542876139,29
619080007005006003300000000501869304900030010400005000000000038000000000106098072,619483257725916843384527196571869324968234715432175689247651938893742561156398472,29
008310000047009213000670005009100000704803001062005090006000009000000004085000060,598312476647589213321674985839126547754893621162745398276458139913267854485931762,29
608002543534000029000000000401000030069703000003040000100800300025410900000000004,618972543534168729792354681451689237869723415273541896146897352325416978987235164,29
000000700039052000000000093047006002306000000020100060400901230083400900001000457,614839725839752641752614893147396582396528174528147369475961238283475916961283457,29
865000490943050007027409680704060050000025970000000006600000000000506000000000060,865271493943658217127439685794863152386125974512947836651792348438516729279384561,29
030700000900020501050000000675000810103650900000138700007000058008000200300580000,832715496946823571751964382675249813183657924294138765467392158518476239329581647,29
000700906000069002980400100000000009021008000809600000050103600094000000318940050,542731986173869542986425173465217839721398465839654721257183694694572318318946257,29
000000400000510020632479000100004000203000006700106200020040951300900800005000007,581623479497518623632479518168234795243795186759186234826347951374951862915862347,29
500000008900008005000105000200004000400076090605000004300001007004093801102007903,541769238967328415823145679239814756418576392675932184396281547754693821182457963,29
007000000010000000900010000492608000050002003008701000800003500045869307003200906,527984631316527498984316752492638175751492863638751249869173524245869317173245986,29
805617490000005061100030520000403056040060000050000000410050000502006900000100000,825617493394285761167934528971423856243568179658791342419352687532876914786149235,29
000800500000400002000600049200000093034008071006030000107300200389500010002000038,491823567675491382823675149258716493934258671716934825147389256389562714562147938,29
010000000905000000000050124070004001006210703801005940050000002109020007300076000,214387695965142378738659124573964281496218753821735946657491832149823567382576419,29
004000960007000308950000002040007030560000290200030004000009003000001000795603420,384172965127965348956348172841297536563814297279536814412759683638421759795683421,29
234001059090300000107008000008509000052013600300700900000000400003000708016007000,234671859895342176167958243678529314952413687341786925789235461523164798416897532,29
009600300600200419035194800000300700470000000001400000064000003000900008728001000,149678325687253419235194867852319746476825931391467582964782153513946278728531694,29
103000009006098000008010064080000047001604890060059302000000000000007900090100408,153246789426798531978513264589321647231674895764859312847935126612487953395162478,29
820309010500071000004680000930014065200000000000006000000100402001048000082900300,826359714593471826714682593937814265265793148148526937659137482371248659482965371,29
609080070020000069003900201000000906000059000000001000084000635000530094060098010,649182573821375469753964281418723956237659148596841327984217635172536894365498712,29
205070008070010000018002000000406000000000051800000200109304000702000503403207810,245679138976813425318542796531426987624798351897135264189354672762981543453267819,29
000200671007008000003070050008000006200310700000780000704025000082000140000047805,845239671167458239923671458478592316259316784631784592714825963582963147396147825,29
080000007050090816049810032070040081900000003000000040097100300400000970800000004,681532497253497816749816532375649281964281753128753649597164328416328975832975164,29
104007060002000030060010000029030500040062080000500920000020008890700650000380010,134257869572896431968413275629138547745962183381574926417625398893741652256389714,29
040000810009203060005100423327000090000000200900000600706801040002006500001002000,243675819189243765675189423327568194568914237914327658736851942492736581851492376,29
070029800019004070000706000708005090005000000300008005900043000020007000087591020,576129834219384576834756219748615392165932748392478165951243687423867951687591423,29
000000000010790006790200800040100020030040005000902004320480007000006018000079302,264815739815793246793264851648157923932648175157932684326481597579326418481579362,29
803040000000165300100030000000000513005400000020000084008000039901784060000013800,893247651274165398156839472489672513315498726627351984748526139931784265562913847,29
040000009803609020910000700000024000400007080000861204300700010091400800007090000,542378169873619425916245738168924357429537681735861294354786912291453876687192543,29
500000730602003000300005268000000090800600010920001004400000906000004825000900140,514286739682793451397415268173548692845629317926371584431852976769134825258967143,29
480000030300400070005060100000508003508209004200106050000900300000603080013050000,481795236362481579795362148146578923578239614239146857854927361927613485613854792,29
040000080700305910900060034000600000004001000006003100030000070400780653200506400,543129786768345912921867534172658349394271865856493127635914278419782653287536491,29
000060500005000010000009480061500820300000000040607030010006258582000300003000740,874361592925748613136259487761593824359482176248617935417936258582174369693825741,29
920000400060003209340070050000867305080040001030021000000530100603000000400002000,927658413865413279341279658192867345786345921534921867278536194653194782419782536,29
086140300000906014140020008061000900000800040070000080000750009050090001098000005,986147352523986714147523698861475923239861547475239186614752839752398461398614275,29
009012005006000030000700900070004003000003007138020090500800306004006700200070401,489312675756498132321765948672954813945183267138627594597841326814236759263579481,29
800100572702048900690007400060071800080000009000080630006009300007030000000010000,843196572752348961691257483364971825285463719179582634416729358927835146538614297,29
000030001160009420004816007000000050087005100003000086809003010002040000010000205,795432861168579423324816597241768359687395142953124786879253614532641978416987235,29
000079085000030007000856100392760001500000800008000030007600300020080500045020000,431279685856431927279856143392768451514392876768514239987645312123987564645123798,29
000000007504600008200057001007009080401800005008000019060583000009200003800900100,916328547574691238283457961357149682491862375628735419162583794749216853835974126,29
600000002004890000010420009040500000000040008080600270060170805071200090000900407,698317542524896731713425689247589163136742958985631274369174825471258396852963417,29
501090843000040005080210090005100900003452006600000002908020000000500000100009300,521697843769843215384215697245176938893452176617938452978324561432561789156789324,29
403002100206700003007004800000070000039400002870930000001020000005890000008103060,453682197286719543917354826564278319139465782872931654341526978625897431798143265,29
070034005000900000830000072700358000350000040000709300503090000480000090290080500,972834165165972834834165972749358621358621749621749358513296487487513296296487513,29
000021000860090302030600709006070503007000000953000840600407000005900000001000075,579321684864795312132648759216874593487539126953162847628457931745913268391286475,29
000100400003870000001349706005900067040000052000000090907008540000000073014000600,768125439493876215251349786825914367149637852376582194937268541682451973514793628,29
900706352000000700000325000010032000050070000300509000000803005080050001020017830,941786352235491768876325419718632594459178623362549187197863245683254971524917836,29
200140006904005000000072190620007048000200001000500003040008709002000405000000680,237149856914865327586372194623917548458236971791584263145628739862793415379451682,29
001340007000000302400007851000780004005100060010009005000000003053426970000000006,581342697967851342432697851629785134875134269314269785246978513153426978798513426,29
300000900005000400000041028508000006007010053001500700702109000006830200003020009,314258967285697431679341528538972146927416853461583792752169384196834275843725619,29
000008006609100800300000400000500200421800005570010000900700002710200009204080007,147328596659174823382695471893567214421839765576412938968751342715243689234986157,29
020700000000003006003520970000100008007200005200900007082459730009300002000080500,526794183794813256813526974965147328147238695238965417682459731459371862371682549,29
001200500008614300007085000000000000274009000903006000740000105030591700009000003,461273589598614372327985416615742938274839651983156247746328195832591764159467823,29
300548007500000600970060050065094070023050000000032010090000800000005700008070100,316548297584927631972361458165894372723156984849732516497213865231685749658479123,29
000200100001097800000000000000500060002700008804001300210900700080052603300074510,749285136631497825528316947973548261162739458854621379215963784487152693396874512,29
080100000300965802000000030050040306207630000006000400023506000800307100000400003,482173659371965842569284731958742316247631598136859427723516984894327165615498273,29
458007200200000300000060000902006000000901004060738000605870000000050840040090025,458317296296485371371269458912546783783921564564738912625874139139652847847193625,29
813000000640038500200470030000080020470000005030000080005600807900010200700050009,813592476647138592259476138596784321478321965132965784325649817964817253781253649,29
700000000060087010009630570970060005805700030000258000001300000030070000407010300,758491623263587419149632578974163285825749136316258794691325847532874961487916352,29
000500063001063090000090541080009070174006050050070300020900000007600005000400020,892541763541763892763892541386259174174386259259174386628915437437628915915437628,29
030900500500000000009008000920806750750090068008000020310207006072000010000001002,237964581581723649649158237924816753753492168168375924315247896472689315896531472,29
400001503087036049605294010006000000000600002800100000000800300500000074700300020,492781563187536249635294718956428137371659482824173695269847351513962874748315926,29
062803009038000702000206030020400607600000100000700300000000200900007800270085900,762853419538941762419276538325418697697532184184769325851694273946327851273185946,29
080671000530002001107395000050000000010000000700000030001000006002913408800706900,284671395539842671167395842453287169916534287728169534391458726672913458845726913,29
800050009001004000430708651000309000083000040760000080370600500094003000000400070,827156439651934827439728651145389762983267145762541983378612594594873216216495378,29
040000070600702051000040063000200714070300008200070000006000100000910080010830207,541693872693782451782541963359268714174359628268174539836427195427915386915836247,29
820000035900400010010009000090000702000000590060100083006003070349000100270001040,824716935935428617617539824591384762483267591762195483156943278349872156278651349,29
000000700005002000000570000000060408480000093009048005090051027000000860372089040,923816754745392186168574932257963418481725693639148275896451327514237869372689541,29
354000602200403000007000003000000000500370060973060005000007906735000000680000037,354798612216453798897612453168245379542379861973861245421537986735986124689124537,29
500000020200000040000820650703008506000000208020006073000900080390105760000060900,567349821281657349439821657743298516156473298928516473674932185392185764815764932,29
014030000500290100820100000900020000001000040060503007030007008240061000795000006,614735289573298164829146753987624531351879642462513897136957428248361975795482316,29
000800090000000200058900040800069070027508906001720050000000000593641000100000500,674852391319476285258913647835169472427538916961724853782395164593641728146287539,29
000000600523601700000040320609407000000006400750010080008534100001000000005000870,847325691523691748196748325689457213312986457754213986978534162261879534435162879,29
009500074000089105513020000050000010000000503000052000230000050005200008876190000,689513274427689135513427896352748619748961523961352487234876951195234768876195342,29
020500080000090206090400050079205000562008000001970600100009400080000500040600030,624513987315897246798426153479265318562138794831974625156389472983742561247651839,29
000004000600000000140630085007200004304076000009340050400000500000900048006480370,895124763673859412142637985567298134314576829289341657428713596731965248956482371,29
100290504020503700350000209003410600000002000540000000602350047400000000000100060,176298534829543716354761289293415678768932451541687923682359147417826395935174862,29
014000360000000029900000410049082000270350000600000070002800000001024087000013004,514279368863145729927638415149782536278356941635491872492867153351924687786513294,29
123086500008705213009000000007000300291600007034000020000300005300800790000000000,123486579468795213759132648587219364291643857634578921972361485316854792845927136,29
400012000002057403500803000604201070000085004000000900050026010000109050000000206,483612597162957483597843162634291875921785634875364921358426719246179358719538246,29
050008096000060452001020080000000570020500061075010020006000010810000000500701600,254378196783169452691425387168942573429537861375816924946253718817694235532781649,29
709402600000000000100003050075090200004028300008700000020000000830900006590040807,759412683683579142142863759375194268914628375268735914426387591837951426591246837,28
000329010000000000100000003800000020209170000630000700400007900390004578750090040,567329814923481657184765293871536429249178365635942781412857936396214578758693142,28
602010974700500000000400000010025080860004527000000490000007600007200000006801000,652318974749562813138479265914725386863194527275683491481957632597236148326841759,28
100400060070003500504000000800000304700000800045086000600005080020761900000800071,139458267276913548584627193862179354791534826345286719617395482428761935953842671,28
807250000069000050021000400000300070000070006080510004005000000603900020408025003,847251639369487251521639487156394872934872516782516394275163948613948725498725163,28
200600490800000005000500800006800050000000000081005002504762103038000600070010500,257683491863149275419527836326891754745236918981475362594762183138954627672318549,28
003000000000085000504002091050803109007054080000700560790000008000530020030000400,273961845169485732584372691456823179917654283328719564792146358641538927835297416,28
200000069501008000009020401307410500000800000000706010030080076005070002000003080,273154869541968723689327451367412598124895637958736214432581976815679342796243185,28
005010080090750410060000007000305104040060503009000002002107008010000005000509000,375614289298753416461982357826395174147268593539471862952137648713846925684529731,28
204806000500000010010030200950120063001308007060000401000000006002600000040500700,274816539539472618618935274957124863421368957863759421385297146792641385146583792,28
700004000602130057380009000007001009900042060000090000070416080500000600000050002,795264813642138957381579426427681539953742168816395274279416385538927641164853792,28
060000309030800000400050610010007040000040000054090002090000405002139007000504030,861472359935816274427953618619287543278345196354691782193768425542139867786524931,28
000000080802705963630108057000400000700000000000200004901500306000030000063800700,574396281812745963639128457125467839746983512398251674981572346257634198463819725,28
001807000000000000047600200036910080000000001010508000100000090000309050029185046,251847639693251874847693215436912587578436921912578463185764392764329158329185746,28
020950800100302709005040000002000000000580004008400070203700500001030090000015400,326957841184362759975148263412673985637589124598421376243796518851234697769815432,28
607020403000008107840706000000590008000070000400001006080200004050000090002003870,617925483529348167843716259276594318138672945495831726781269534354187692962453871,28
000000000008700009000008527000040100870500300000801205200004050300100962050200080,725936814418725639936418527592643178871592346643871295269384751384157962157269483,28
700340060000080000001070000140008003086037040005910602000000700007060005008790000,752349168493186257861275394149628573286537941375914682614852739937461825528793416,28
810030900000000800060200403003000000081005069200087004054000087000070000008050190,812734956437569821965218473543692718781345269296187534654921387129873645378456192,28
001405080070210060506000000850000009100906000004070003000600030060030491000000750,921465387378219564546783912857321649132946875694578123419657238765832491283194756,28
000200005042003890000180402070000000004600710006000000610000003003906200800050069,981247635742563891365189472178432956234695718596871324619728543453916287827354169,28
000090000008002900000800000000960200060003715020075098000201079102700360000004000,213597486648312957795846132571968243869423715324175698436251879152789364987634521,28
785000090004000700109000306030005060000700000470029000050402010003000605890000030,785643192364291758129857346932185467518764923476329581657432819243918675891576234,28
300109700500360002020580006840600000000000060000070504000008090408010075000050040,364129758587364912129587436845693127271845369693271584752438691438916275916752843,28
010000600000000000009103700602005080040008026708002450907500000400097003000800070,513784692874629135269153748632415987145978326798362451927536814481297563356841279,28
080905020300000001509000760000300009090501000063098150000000003000130000230400005,786915324342687591519243768125364879897521436463798152674859213958132647231476985,28
000507900000000601000000000807063010064000000052008430948006050600075000000000362,216587943785934621439612578897463215364251789152798436948326157623175894571849362,28
480050190010080500000310000608002000040000005090103760100700009000900000509000207,486257193913684572752319846678592431341876925295143768164728359827935614539461287,28
760020350010000064000006009000180000435600000800043006000000003080300007600010082,764921358219835764358476219976182435435697821821543976197258643582364197643719582,28
000006039039408500000070184000000000600100000000000000000627013013040200006391400,184256739739418562562973184341582697697134825825769341458627913913845276276391458,28
200036000000000070184207000905001027000000050000005004000610400613028005008700000,297536148536184279184297563965341827341872956872965314759613482613428795428759631,28
000905000080004350900000040876400230000000904009003008060150000008000000190302400,641935782287614359953278146876491235532867914419523678764159823328746591195382467,28
206000000000000000170002000800004106030706208607008054000347010060205000000000025,296853741358471962174692583829534176435716298617928354582347619961285437743169825,28
000000000570008900000009070000020060060831000409000100600103280050402690080706000,946375812573218946812649573138924765765831429429567138697153284351482697284796351,28
200470800003000794090300010400000000600007300309060000008004900900800102100000508,216479853853621794794385216471938625625147389389562471568214937937856142142793568,28
080050093100097480090080100005900600000806000000070049030000004900400000804005007,482651793156397482793284156375942618249816375618573249531729864927468531864135927,28
208000073910705008070000006000040001324008050000500000002094100005000000080050702,248169573916735248573482916657243891324918657891576324732894165165327489489651732,28
516200070008060000200700051000000180800030940000000000000020704000000206062974010,516243879798561423234789651653492187871635942429817365185326794947158236362974518,28
092004108300905040000810200070059402010000080600038000030002800008001000000000900,592674138381925746467813259873159462915246387624738591139562874748391625256487913,28
800001009000038140040090850010000000700009000005007910000000500071005008506004071,853471629629538147147296853912653784784129365365847912438712596271965438596384271,28
700048090040030000039060400004080500003000740200001030605020103300000204020000000,762148395841935627539267418174389562983652741256471839695724183318596274427813956,28
060004051102869407000002960900000002000200019205000000020000045000001003000000026,869734251152869437734152968916483572483275619275916384621398745547621893398547126,28
000680000000510080000300415296000000800000370073005690908000034000000000000008267,514689723327514986689327415296173548845296371173845692958762134762431859431958267,28
000269004090300017300100900635000009000702060009650140070000000001027000000004000,187269534296345817354178926635481279418792365729653148872936451541827693963514782,28
607004500000090060900067000300008602000005008098000000040009720800720000006450080,687214593124593867953867214315978642462135978798642135541389726839726451276451389,28
008060000000040006001900070000400005000007001142000008703000600000003482284006350,478261593395748126621935874837412965569387241142659738753824619916573482284196357,28
800005900300609000400700010040908000030064000780003400208300040000400002070001005,827135964351649278496782513645978321132564897789213456218356749563497182974821635,28
600530208003040010204600000007090080360005000000000006800704900006000000042960003,671539248593248617284617539127396485369485172458172396835724961916853724742961853,28
760034020000000070010070034000000346400200080870300090000002060007000002100400053,768534129354129678219678534925781346436295781871346295593812467647953812182467953,28
000043005008000000000089600050091004610000000427800900701300560302000000005710000,176243895598167432234589671853691724619472358427835916741328569382956147965714283,28
400001008900020001015060020040010080001000000290074003000700100009100036150000090,472351968986427351315968427547613289631289574298574613863792145729145836154836792,28
002050000340980715570006000054300071100000002000007000028000009000008100010003007,892751463346982715571436928654329871187564392239817546728145639963278154415693287,28
000000035914035008205760000090806001400500006006000000040052000000040000052000340,768914235914235768235768914593826471471593826826471593349652187187349652652187349,28
802003610000601502060000000410000000000092100000160000078000400500400060941700003,852943617394671582167528934416857329785392146239164875678235491523419768941786253,28
000907000000002050280040070035100204017400003000300000300791000000004000428503000,564937128793812456281645379935178264817426593642359781356791842179284635428563917,28
739060080500000700008007006071000004006070000900602000684701300005006000000500008,739265481562814793418937526871359264246178935953642817684791352325486179197523648,28
000048000004309051900001060000480000000790003070010000490107000013800600085060000,152648739864379251937521468321485976548796123679213845496137582713852694285964317,28
010070000004028000000030000060005030943080025000090070008000000670850403430067000,315479268794628351286531749867215934943786125152394876528143697679852413431967582,28
064007009800400003000000046000900160509000430100000000000700080007050020358019004,264537819891462753735198246473985162589621437126374598912746385647853921358219674,28
700143008000705103040690020000800570000000002000300800000000950001900200056200001,725143698698725143143698725312864579864579312579312864237481956481956237956237481,28
000908000701004098000130264600089700000200000000500800300400005500090140200800000,426958317731624598859137264645389721983271456172546839397412685568793142214865973,28
058000006091600580020700900000900062004000005006500000060009000140060008079002600,758491236491623587623758914537984162984216375216537849365879421142365798879142653,28
009000005250000640010000000060705009037400000800000053901500807078109000020070000,789614325253987641416352978162735489537498216894261753941526837378149562625873194,28
000030000700000003000270000090003005070180062000000010600702091000005030159308074,945831627762594183318276459891623745574189362236457918683742591427915836159368274,28
093050000040003000200006007000000750075000000080070241000502100418900300002010009,793251468846793512251846937124689753375124896689375241967532184418967325532418679,28
006900080007000400038040509000605007300020000060030240000000001812460000000080604,426957183597318462138246579284695317371824956965731248649573821812469735753182694,28
006000200032060005500320600000006000100082046040500090019200000760103000004600000,486715239932864175571329684298476351153982746647531892319248567765193428824657913,28
387500100000020008000070000675010002090000050800600000700000280050080003218060040,387596124569124378142378596675419832491832657823657419736945281954281763218763945,28
400503100085200047002090030000000283900300710000671004700005600000000000060007000,497583162385216947612794835176459283954328716823671594741935628539862471268147359,28
002700000070500642850040710900000400205000190000197000000300001700900008590000000,462713589173589642859642713917825436285436197346197825628374951734951268591268374,28
680700024000005060200601000008003002503000006000008307000802009000007200002390005,681739524739245168245681973968573412573124896124968357457812639396457281812396745,28
200000001080007392006000045705016008300800400802000013010000006050901000000000100,239548761584167392176293845745316928361829457892754613913482576657931284428675139,28
230951000087020000010068002000000080400000030900000014100009703006000050072014000,234951876687423195519768342763142589421895637958376214145689723896237451372514968,28
006071500300000000147003006001005002500020641890000050000000070010309200020000300,286471539359862417147593826461735982573928641892614753938246175715389264624157398,28
020000039000000060000000002261430000080102043534080010800000000002570000305000024,128654739793821465456397182261435978987162543534789216819246357642573891375918624,28
069070001180090070000850090650032000003000000000040930030105020040007060000420000,469273851185694273327851694654932718293718546871546932738165429942387165516429387,28
300700800001080536200050001020030700008000004000020308000400600862003000090000150,356741829741289536289356471924638715638175294175924368513497682862513947497862153,28
200400908400000300009200004020300006040680000000920500000100000004708001130064090,253476918476819352819253674921345786345687129687921543798132465564798231132564897,28
010700008037006000000910040020493007000500409004608002201000000000060305050000006,519734268437286951682915743125493687876521439394678512261359874748162395953847126,28
361000070054007001870030000000700006000000200400520000043000610600004000009860043,361495872954287361872136954295718436187643295436529187543972618618354729729861543,28
700300650000000800060000923600000079010003000804000000536008092079030000108000060,781392654392465817465781923623854179917623548854917236536148792279536481148279365,28
350700000906000008000000000070890034000075002802000000403007200200013080080209010,351728946946351728728946351175892634634175892892634175413587269269413587587269413,28
000159060064000150000004000076003005900476210010000000008620000020390500000000020,732159864864732159159864732476213985985476213213985476548627391627391548391548627,28
005000003362000400004002001006009005009087000507400000043021809000740006000000040,195874263362195478874362591436219785219587634587436912743621859958743126621958347,28
300089006209000005000351000600500080000003000500000000008070543006430012000100097,351289476289764135764351928643512789897643251512897364128976543976435812435128697,28
400000023000740051500300040900000060007400000803200194390000400780000030000000078,476159823238746951519328647941583762627491385853267194395872416782614539164935278,28
300028070000000200008000391090800160400716500000050020004090000030274010000000002,319528674647139285258467391593842167482716539176953428724691853835274916961385742,28
060900704000072068000010350000041830800597000400000005201000000690004000007008000,168935724359472168724816359975241836836597412412683975281369547693754281547128693,28
054000103010000000760000500607000000109000460002000009005000081800050046420708005,254687193913542678768139524647891352189325467532476819395264781871953246426718935,28
870005392000600000000093800000060900008000020010020468007080000000000637200700104,876145392392678541541293876723864915468519723915327468637481259184952637259736184,28
340570090700000400280401007000008200000004050000300780093000600010002030800040100,341576892756829413289431567135768249678294351924315786493157628517682934862943175,28
374600000560001437080700006700060080800200900609000070000006800000008040030000020,374652198562891437981734256725169384843275961619483572457926813296318745138547629,28
000000001130080057700900008085300000400008300900000000500700000060000045290850763,824675931139482657756913428685397214412568379973241586548736192367129845291854763,28
003860000008000003020070008500008007200003001481000036060080975010500004900000000,753864129648912753129375648536148297297653481481729536364281975812597364975436812,28
000002007500070306089360025800003710400001008000009500070006003004200000350000000,643152987521978346789364125896543712435721698217689534178496253964235871352817469,28
983410200000002009502003000720380900005000100409000008200007800000900000000104003,983416275146752389572893641721385964835649127469271538214537896357968412698124753,28
000070010002000043040062000000050027039047000000010030064001305000700004370004800,958473612612598743743162958186359427539247186427816539264981375891735264375624891,28
870000001004010090000009002000002000090401600001650027920000006080200100405007009,879324561234516798156789342568972413792431685341658927923145876687293154415867239,28
710003900504020100600080040070000000009000038803096012007008460000000009006070000,718543926534629187692781345271835694469217538853496712927158463185364279346972851,28
084629300000010050000050000428000070000800060609000000970534600305000001002007000,584629317296713854137458926428961573753842169619375248971534682345286791862197435,28
060000075003507120000000009009800704740100050000400201034060080000200000020300010,162983475893547126457612839219835764746129358385476291534761982671298543928354617,28
010240080204080000000000000005802716800010050600003008080006020000000801940008600,316245987254789163798361542435892716829617354671453298187536429563924871942178635,28
018490000300005009000000050000000300060509270740060098050700100801900002000100005,518492637376815429294673851985247316163589274742361598459726183831954762627138945,28
000000503708054090400200070004590760000070430000840900800005000100038000040000007,921687543768354192435219876384592761259176438617843925873425619196738254542961387,28
600000007430000261800000000080156402940730000000000003304580006006000050000209000,621493587439875261857612349783156492942738615165924873374581926296347158518269734,28
860000500175600004000710000050360002004000007091008000000000000000806003506402019,863249571175683924429715368758364192634921857291578436342197685917856243586432719,28
380710460910600000006500000002050090079060001050974008500000940000000000600000010,385719462917642853246583179862351794479268531153974628528137946731496285694825317,28
002000000001900042090020001040000700079451600800002005080000000000009207500043096,452316978631987542798524361145638729279451683863792415986275134314869257527143896,28
000000000100007002978060040762000000041000620009000000003400208027031050490070000,236145789154987362978263541762314895341598627589726413613459278827631954495872136,28
600000000380002000200500380930004060100000400028670930000000012800907043000000700,659843271384712659271596384935284167167359428428671935796435812812967543543128796,28
040000000160703954207090080070000018001200000000100020000000030026370500000001062,945816273168723954237594186672935418481267395359148627514682739826379541793451862,28
000800050000400008076005004027300081040000020109002503968000005000000800000086200,491867352253419678876235194627354981345198726189672543968723415732541869514986237,28
600900000010402030020630070104200000509008062000090000002300417700000003300000008,653971284917482536428635179184263795579148362236597841862359417741826953395714628,28
000000057720010003000520069500006000030070020602000080800000091207940038000000600,916483257725619843384527169578296314431875926692134785853762491267941538149358672,28
000052001000000500050041009000310956500007100000006200000000013003000624060173000,839652471741839562652741389427318956596427138318596247985264713173985624264173895,28
000007003200000090300050070002003006000604000004590700736005210001006000800901060,459217683217368594368459172592173846173684925684592731736845219921736458845921367,28
060050800000008009100000000670502300400000096830960200090030167000070900700000080,962354871543718629187296435679542318425183796831967254294835167358671942716429583,28
100000030009502700706049100000200501500000304300650000013705000000400003008000070,152876439439512786786349152897234561561987324324651897213765948675498213948123675,28
026005300000009600003062000009020070000000903070090206030500080507008030080010700,726485391458139627193762854349621578612857943875394216231576489567948132984213765,28
500000004100600000000000001200009506084050002600010089302100008000460200046023000,527981364198634725463275891271849536984356172635712489352197648719468253846523917,28
096280000000060010008000956280400007000679000000052031070590000000730000050100000,596281374734965218128347956285413697341679825967852431673598142412736589859124763,28
000360004000200030000000009270643008304108000810000003090037806000001000000480001,927365184481279635536814729275643918364198572819752463192537846648921357753486291,28
000002600004000000000395200200100700040957300000000000010239000090008150480071003,953482671824716539167395248238164795641957382579823416715239864392648157486571923,28
000062050059010200000000031000036007920850003040000085300040090000020000500183000,431762859859314276276598431185436927927851643643279185318647592764925318592183764,28
000010009790240100003908000000039824042105000009000000001007900000001570007090000,426513789798246135153978462615739824842165397379482651261357948984621573537894216,28
953216040807000060060804300600000900010000000500600010006000507000369000000050003,953216748847935162261874359632481975418597236579623814396142587785369421124758693,28
900012860683700000004000500008000900701804600000007000070648050000000000509000480,957412863683759124214386597428563971791824635365197248172648359846935712539271486,28
000200081809000602020008400040005309090000006567002010002710063000050000000020000,754263981819547632326198475148675329293481756567932814982714563471356298635829147,28
907500000003000076040900030004000010056010000320000005030100007080400650079003020,967531284513284976248976531894765312756312849321849765635128497182497653479653128,28
000009340370080001000073500000856010090030085608190070800000790000000000000900002,582619347374285961916473528237856419491732685658194273823561794749328156165947832,28
080007040063000081040281367008000000000003050300050600000504008400000020000006504,182367945763945281549281367958612473216473859374859612627534198435198726891726534,28
000040000000000003000950070300060051000081000010030607008310060003000780940870035,539746218467128593281953476394267851672581349815439627728315964153694782946872135,28
000103620900020000060000003000010800009502000000000002001006007047980206020437001,475193628913628745268745193752314869689572314134869572891256437347981256526437981,28
000709050010000090009310028900000000000200700080906000120090574000000031400120900,862749153315862497749315628976534812534281769281976345123698574698457231457123986,28
050070090900000200706001000041000030005230401002104060109000000200000000564700009,458672193913845276726391548841567932675239481392184765189456327237918654564723819,28
000906000000200400025000900300620170500100000000800050008000000051089006236010708,847936215693251487125478963389625174562147839714893652978362541451789326236514798,28
470000010000000074008024009060840900004200000300001487003000758050030100000000040,472369815936185274518724639165847923784293561329651487243916758857432196691578342,28
000020006030000009200000001010200704700500390000076800600014000047090603908300000,571928436436157289289643571815239764764581392392476815623714958147895623958362147,28
500007000800015094004300060070800000000062109200000000600409325008000007000100940,561947832832615794794328561179834256483562179256791483617489325948253617325176948,28
048250370560000000070000200000008020080000006421063000006701002007025000000000018,148256379562397841973814265635978124789142536421563987396781452817425693254639718,28
006030140000000000002690307050080470043000809000047000100800000000003015020060098,596738142837214956412695387251986473743152869689347521165879234978423615324561798,28
030078050070006000600002071000064000025000060060009100596200008002007000008000012,239178654871456239654932871183764925925381467467529183596213748312847596748695312,28
000400020500009007309000006001000273270000000490000001002008930008000700034100650,187456329546239187329817546861945273273681495495723861712568934658394712934172658,28
090000001100000703007001008780600504000510900000900002003049070600000000041806020,894763251152498763367251498789632514236514987415987632523149876678325149941876325,28
000800002027500000081004090000908200000100047016005000062009100000000006030027950,359816472427593618681274395574938261893162547216745839762459183945381726138627954,28
000000500601035920005020060050003000012000009003000000530097000927008400000304090,289461537641735928375829164456973281812546379793182645534297816927618453168354792,28
700019008000000700000000501265000087000470265400050000609143002000000609800000000,726519348591384726348762591265931487913478265487256913659143872134827659872695134,28
000029130040500700000006290160980400790002016204000870400000080000030000500000000,687429135942513768351876294165987423798342516234651879413765982829134657576298341,28
890162700405800000002000038300200000080309060200000003008900500000008010000604007,893162754475893621162475938319246875587319462246587193738921546654738219921654387,28
810000700690703800000000605200500001504000009000000060008920400457030006900000100,812695743695743812743812695289564371564371289371289564138926457457138926926457138,28
002043050509010400000080160005601040003508700006004200000000020260000090004000300,612743859589216437347985162825671943493528716176394285731459628268137594954862371,28
000100020500090738000370010080500000901020380000830000000081090000000603095700800,837145926514296738629378415483519267951627384762834159376481592148952673295763841,28
400059207000401900095030160089000000301600000070014006000000570008070300000200000,416859237723461958895732164689527413341698725572314896234186579168975342957243681,28
000400007004500300905060000000600000000005700090713040730140000001000900208037064,163428597824579316975361482317684259486295731592713648739146825641852973258937164,28
060000040427000301800700090006050030000600108001004000000003900270005403030920000,965381742427596381813742596796158234342679158581234679658413927279865413134927865,28
074200000000004002300089047000070204000150080000406001002000400087602000000800120,674231895859764312321589647513978264246153789798426531162395478487612953935847126,28
095000017040107009170000800052000103001000608000000005010042730020000001000001080,295684317648137529173259864452768193931425678786913245519842736824376951367591482,28
000630159000070062200010000010704030400080200000005070020907483005000600080000000,847632159951478362263519748512794836479386215638125974126957483795843621384261597,28
003500000000000085800120096081006049000005078095000600672000000500010060100060000,963584721217693485854127396781236549326945178495871632672359814539418267148762953,28
051700008000010400030800052000509210000000040310600805000900580906000000100030600,251743968869215437734896152647589213598321746312674895423967581976158324185432679,28
030850000008002130046000900800090703690000000700008600071080000400000001060075400,137859246958642137246731958815496723694327815723518694571984362489263571362175489,28
000070420807420000000000008051000890080500042000090000000709050908000304005360080,693178425817425936542936178751642893389517642264893517436789251978251364125364789,28
060842000024597000009300084005039000000204900090600005000000802000000047000070300,361842759824597631579316284245739168618254973793681425457963812936128547182475396,28
000006207004000010702000000800020030020000008000008020071004060409802073200070904,513496287694287315782315496846721539127539648935648721371954862459862173268173954,28
108000540500000000000000080009030000641980000205146700450700000007200465300000000,168379542524861937973425186789532614641987253235146798456718329817293465392654871,28
008005021000020060320060400000530100092800007007002840050700209000000003700009000,968475321475321968321968475846537192192846537537192846654713289289654713713289654,28
006000000000209000094068000420000800008000050609000724000051007805004000003906510,586317492371249685294568173427695831138472956659183724962851347815734269743926518,28
000850320500902000090010570801005432070003000000000000030008005250060081000000040,146857329587932164392416578861795432975243816423681957634178295259364781718529643,28
010000030040873020700092500009040800060000450000600103301904080000000000008000240,912456738546873921783192564139245876867319452425687193371924685294568317658731249,28
569018000100070000730900108206090400058300000003007900000080004001000600000060800,569418723184273596732956148276895431958341267413627985625189374891734652347562819,28
820000000000000010030040082704205090000009070903407056050194020000600005000050000,825931764647528913139746582714265398562389471983417256358194627491672835276853149,28
286000504054260030000000000005000040038000065400600000003500180000030600569020000,286317594954268731371945826625183947138479265497652318743596182812734659569821473,28
650100000040058030093700000900420875400500360507900200000070000000000000005010700,658193427742658931193742586936421875421587369587936214219874653874365192365219748,28
001000456002000000405017020000000239000209060200000074020045391004090000300000000,971823456832456917465917823586174239147239568293568174628745391754391682319682745,28
800000000000000073073024800050008049000651700008209001010380490000000000090002006,865973124124865973973124865651738249249651738738249651512386497386497512497512386,28
800000020000807100960030078000460200100075004080100050040000000015703900030600000,874916325523847169961532478357468291192375684486129753649251837215783946738694512,28
700902050058006000000005701009630007003070009040508003000053400000000092400000030,761942358358716924924385761589631247613274589247598613892153476135467892476829135,28
400008000030005060000001074023007040500840001000120005000382000080700006700050003,475268139931475862268931574123597648597846321846123795654382917382719456719654283,28
050000010016508930700040000007000090004950000502630080000001000800700000970400028,258379614416528937739146852367814295184952763592637481643281579821795346975463128,28
000500042000200830742000095000800306006090400018600900000000160000050200000310009,831569742695274831742183695927841356356792418418635927579428163163957284284316579,28
098200006007000402200600000400715900000002060000400057000000580085024000006100040,598243716617589432234671895463715928751892364829436157942367581185924673376158249,28
709000020030000080000000000061240000000000010900806000395008460100400059006050178,719684523532791684648523791861245937254937816973816245395178462187462359426359178,28
001000003000214600000000004800307000000490028009008367000000030000800706075039002,421685973397214685568973214852367491736491528149528367284756139913842756675139842,28
000025690235000040000001005046000053000950000590486007000000000604570030000004000,471325698235698741968741325846217953127953486593486217752839164614572839389164572,28
130004857000080901700000602005900006900041020000800070400000080000008004080000065,139264857246785931758193642825937416973641528614852379491526783562378194387419265,28
000000000000240100204000700350000000621075900008600030030020000040056309705003010,516937824973248156284561793357489261621375948498612537839124675142756389765893412,28
000050002000026030802301040003009008000030000000600200546010300037060820000900006,319457682475826139862391745123749568658132974794685213546218397937564821281973456,28
008507000030080507509400601000052040000060700000040160901204800007000010000000004,618597423432681597579423681196752348384169752725348169951274836247836915863915274,28
020900150000870900903056870400600000000000000000017003500001028080009701000308000,827934156165872934943156872438695217271483695659217483594761328382549761716328549,28
004000900900050020020930650000010509000240000307500040000400102005100800060070090,654721938938654721721938654246317589589246317317589246873495162495162873162873495,28
061900807590007000000001092000000000040073000000010249020008014000200070600094005,461952837592387461837641592186429753249573186753816249325768914914235678678194325,28
005064008010000500803700604090000006540006090080000000030502000000047000064001052,975164328416238579823759614392475186547816293681923745138592467259647831764381952,28
080000602103062400602000193340000000000600308060000210020006004000300000004000806,487913652193562487652847193348129765219675348765438219521786934876394521934251876,28
210000007500070000700001940087000000000718200090563000076000000050680100001030600,218954367549376812763821945187249536635718294492563781876192453354687129921435678,28
000000000000005020050930800003079010000000098098601003060000005105246930000500060,329187654871465329654932871243879516516324798798651243462793185185246937937518462,28
780905300005010002030070045000080000020501600060200031000000000009050100608709000,782945316495316872136872945351687294924531687867294531543168729279453168618729453,28
023090800000720500005008070000010900079004000002500406000280700930456000080000000,723695814148723569695148372864312957579864231312579486456281793937456128281937645,28
390000008000800009600000051268004070030010000000600000126400000005001304000709610,397125468512846739684973251268394175439517826751682943126438597975261384843759612,28
400700000306900000027000019040080900000147080682030700090000008560000200000060003,419728356356914827827653419741286935935147682682539741193472568568391274274865193,28
600400970000306080000070000307060000008050104401000750135008090000030600000090030,613482975579316482284975316357164829928753164461829753135648297792531648846297531,28
900000100000063420000108000040000500608509000593704000001000070009007061074000000,936452187187963425425178936742681593618539742593724618361295874259847361874316259,27
700300200003005700050800000005000001009180000060030000047098000086013007002004900,798361254613425798254879613325947861479186325861532479547698132986213547132754986,27
400000012000900380050020090000092700004010209006080000030061024005000003900008000,479853612621974385358126497513692748784315269296487531837561924165249873942738156,27
000070000741632900020090700004080109030000040105007003007000000009000008003900070,958174362741632985326895714674283159832519647195467823267358491419726538583941276,27
030070000802000935600030802006907000400000000020014306004090000087005000000001004,935278641872146935641539872356927418418653729729814356564392187187465293293781564,27
002106045000000071700000000000005060005000130070000000500600013000000896960310052,892176345453982671716543289341825967285769134679431528524698713137254896968317452,27
940800127806700000700030500000006200020000005000080000094208003001600000200300006,943865127856721439712934568437596281128473695569182374694258713371649852285317946,27
000045000000000391867000024000700000700000000000000079102008060070100045008609210,913245786245867391867913524586791432791324658324586179132458967679132845458679213,27
090031070430807000000000004070062005062004000010000020100000000000020457745000030,296431578431857962857296314978362145362514789514978623123745896689123457745689231,27
060079013700000680000086004007000008008000001001800000509040006306000102400000009,865479213794312685123586974657194328238765491941823567579241836386957142412638759,27
903080004000900500005040090090714000000360850000008071009000607000000083000009040,923185764647923518185647392598714236714362859362598471839451627451276983276839145,27
651000020000000004000732000406008072007006009000027401000060030960003000000070900,651849723732651894849732615416398572527416389398527461175964238964283157283175946,27
000000001040001002760900400000070050504086720000000810009008100310020000000017009,932845671845761392761932485186273954594186723273594816429658137317429568658317249,27
902007000000209300000800200080700000000901700020000018000073100860000530305160000,912347865658219374743856291189724653536981742427635918294573186861492537375168429,27
000045300009006000000700600002600000590020000041070820800000230070900008023000704,268145397739286541154793682382614975597328416641579823816457239475932168923861754,27
600000700700600000090700600006900870034010062810026003000000090300040250000009000,653491728782653419491782635526934871934817562817526943148275396369148257275369184,27
000009604200000800050007000020106007000408000480300060006004732008000006700000540,873219654291645873654837291329156487165478329487392165916584732548723916732961548,27
008001607040070803070035010080090000090000008000000000607000400020006080010420065,538941627149672853276835914785193246391264578462587139657318492924756381813429765,27
053000820200000609000000070000000000020960000008050706000603080000524000637010402,753196824284735619169248573976481235325967148418352796542673981891524367637819452,27
004010000090004100010090040007008000060007000150002003400000006000621090621009005,834215967796834152215796348347158629962347581158962473479583216583621794621479835,27
305900006006500000000000000010836700570000060000005094050100640001000580060008900,385927416146583279729641835914836752572419368638275194857192643291364587463758921,27
080700254002000000000205000740023000000004000230009540009007000520980000604002000,381796254452138769967245183745823691196574832238619547819467325523981476674352918,27
029600450800000900350070010003000000090820300260000790475000006000000089000000500,729681453816435927354972618143759862597826341268314795475298136631547289982163574,27
300078000700092000902034070100200000623057000000019062005000000000000000290000087,364578291758192436912634875189263754623457918547819362435781629871926543296345187,27
700020000002003090030709200870010000051036008060090100005000700020000509307000000,794521836512683497638749215879415362451236978263897154945162783126378549387954621,27
020050900507000000000640000050070009109200073003914000300090000070831000004007000,426753981537189246891642357652378419149265873783914562318496725275831694964527138,27
000150300051073900070400050000702000000500200007834100006300000000010820020000700,984156372651273984372489651195762438438591267267834195716328549549617823823945716,27
000009048700030005000700060000600900000403050000070401000590014090001300800302009,136259748784136295259784163413625987978413652625978431362597814597841326841362579,27
000002600010008320000100080006010032100200560000000078809600410000000090000089200,798532641614978325352164789546817932187293564923456178839625417265741893471389256,27
000200400000400000580700201176080304020094000003000500030800000400000020268005000,397261458612458739584739261176582394825394617943617582731826945459173826268945173,27
584007000269004130007200000090002375800000690000001840050000020000020000020000000,584137269269584137137269584691842375842375691375691842758913426913426758426758913,27
082563000030070042010020000000009478008000060091000020009007280000000030005006000,482563197536971842917428356253619478748235961691784523369147285174852639825396714,27
830000000001000045004000000100820500059000800000000030075400100040103752318000000,837245916691378245524916378163827594459631827782594631275469183946183752318752469,27
000900001000000500010005000000091608000300400086000000000007940000459012400120763,765942381942813576813765294574291638291386457386574129128637945637459812459128763,27
091500000850020001040900000000819025000070189000000030010600000000700003500003960,391586247856427391247931856734819625625374189189265734413698572968752413572143968,27
002004503050000010060850000000020006000000240700010090005008060006000900097040351,972164583358279614461853729589427136613985247724316895135798462246531978897642351,27
006900005000074300300000006500000008034002000020100600000005067000006093167300002,746938215215674389389521746571463928634892571928157634493285167852716493167349852,27
908000000000510006010060003000950040009480027680000005096040000003100000000095800,968734251437512986215869473372951648159486327684273195596348712843127569721695834,27
002075003300000000070003200000000804003800020408500306030080001000000400106000782,842175963369248175571963248725316894613894527498527316934782651287651439156439782,27
100300090000004302037850600420000000000106004900000007090400003040000010300980400,164327895589614372237859641423578169758196234916243587891462753642735918375981426,27
000000300010500700790000000000900070000000436000000589023000057608090100957010008,865279314314586792792431865436958271589127436271643589123864957648795123957312648,27
006208000000605120802000005008940051700560200000800400000000830400000010200080000,576218349934675128812439765328947651749561283165823497697152834483796512251384976,27
940602080020308040300004000004009860092006400000003000000000070000290050800400900,941652783625378149387914526134529867592786431768143295219865374473291658856437912,27
050200043000000000000850000900002000000070064002013800100005086705609020080020030,857296143296341758341857692978462315513978264462513879124735986735689421689124537,27
760023400300514768005800020000002100200001004003000000500100006000600002000000800,768923415329514768415867329684792153297351684153486297532148976841679532976235841,27
000900000000800260629000008307100000500040000200095430900500700003200000065008002,138926574754831269629457318347182956596743821281695437912564783873219645465378192,27
000000400010000936005360080400203071000000500000600009060100008320400090870050000,693821457218574936745369182456293871932718564187645329569132748321487695874956213,27
000040086020600015980001400009000130000020000807003009600054000390007040000000600,715342986423698715986571423269785134134926857857413269678154392392867541541239678,27
006730009007529000000040300000300006060007000050206107640100500000000000020004013,416738259387529461295641378174385926962417835853296147649173582731852694528964713,27
000029050980107630005000029600500001100006090059000040000000000000400962001000005,463829157982157634715634829624598371137246598859371246296785413578413962341962785,27
020000009803706000000500000259000070400860900000000104000201080300008600000609203,125384769843796521967512348259143876431867952678925134596231487312478695784659213,27
029000060601928070700140082500000021000600000010000003005000000000583000104000030,829357164641928375753146982598734621437612859216895743385471296962583417174269538,27
070000000061005480300804000000496200100000049490030008000010000600008000050000361,874961532961325487325874196587496213132587649496132758749613825613258974258749361,27
000863000000097200000000800000000015080015006000000080139570000070040030800930502,452863197368197254791254863624389715983715426517426389139572648275648931846931572,27
900000010673010000040500367006005900009000080050003040090000400067001000004030006,985367214673214598142598367426185973739642185851973642398726451267451839514839726,27
027000000804060000010000405085000000400090076060000000100627354000000010000800627,327485961854961732619732485985176243432598176761243598198627354276354819543819627,27
200001000041000002000020409090700200120000705000000000400100673060042108800000500,235491867941876352786325419698753241124968735573214986452189673367542198819637524,27
046000205000406000000005480680000054500007932000000060200000000060321040008000020,846793215125486793973215486687932154514867932392154867231548679769321548458679321,27
000600000052100000108430602500000001001000900900380504800700040000205000040800010,437652198652198437198437652574926381381574926926381574869713245713245869245869713,27
000400051900005023100802460000100000200968100540020006000603000800009000090000000,328496751964715823157832469689154372273968145541327986712683594836549217495271638,27
000034000000007000004500700005100200070002009042090000000720305700400190053001070,867234951519867423234519786395178264178642539642395817981726345726453198453981672,27
008006100104809000075420000007200400560010000013008000700100304000003060000000005,938576142124839657675421983897265431562314879413798526786152394251943768349687215,27
617030409000050670090100030040003000509000000002090004006300100000060000000540260,617238459823954671495176832741623598589417326362895714276389145154762983938541267,27
000004006700000500061500074000027003006900450000000020000001700910040062050002001,895274136742136589361589274584627913276913458139458627623891745918745362457362891,27
160000207072000000000000310900060030000000005004070008020000800035080162098610000,163594287872136954549827316957268431286341795314975628621453879435789162798612543,27
600000930000230000030006401314008000029000010000000020165042000790001003000000100,687154932451239687932786451314928576829675314576413829165342798798561243243897165,27
000005700503179408001800603000000000006090004090000010400036100010000062600000800,248365791563179428971842653324651987156798234897423516489236175715984362632517849,27
000000410302010900001009307200001500500000000006300270014006802000140600000000040,985723416372614958461859327247961583538472169196385274714596832823147695659238741,27
073000600208906000000000002801004023600300190027000000109400080080100000400000001,573218649218946375946573812891654723654327198327891456169435287782169534435782961,27
902800570000030000000070030700006904019058000000000007207003000504260000003080060,932841576675932148841675239758326914419758623326419857267193485584267391193584762,27
800003000600204000004000000000426100501070020006050073000007001012005700000100530,859763412673214985124589367738426159591378624246951873385647291912835746467192538,27
000500006050002900700400305000000500000050600007260008000380167005016000170004000,948531726351672984762498315629843571483157692517269438294385167835716249176924853,27
070300000506970400803020000000060900065100000000000000057400060080000030304286500,179348256526971483843625719238567941765194328491832675957413862682759134314286597,27
000400006005026001230070000080010000074003019000700863008000000900107000007000690,791485326845326971236971485683219754574863219129754863358692147962147538417538692,27
001000300623180009090000007010020073040003091000500600000010045000000006000030018,871459362623187459594362187915624873246873591738591624367918245189245736452736918,27
000000003000000005010000847054080902870000000030500100905600000007003009100200764,596478213748132695312956847654781932871329456239564178925647381467813529183295764,27
753080006480000000190007000008000000010070608070006310827460000500000060000000020,753284196482691753196357482648913275319572648275846319827469531531728964964135827,27
000000094270000056090005201560700900900536700010020000007600080030000007080000000,856217394271349856394865271563781942942536718718924563427693185639158427185472639,27
583000007000017053000800640000000904000024001090000060040008096008006000000070108,583649217469217853127853649871365924635924781294781365742138596318596472956472138,27
690300078000005090005001000010000000002000600940000800100240000083017020400050061,691324578234785196875961432718496253352178649946532817167249385583617924429853761,27
400500009005000103600000020300007000906050000780609000109300706020060000000041300,431572869275896143698134527354287691916453278782619435149325786523768914867941352,27
000070023002000000070003000065109000200508009901032650106000000000090200700000061,618974523352816794479253186865149372237568419941732658196427835583691247724385961,27
063080000094500300000000000500068000900000800000290735205030000400725000006009070,763984251894512367152673498537468129921357846648291735275836914419725683386149572,27
200890006030002001080000002000004230060200009000079000092400503000000018001560000,275891346634752891189346752917684235468235179523179684792418563356927418841563927,27
190002075000900008008003000030100800800000600600008030000800000002037900001524060,196482375375961248248753196534176829829345617617298534763819452452637981981524763,27
009000007000009006106347009728905060000600208030008000000000980002000000001003700,289156437347289516156347829728915364915634278634728195563472981472891653891563742,27
900400001003600000500081000701900000009500000005140000600004020018090570092700000,926475831183629745574381269741938652839562417265147398657814923418293576392756184,27
690700010027400003000306000006579420070000006200600000000000070000207008000060530,693725814527481963184396257836579421975142386241638795468953172359217648712864539,27
000001203800093000900000600006030005070800000005016000009407008200100060018300007,754681293861293574923574681196732845372845916485916732639427158247158369518369427,27
500380000000602059260095018000000000710000084906500000402050700070000030000000040,549381627138672459267495318854137296713269584926548173492853761671924835385716942,27
700000040000719082000465970204000010057008000000000700006000200571002004000000050,719823546465719382823465971234657819657198423198234765346571298571982634982346157,27
000000000060000795140000362930180570005000106000500039800927000000600000000000020,597362841263841795148795362932186574475239186681574239854927613729613458316458927,27
800902300000030006007080500000000680000500009709800204063040000028700063000600000,846952317592137846317486592254379681681524739739861254163248975428795163975613428,27
000020000700805000000000200000180000160030052003572800670408900000057040080000007,314729685792865431856341279527186394168934752943572816675418923239657148481293567,27
006090015000003000020000000003009050050087296000000070100936000200008900300504001,736492815518673429924851637873269154451387296692145378187936542245718963369524781,27
003000005050380174007695000300070000604530000000060009001003480000007000008000003,823714965956382174147695832395278641614539728782461359561923487239847516478156293,27
050002067030067500087519002000000036000030001000700000043008000000493000008000400,159342867432867519687519342871954236594236781326781954943628175715493628268175493,27
000000603051380000608974000060000102100608000000290056904820060000000000000700000,497512683251386479638974215865437192129658734743291856914825367376149528582763941,27
602000000954100870000040020408600010000010904031980002040090001000000000006000090,612873549954126873387549126498652317265317984731984652843295761529761438176438295,27
206007048000002700703005001100309000047000020000070000608010000020000605000506002,216937548584162739793845261165329874847651923932478156658213497321794685479586312,27
100640000600000010050100000070004000000017006006830701060003100200700308400000670,197648532684325917352179864571964283823517496946832751769483125215796348438251679,27
007010009201690087059004000900008204100006000780000600070081000000020000000500100,847213569231695487659874321963758214124936875785142693576481932418329756392567148,27
080527013601008000000100908400050002000000006000040000050030860002004090000905001,984527613631498257275163948463859172598712436127346589759231864312684795846975321,27
754003809000700026600010540040000000007000000300800400200050604000080001000036080,754623819981745326632918547546392178817564293329871465298157634463289751175436982,27
060000300070005800000080900000000008034050009285010473300000600040570080802000000,168794352479235816523681947691347528734852169285916473357128694946573281812469735,27
000800005320060094004300000006089030009730006002006080000050070000000000008673040,167894325325167894894325167416589732589732416732416589941258673673941258258673941,27
378001060000620000400000001500002040000090000060400930002000000900510020605048070,378951264159624783426873591593162847784395612261487935842739156937516428615248379,27
300001000429030001761240000540000070008700000000002008000000003800103207000020800,385671429429835761761249385542318976138796542976452138297584613854163297613927854,27
000802030000009407000010000000000601600027090800146700000060100100085060300070080,471852936285639417963714258752398641614527893839146725598463172127985364346271589,27
030000005100000000000100700060203891200008006908060024090001002000000000001320480,637482915159637248482159763765243891243918576918765324894571632326894157571326489,27
008000024200310560007290000009001605001800000005009001000943006000002003000080000,318657924294318567657294138729431685431865279865729341572943816186572493943186752,27
200860040680010290074309600700400000040000000000000300460093082000040000900200000,239865147685714293174329658756431829341982765892576314467193582528647931913258476,27
000000518470085000100000040008000700006040001500008003054000002703000009090003085,369472518472185936185369247918236754236547891547918623854691372723854169691723485,27
260308900000600080001000024100000000400800500056004000070400005900006000300150062,264318957597642381831975624189567243423891576756234819672483195915726438348159762,27
084600205002040060060020000207000600030060002006000000049000500000050907005400310,984613275572849163361725489297384651438561792156972834749138526813256947625497318,27
040020006560070201008306790080000000000000000007000003900087302000000045020400807,749821536563974281218356794682543179435719628197268453954187362871632945326495817,27
060000019000020500102700800000002000000005708900670000014007083000003020030240050,765384219348129576192756834687432195423915768951678342214597683579863421836241957,27
004000000008000700700000354600007200291000507040000080030700906000190005000005470,354279168168534729729618354683457291291863547547921683835742916472196835916385472,27
007050002200080000000904008102098506075002000900700030000000604406070020000800000,867153492294687315513924768132498576675312849948765231751239684486571923329846157,27
020007500000003200600000078040380000000040850300960000004078062030190000500000900,429817536817653294653429178741385629962741853385962417194578362236194785578236941,27
009002010048703050310000040000100900700529034005000000000005003080074000070600000,659842317248713659317956248834167925761529834925438761196285473582374196473691582,27
000800090500000460030647200000000000853009006000008040300000050260000074007060803,746825391528931467139647285914276538853419726672358149381794652265183974497562813,27
800100040010500200050280006000000060005472000001065400208000600000000910090004700,829136547316547289457289136742891365635472891981365472278913654564728913193654728,27
000000008300007000089000100000000800900074000408260093803000600047015000010008720,624153978351987462789426135162539847935874216478261593893742651247615389516398724,27
500020000630180004000700005200003008005010900810600050700000000903800001102060000,581924376637185294429736815296573148375418962814692753758241639963857421142369587,27
090000000010000700005102000009200000081005030027000609000009376900000400730420500,894756123213948765675132984569273841481695237327814659142589376958367412736421598,27
000008010000300290009000000900080450000500000005209800014000986690005302000096000,753928614461357298829164537972681453186543729345279861514732986698415372237896145,27
076302005000600003000000000010020000004006020307400010002968000030054060000030402,176342985985671243243589176618723594594816327327495618452968731731254869869137452,27
006003005000020030003504060702000000000002013030408720015060002307000000000200001,296713845854926137173584269762351984948672513531498726415869372327145698689237451,27
370001004450000900000004870000000048010000739045009000000007002000165000000300160,378921654456873921129654873937216548612548739845739216561487392293165487784392165,27
059104600000090100010080500504800920092340001000000000800409003000000050040000060,259134687768592134413687592534871926692345871187926345826459713371268459945713268,27
000540109000360500000000300804000060000000003010004090473085000001400950005020007,367548129192367584548192376834259761259716843716834295473985612621473958985621437,27
092005010000406000064009700040000390000090054000150000710008020400900001000000608,892735416357416289164289735541862397628397154973154862715648923486923571239571648,27
039000100000090000000400300000048001080160023000309845900800000760002000800000209,639285174417693582258471396392548761584167923176329845925814637763952418841736259,27
500000030062015900807000150048076000005000760070001000700000000009607300000004006,514798632362415987897263154948376215125849763673521498786132549459687321231954876,27
700000098510000000000000021007540000100020009820790050006070200000039400400050060,764215398512983746389467521697541832145328679823796154936174285258639417471852963,27
608000400000940000059062000000410008004000203506023000040000000060080000070134006,628371495713945682459862731237419568194658273586723149341596827965287314872134956,27
100000060000590072420600109003000000680000734000307698000450007000000000070009000,195724863836591472427638159743986521689215734512347698961452387254873916378169245,27
073106020091050030050374906018400007000800000020630000000003000000040000000080002,473196528691258734852374916918425367736819245524637189247963851185742693369581472,27
435180007006000000019000004000038670300000000067520000001000000080001400002853000,435189267726345198819276354254938671398617542167524983971462835583791426642853719,27
000000020006000074010075098039000706060300000002007003300000009000960800604038000,745896321986123574213475698839512746467389215152647983328751469571964832694238157,27
000010007090060000841000600010359002035082000200004009084000003050000900170000000,526418397793265148841937625417359862935682714268174539684791253352846971179523486,27
060908000809000076400067001100000060607000005304000000000000057570009004001070008,765918243819234576432567981128453769697821435354796812986142357573689124241375698,27
000003000500000006000050000000700653053000007000305009060030910040000762008270305,871623594594187236236459871489712653653948127127365489762534918345891762918276345,27
000080050010070804400205000804000000000050300000769040090000080007508003500301400,973486152215973864486215739854132697769854321132769548391647285647528913528391476,27
003187000000000460000000000000060090900000608068910030090006750006000940071092000,643187529187259463259643817324768195915324678768915234492836751836571942571492386,27
000900080002740103900006000005018000280000000006000021030102060020000007040500019,754931682862745193913826574395218746281467935476359821537192468129684357648573219,27
000537000000000000070000000300900001080360957007008306000700190095600700700000640,264537819819246573573891264326975481481362957957418326648723195195684732732159648,27
000951820051080030004000500400720015706000000005098000600000100010000700000000062,367951824951284637284367591498726315726135948135498276642573189819642753573819462,27
200040700700001600000000200005000000070092365400000070006073000002504000107008046,218649753753281694694735218365817429871492365429356871546173982982564137137928546,27
000603000360000004080504000504906200070000390000728005000387000700000040100009000,459673182367812954281594763514936278872145396693728415946387521738251649125469837,27
000000003030000070060030004000200600010570090600003420020000069806001005704600030,541769283238145976967832514389214657412576398675983421123457869896321745754698132,27
050304290600007805070000004000600501012003009000000000300006070064000008107000040,851364297643927815279185634438679521512843769796251483385496172964712358127538946,27
000090000485600000000000000000901082000420005200050910853700000079200008100003700,367192854485637129912845673536971482791428365248356917853769241679214538124583796,27
000000000253060000009010020060000030004000695008005000830050046502700080400300002,187523469253469817649817523965174238714238695328695174831952746592746381476381952,27
004601975000000000000070800000009000000700409093208000020300100140002300379000500,834621975957843621612975843765439218281756439493218756526397184148562397379184562,27
700004020140003057002000000500007130000000700000021000007108090080000574000045800,765814329148293657932576481596487132213659748874321965457138296381962574629745813,27
070000030500107000000300000014076359000090000900421007107065003000710000050000000,471689235523147968896352714214876359768593142935421687187965423342718596659234871,27
003000400067008010504010000800590100945063200000080000000070000000800905020000670,193726458267458319584319726872594163945163287631287594359671842716842935428935671,27
040700900100800000300000670021000809600008200080000700800020007009485000000073008,542716983167839425398254671421367859673598214985142736854621397739485162216973548,27
305070000002009300080005027006000800700000060804006000000200070030940580000068200,315472698472689351689315427156723849723894165894156732568231974231947586947568213,27
026891050000006801000350000009030000010004009274600005000068000000000070103000400,426891357537246891981357246869135724315724689274689135752468913648913572193572468,27
040026070007300216060000904004005309006000000000010005000007003000000401030900027,943126578587394216261758934124675389756839142398412765419267853672583491835941627,27
600207810000050000203000400400060000892000000006000040360002008000581600508006000,645237819189654723273198465451763982892415376736829541364972158927581634518346297,27
080000020002008400450020008000002800000000000004510002345600209000304001600280000,983465127172938465456127938561792843729843516834516792345671289298354671617289354,27
560070084002080000400000200000050039008000002050030000000005320023000510700820090,561372984372489165489561273146257839938146752257938641694715328823694517715823496,27
200008400019000036006000005027805000040000580000010000002580060750040002304000000,275368419419752836836194275927835641641279583583416927192587364758643192364921758,27
057000000809500400300000000080007360700306090600000002200015003000030708003002001,157463289829571436346298517984127365712356894635849172278615943561934728493782651,27
000310000690500100000698075103040002000080700005070009000800000050409028000050000,527314986698527143314698275173946852946285731285173469439862517751439628862751394,27
090008100010000080065000002000000298004020060008706000040602051000903000200005009,492568173713294685865317942657431298134829567928756314349682751571943826286175439,27
003000000204006007000700402000001000000087500008052000540000138092003000801070090,783245961254196387169738452925361874316487529478952613547629138692813745831574296,27
000204300012000060070000000004007603005008000000001072300069004000803006001700805,689214357412375968573986241194527683725638419836491572358169724247853196961742835,27
005600000300041027000000030400287300002300000900104200007000400520006000034700000,275693814396841527148572639461287395782359146953164278817925463529436781634718952,27
067000000020580000000004291000806000009005004004700100702900306190008002030000000,467219538921583647358674291513846729279135864684792153742951386195368472836427915,27
020007000170000040096030017000000900050004001640020005001050000900010076700940000,423187659178569342596432817312875964857694231649321785281756493934218576765943128,27
010000500000700000000000002031900004900007130008003000002004058853129740000030000,319246587264758913785391462531962874926487135478513629192674358853129746647835291,27
981007623200008740400006090000800000019000000000701060000364000000000006046000050,981457623263918745475236891654823179719645382832791564597364218128579436346182957,27
103020050040090000020645139000900200070450060000000400000009028000000001700002300,193827654645193872827645139458936217271458963936271485364719528582364791719582346,27
300000050007600009004710080000020060060080070201300040030009000402500800690000500,386492751157638429924715683849127365563984172271356948735869214412573896698241537,27
000000402004500007036020081002084000000000060007200108000001076510000004009000015,185673492294518637736429581962184753841735269357296148428351976513967824679842315,27
500409860029700300080030000860300902000065103000000000000000006900050420000040700,531429867429786315786531294865314972297865143314297658142978536978653421653142789,27
900700000006050007017000092790000020000042075000000000020070600000020009079308054,952713846486259137317684592795136428631842975248597361524971683863425719179368254,27
401900003000060509059300040000000200006500000080023400030000970010000304000400108,461958723273164589859372641145789236326541897987623415634815972518297364792436158,27
000780920700000306010000780006009000090000000201007840600090030020000678003000002,365784921748921356912356784576849213894213567231567849687492135429135678153678492,27
352000086700002040090000305009806050000430060000000003900641070000003004000007000,352194786768352149194768325439816257275439861816275493923641578587923614641587932,27
000000000000190000809000340000069002006500704200710860095000001020080000148000003,562347198734198625819625347471869532986532714253714869695273481327481956148956273,27
000070030630000000000093400800005060750010000960030002000050006000247090090068070,428571639639482517517693428843725961752916843961834752274159386386247195195368274,27
000008900006001500500096000090004600653900000804060000069100000380070010400005000,271458936936721548548396271197284653653917824824563197769142385385679412412835769,27
090004008000070004040210000000900406509420830060000900000700002026093000400600000,793564218182379564645218379318957426579426831264831957931745682826193745457682193,27
800002000060070100031905400300000010002003000040207590000600700086000001027001000,874132965569478132231965478395846217712593846648217593153689724986724351427351689,27
902000010000000020540000006016002000400000108309601004150029007000070080700005000,932768415687154329541293876816542793425937168379681254158429637294376581763815942,27
102000800400030500000000647010020300200006000006090000070900081000281704020050000,152647839467839512389512647918425376245376198736198425574963281693281754821754963,27
006000700027608010000700003264000000008100000500460000600010570000000000005286301,836951742427638915159724683264893157398175426571462839682319574913547268745286391,27
650180070100000000000003000007090080800207000096801027012000000005300000060400705,653184279184729563729653814247596381831247956596831427412975638975368142368412795,27
000000290000407086508090700070508060020700805004009000032070009000000000000056003,743685291219437586568192734371548962926713845854269317132874659695321478487956123,27
000306001500000030300500090600000080100000000005697304000780009490000800008000123,987346251512978436364521798679134582143852967825697314231785649496213875758469123,27
000009700009000002700502000900760000200000075600120900060240090800601403003000000,152439786349876152786512349938765214214398675675124938561243897897651423423987561,27
070006013000003087030007206000100069006502070040000000000001000600040091710000300,978256413265413987431987256523174869896532174147869532354791628682345791719628345,27
040005009620030510007000000960000100300000005000050032078009320000203040030000050,843175269629834517157692483965328174382741695714956832478519326591263748236487951,27
035089000000742003420003000000005061050090000000000000709000030063970000002310008,635189472891742653427563819278435961354691287916827345789254136163978524542316798,27
003020041628000095010300060000400907070600000080000020000203006000108000001040000,953826741628714395417359862236481957579632418184975623745293186392168574861547239,26
000000000000086090070315000600031802700520400002004003005000000096400010400050000,268947531351286794974315628649731852713528469582694173125869347896473215437152986,26
490100005500000008000000094000017003306002040000060002000306029000209001000000036,497138265562974318813625794259417683386592147741863952178356429635249871924781536,26
070000009600008070000540006000200791000000004007005800000700043700000920000890507,574623189632918475981547236453286791268179354197435862829751643715364928346892517,26
007006000406000080000000206060008704000070020000261008089042000042000000600089000,897426513426153987153897246261538794538974621974261358389742165742615839615389472,26
036010500040000100107000803050400730004000005003090008000800200078000000000506300,836712594549683172127954863952468731684371925713295648465837219378129456291546387,26
040805001900007000030000000090000025528900410010000000000602000050000260860500070,246895731985317642137426589793164825528973416614258397471682953359741268862539174,26
050030600000070030002806000000000807000700503000310400500000081007050006009007350,751432698986571234342896175135924867294768513678315429523649781817253946469187352,26
000005084800706010105080006008600000050008090000021070607000000000000860410007000,376915284824736915195284736748693521251478693963521478687359142539142867412867359,26
000000007053000109070000030019860000400000800005020000780040003002031000031080900,194653287653278149278194635319865472427319856865427391786942513942531768531786924,26
800930100010000000000001080500060230004000000090342000009000710070093000050007069,867934125215876493943251687581769234324518976796342851639425718178693542452187369,26
000002600000040032030007041029000008000020000076008020203705004005004000104000000,841932657657841932932657841429376518518429376376518429263785194785194263194263785,26
001500900947000600005000020000010000006054008000870006000005000060200100790300560,821536947947128635635749821278613459316954278459872316183465792564297183792381564,26
007520000200001006091007802900700685500000300000006010000000000005000068060010007,647528193258931746391467852912743685586192374473856219739684521125379468864215937,26
000001007002000000300500000004908700700006089200170560000002070100040006020807000,695281347812734695347569812564928731731456289289173564453692178178345926926817453,26
200005000000900000080000003002080501000000490601002007000100030410008056008750100,293875614164923875785614923942387561837561492651492387576149238419238756328756149,26
001000000006400008000000004000240860204000000960000400080600040000150207100708930,421879653356412798897365124513247869274986315968531472782693541639154287145728936,26
000090140000051000500070800090500000050760000674000050087020000060000900200005083,736298145928451637541376829893512476152764398674983251387129564465837912219645783,26
080697030000081000600000800800900004070400008000000700020100000060004003004028601,281697435543281976697543812816975324975432168432816759328169547169754283754328691,26
015000020264000300000000000050000700000500290900000005080230047006700950470000600,715983426264175389893624571158392764647518293932467815589236147326741958471859632,26
003010007180207063520900000000001000000000300000000700052079030310040000760008000,693814257184257963527963814276391485845726391931485726452679138318542679769138542,26
230001900500000000000090002705200003360080400900060807809004100000000000003010500,236871945594632781178495362785249613361587429942163857859324176617958234423716598,26
108420500403005061000008300009000270300000008000000905080030000000057180000000030,168423597423795861795168324519846273372519648846372915981634752634257189257981436,26
050002030000603080000000000000060890003800000900207356035000700080026000607000010,854192637291673485376458129712365894563849271948217356435981762189726543627534918,26
000000000400021030500000100008210060900607380700000020200006809600108000000070600,127365498489721536563984172348219765912657384756843921275436819634198257891572643,26
009008374030000010000000000000400000740500800002800000304050900605000000298100750,569218374437695218821374695183467529746529831952831467314756982675982143298143756,26
305010740090006350004000000478000261039000407000000000050000000007084000040000600,385219746192476358764538129478953261539621487216847593951762834627384915843195672,26
002000000705308090840000100050004000000800009000020000071405930004000000090072850,962517483715348692843269175158934267627851349439726518271485936584693721396172854,26
209000040630004700400000060040120000860000200020000000006400002000000006780053014,279836145638514729415972368543129687867345291921768453356491872194287536782653914,26
000800306206050000890230000620700800100020409000003000070002000302500000004008000,457891326236457981891236547625749813183625479749183265978312654312564798564978132,26
076300008000007035093200000000003050120000309004510080000034000000068000000000016,476359128812647935593281764768493251125876349934512687681734592259168473347925816,26
300000200601240030040070000280000400030001728164000090000800000003090000000020009,379156284651248937842973165287539416935461728164782593596814372723695841418327659,26
016800009700003106320005004000700000030000090070000000200631085000000003163000000,516847239784293156329165874451789362632514798978326541297631485845972613163458927,26
086700350700050062000000900000500006000000780600407105000905000000804000900006008,286749351794153862135268947478591236519632784623487195842975613361824579957316428,26
000004702070081930000000001040200000810400256020008400080000000001040020030000040,158934762276581934493762581347256198819473256625198473984327615561849327732615849,26
900003410000090005030000806400006030001000600800035000090300104004870003000050000,986523417147698325235714896479286531351947682862135749798362154514879263623451978,26
670003005000000000000012000025000001000005008806000520001900000008040000957308140,679483215512679384483512976725896431134725698896134527241957863368241759957368142,26
576040000009700000000000000200000100900400300600800009000930407704200090090600801,576142938839756214412389675283597146957461382641823759128935467764218593395674821,26
060590300900000020000200000600012500000000800000060041000050938000020010041009062,462591387915873624738246159687412593124935876359768241276154938893627415541389762,26
000000310001009508006013920005004000423000800000000400008000000650000200094070003,972865314341729568586413927815234796423697851769158432138942675657381249294576183,26
000004500000008400002000000008301000004059000095200140400013700001800200870400000,687124539953678421142935876268341957314759682795286143426513798531897264879462315,26
100860000900700800000209000200000000000090600761040300090020000000400908047980002,173864295925731846486259713239617584854392671761548329598123467312476958647985132,26
381200000625000000047000065000000010000900000190000070006780000000500080870100506,381265497625497831947831265532674918764918352198352674456789123213546789879123546,26
002090053105000000060000800016500040074060008500007000007010002000300009008009010,842796153135824796769153824916538247274961538583247961497615382651382479328479615,26
800060000600952080002080700080000009059800000007039841000000005000000206000310000,813764952674952183592183764481627539359841627267539841748296315135478296926315478,26
000102643700000095364009020000005001000003008800017000000000080278000000006000300,589172643712634895364859127693285471147963258825417936431596782278341569956728314,26
970002000060400000000079320580007000700040058000000200400000600010094780000010500,978362415263451897154879326589237164732146958641985273495728631316594782827613549,26
000905003007400008005030000000648000040003000090000684001074890000000015009000007,426985173137426958985137462712648539648593721593712684351274896274869315869351247,26
020000900030008106000002000060010804050000000001005260503000012600001000010500098,126473985437958126985162437269317854854296371371845269543689712698721543712534698,26
093400002008070405540008000000700000000284000001060000000002070000005300000690854,793456182218973465546128937824731596659284713371569248485312679967845321132697854,26
605700003074010690020000870380100409000000502012000000051070000000000040000008000,695784123874213695123965874387152469469837512512649387951476238238591746746328951,26
000900105000040037054000209009004001005170090010600002000000010700060000000007903,673982145298541637154736289869254371425173896317698452936825714741369528582417963,26
009005208000700000060000007200008700908000004030400001004900005650000009700560002,379645218182739546465812937246198753918357624537426891824971365653284179791563482,26
000400060000937504000006300000600017506000000000800000460100890000060720200080040,739458162612937584854216379348625917526791438197843256465172893983564721271389645,26
050010009000000000000030010400001075002006048700840090000000001000020956240050003,357418269184962537629735814438291675912576348765843192596387421873124956241659783,26
158630002002100000003000050701008000000000500006090000064379015000000007000001060,158634972972185643643927158721568439439712586586493721864379215215846397397251864,26
000030900000000000120070050080600092067020180203000000010700509604000000000082006,748536921356219847129478653481657392567923184293841765812764539674395218935182476,26
003010040900000623000003000020090000700300200040800001030082700102000000009030012,263918547918457623457263198826791435791345286345826971634182759182579364579634812,26
005008700007610000200030000350082940000400600070000000800003000521004006060001000,615248793937615824248937561356182947182479635479356218894763152521894376763521489,26
000003700400650000000000300050000004006500008300406000208064000070920060600705020,819243756423657981567189342951832674746591238382476195298364517175928463634715829,26
000000090067000000089000570000600002800100050605020007906048000048700000700006080,412567398567389421389412576174695832823174659695823147936248715248751963751936284,26
000000078400300510519000000000100000000009185000006003040670000000010037637900000,326591478478362519519487326293158764764239185185746293841673952952814637637925841,26
200000090479800060000000000900000450310065009000097000094000000702080000800954000,283516794479823561156749832927138456318465279645297183594372618732681945861954327,26
860000400500080013070000000200000800000020030354000000490060005700000201020070908,862317459549286713173954682217435896986721534354698127498162375735849261621573948,26
504097826090080000600005000409000000060050781000000000000700000007010050000523070,534197826791286345682435917459871632263954781178362594325749168947618253816523479,26
005000000130000057286700090060000918050010024800000070000000240500930000000000030,745193862139268457286754391462375918357819624891426573973681245524937186618542739,26
000000309100400200390000180700200908080004020000000000020040500030082400000703800,275816349168439257394527186743265918981374625652198734826941573537682491419753862,26
000008097900001000380000250760100000000800376805700900008009000090010000400003000,512348697976521438384967251763192584129854376845736912638279145297415863451683729,26
058013000000400005000008109000030000010005300300000050030050060500806000000301572,658913724193472685742568139875639241214785396369124857431257968527896413986341572,26
400100007060080400000000000602700010501000040000500008010002804047000960006070300,453196287169287435278435196682743519591628743734519628315962874847351962926874351,26
000000800034900000050060034200000097000820300040000008085000970903010402060000000,621473859734985621859162734218634597597821346346759218185246973973518462462397185,26
500000061082103400001704000000070020000809070060020900076080100000000040300000200,547298361982163457631754892198376524254819673763425918476582139825931746319647285,26
000400000048001000100070000070010320020704100000000000034058002010040500060092400,397486251648521793152973846476815329923764185581239674734658912219347568865192437,26
020090001000000000060050000000710000240860000170409608801000400700006013400300000,327694581518237946964158372685713294249865137173429658831972465792546813456381729,26
000003100900040000302000004876400210500000780009700403000300000031080000000004001,684523197917846532352179864876435219543291786129768453465312978231987645798654321,26
040000008200000090906001300005000040000040503410370906004007009100000000000910030,543796128281453697976821354735689241869142573412375986324567819198234765657918432,26
600230000097000000312700500030170050500020070040900000000002307000000602000007090,685231749497568231312749568238174956569823174741956823954682317173495682826317495,26
570900008008000000000030700847000000000093400003000006600000875004005000085009104,572961348438572691961438752847256913256193487193847526629314875314785269785629134,26
000000040006003010000070900070040001000312000003507800060030000000090483048050600,751689342896423517234175968675948231489312756123567894967834125512796483348251679,26
500020000000500070070030865800005090300010002200300000009040020725100000080000001,568927314413586279972431865841265793397814652256379148139648527725193486684752931,26
000700600206900003700006000302000004000000230007002000070420000000000342423090500,958734621216958473734216895362189754189547236547362918875423169691875342423691587,26
010705900050000000068000405680000007500400090009007600000170850001000000005600010,312745986457896321968231475684912537573468192129357648296173854731584269845629713,26
570900003000000004000008015700000006010074030980100000009080070140020008056000000,571942683368751924492638715724893156615274839983165247239586471147329568856417392,26
000000000000000008109000300401000753500900086862005040908000000670100000010000507,743891625256437918189562374491628753537914286862375149928756431675143892314289567,26
000300700300007002008040090192000000045100000603700000930060004420010000000002010,214396785369587142578241693192638457745129836683754921931865274427913568856472319,26
085000003230008000000000100050000000001076300907305010000500087000600501010407000,185749263236158749794263158352814976841976325967325814629531487478692531513487692,26
250080100090532000048060203000100000300040600000096305007000000000004080000870000,253487196196532748748961253679153824315248679824796315987615432561324987432879561,26
000064070090058030508000000000005910000406380300002000400080050000009007800503000,231964578694758231578321694746835912912476385385192746429687153153249867867513429,26
685004700000900800000068432090005080003000000050300901508000090200006000000800000,685234719342917865179568432491675283823149576756382941538421697214796358967853124,26
250100307000700020000060000000600050000800903000301006001000000095410060000958004,256189347918734625473562891139647258764825913582391476341276589895413762627958134,26
400070080060010405028509000000001000500000213000854009000000001070000904000000307,459673182763218495128549736697321548584967213231854679946732851372185964815496327,26
700000100508000030000000000000065900490010060806009003100008052607000000045090070,763582149528941637914736285371865924492317568856429713139678452687254391245193876,26
600904200000128000000060090000083509090040000000759020000092080900000000000507002,653974218749128635281365794412683579597241863836759421375492186924816357168537942,26
683009702094012008000030000040001000007004050005800000009000400000000000072400095,683549712594712638721638549946251873837964251215873964159327486468195327372486195,26
098400005700530000005010764003000000000000050000060001009000000430201079002907000,198476325764532198325819764653128947281794653947365281879643512436251879512987436,26
600037000100060003007400000000050000000070000704100600806523014003040060000900030,685237491149865273327419856918652347562374189734198625896523714253741968471986532,26
000405090000600001008000500900200080201084000084030100060310000009000060040067000,123475896475698321698123574936251487251784639784936152867319245319542768542867913,26
400000100000701200005000000080240009260000070900000600000804306000000700602597008,428369157396751284715482963187246539264935871953178642579814326841623795632597418,26
280971036001630002000000070000000000000310200852740010007000000068020000000060000,284971536971635482635284179316852947749316258852749613427193865568427391193568724,26
000130009070405630103007080000074000007850000800300070000000000004000206001600007,458136729972485631163927584396274158247851963815369472629748315784513296531692847,26
080700005207006000060018200000001720000000000700050310604087902000005034000000000,183729465297546183465318297549631728316872549728954316634187952871295634952463871,26
003000900400900031000600500931000000580300040000805300046050090000000050205008000,163524987452987631798631524931246875587319246624875319346752198819463752275198463,26
000800076000090100700000002400031000000600709600000021000060010068000053047500008,314852976852796134796314582479231865231685749685479321523968417968147253147523698,26
000080730859070600003060090000000900000090000005031000208000160000010000100028503,624589731859173642713264895361842957482795316975631428298357164537416289146928573,26
200070930005003000000012000000020650020000301000100200100600503006059010000081000,214576938675893124398412765831724659427965381569138247182647593746359812953281476,26
100960054045000003000200000000700300052018000000406000010000000007631540000070600,178963254245187963936254187469725318752318496381496725613549872827631549594872631,26
000000050400010900210003084000000010060501003500000678002706000100050000706100000,693478152478215936215693784329867415867541293541329678952736841184952367736184529,26
030000050500000906060002000000640020001000060004210508850900000000800300040001085,438196752527483916169572843385649127271358469694217538852934671716825394943761285,26
001600000020809310094010200000200000946000052205000080000000090400090500000030600,531672948627849315894513276318257469946381752275964183753426891462198537189735624,26
000602010000301405070450000800100000000000280030000100408700500000004062607000040,954682317286371495173459628842167953761935284539248176498726531315894762627513849,26
090005003206010400070000080510000000020059000040280001360000005700000028002000040,198745263236918457475326189519467832823159674647283591364892715751634928982571346,26
405100000071006040620504090000008050000340087000200400080603000000000020700000030,435179268971826345628534791143798652562341987897265413289653174356417829714982536,26
047800006900600000000700030002004070009000001001073000024000005000006710003008024,147839256938652147256741938582164379379285461461973582624317895895426713713598624,26
020000060600002300900000000402376008367008000000420000100090070209000004000100020,824937561615842397973651482492376158367518249581429736148293675239765814756184923,26
000200000930400000200000050706000182108000000503008709070059001000804000000602000,485261973937485216261937458796543182128796534543128769672359841359814627814672395,26
395000000600009000000804005050097000280000790000020000000000179030071600009206000,395712468648539217127864935456397821281645793973128546862453179534971682719286354,26
080000560000000890706090000000403006030001700000050000003010078800000600001809402,389142567124765893756398241975483126438621759612957384243516978897234615561879432,26
000000000002700380003500070000079000040086020800050007067020590000045000400000012,674813259952764381183592476521479638749386125836251947367128594218945763495637812,26
008560930009800526205000800000000052500000080000100090000001009050004200000080005,748562931319847526265913874934678152521439687876125493682351749153794268497286315,26
860000040020000070059002006210080003000000800090003020000000097100000000906304210,861795342423816975759432186214689753537241869698573421345128697182967534976354218,26
000060000800500120016000004000006000005810000080090060000000408000480600948000712,354162987897543126216978534439256871625817349781394265563721498172489653948635712,26
052009000008520000000003120010000803805000060706000041500094030020000000000005090,152479386368521974947683125214967853835142769796358241581294637429736518673815492,26
200008000350490800800000200100870000000001070008369042005000700000500030030007000,294718356356492817817653294142875963963241578578369142685934721721586439439127685,26
007000000610002400200000613320000708040607000068000500006000074100000000074000100,487136295613952487295874613321495768549687321768213549836521974152749836974368152,26
000008007003000504160000020080164300350000000000093000000086940040300600070009000,594238167823671594167945823782164359359827416416593782235786941941352678678419235,26
004000002000207004000050000000000020030020100900041000365900080209180065001000070,854396712693217854712458693147835926538629147926741538365972481279184365481563279,26
849005020120000605000000009001400006006050078000000000000002000700900560062704000,849635127127849635635127849251478396396251478478396251983562714714983562562714983,26
043000001281030000956802003020001300070050000300000070000000010000300060062100000,743569281281437956956812743628741395174953628395286174439625817817394562562178439,26
602009850500600000000500007800000900037400106009006000006000590703900002080000000,672349851518627439394581267861273945237495186459816723126734598743958612985162374,26
000000060030050090940060000070000030306000000400036017000003100850001020790604000,518497263632158794947362851175249638386715942429836517264583179853971426791624385,26
040001200000004010900608000000000000135092600000100008350200000090080400000040192,547931286682574319913628745829467531135892674476153928354219867291786453768345192,26
000008000050020830003070042000004005030061400042000106090600200300509000000000001,264398517751426839983175642617284395539761428842953176195647283328519764476832951,26
700000006604008900000000800109003000200486000068190000847000060000000030900002400,781329546654718923392645817179253684235486791468197352847931265526874139913562478,26
000400003000000000000007940000930702300070000020065000080020500003051060017608030,875496123964213857132587946658934712349172685721865394486329571293751468517648239,26
000200604520030009040008002900023708400190000200800001102060080000000003000000000,798251634521436879346978152915623748487195326263847591132764985674589213859312467,26
030000060000000708500803409000604050003000040000000070004560000300008000695702080,738941562419256738562873419871694253253187946946325871184569327327418695695732184,26
000000090200600004006481000100057038000006000300000050681040073405000060000000005,814725396257693184936481527142957638579836412368214759681542973425379861793168245,26
000800150050670080000000067000010600000000803600000091400080030005000028008350400,267893154154672389389541267873915642591426873642738591416287935935164728728359416,26
000908600076100009900400201613000000507601090000074000300000100000002400050000000,132958674476123589985467231613289745547631892298574316329845167761392458854716923,26
075900600030000000000010570301000052000020000000000000017200049000761080002394000,875942631136587924429613578391876452768425193254139867617258349943761285582394716,26
087000430000000087030090000009530804824900005010000009700000050000074100000005000,987156432561243987432798561679531824824967315315482679748619253253874196196325748,26
030027680740006000000001702000000900504600000000032000800000020000214800000008390,139427685742856139685391742213745968574689213968132574857963421396214857421578396,26
070408002003500060002097040000000037000376000060200090800000070020050006000800010,679438152483521769512697843248915637951376428367284591836142975124759386795863214,26
090040000800000040520067139000091000052000090000325000060000080040000900005204000,193542867876139542524867139487691325352478691619325478761953284248716953935284716,26
800060037000004000040010002609040200020607000080150000008526000500000000030000605,851269437296734518743815962679348251125697843384152796418526379562973184937481625,26
000000405000000002354000619430000000005612043610030007000940000941000000000000000,728196435196354872354728619439875261875612943612439587267941358941583726583267194,26
007084520005000080080500000000100005300800000500090003054670000200031008009008000,917384526625719384483526719792143865341865297568297143854672931276931458139458672,26
000030000000000976400607300060000200000000763010306000600200000097060040040019030,976835421358142976421697358763458219584921763219376584635284197197563842842719635,26
100070000600000020000003000009008172506200040271300005000020060492000000800001000,158972436634185729927643851349568172586217943271394685715429368492836517863751294,26
270000090090006008800900000910600040345000800000400010000000086600040001007803000,276384195591726438834951672912678543345192867768435219459217386683549721127863954,26
539004080000008300001030002090007000000006000010800070140089020000700800000000417,539274681472168359861935742398527164725416938614893275147689523253741896986352417,26
080000001301000200020510070013070400800002000007060103000000008900000000100089042,789246531351897264624513879213975486846132957597468123432751698968324715175689342,26
935800100100000008007000903871096005304000000620000017000005000000060030000002000,935874126162359478487621953871296345354718692629543817293485761548167239716932584,26
001008360003000080000300000000000873300605049900030051600000008200480000800000500,521948367763152984489376125156294873378615249942837651617529438295483716834761592,26
000010000006000709004900000050690000907001005040000900008000691009048020000060083,795816342186234759324975168253697814967481235841523976438752691619348527572169483,26
900850000002900050835700100001238700004000000080047010008000000050000000160000080,916853427742961358835724169591238746674519832283647915428176593359482671167395284,26
000100497060904300047023005000500070000000000006000053000000530050010000009380001,832156497165974382947823615284531976513769824796248153671492538358617249429385761,26
002050800590000106000016530000420000000900001010630090000800000008160907000000080,162359874593784126847216539789421365356978241214635798975842613428163957631597482,26
000006004004000860080002000000000509428000600050010200032001400175000300006000700,513876924294135867687942153761284539428593671359617248932751486175468392846329715,26
001950604604300090000000000050003000046009000000500000163005020500200000007031080,831952674674318295295746831752463918346189752918527346163895427589274163427631589,26
302760000180000000046050029000290040200001000600003000803000400050000900000400830,392764158185329764746158329538297641279641583614583297823976415451832976967415832,26
070405000000020500000860100025900010001004839000000000030000005000500003950300201,172495368386721594549863127425938716761254839893617452637142985214589673958376241,26
040700005000000400031090060850000000097000040003000076089000000002105807000870003,948726315276351489531498762854967231697213548123584976789632154362145897415879623,26
000009300060800500005000807800000000500000900000907025002005030650043009400008006,748529361163874592295316847879652413526431978314987625982165734651743289437298156,26
005091040000000053020000910002100004089000000000009620048000109050010000000048500,375891246891624753624375918562137894489562371137489625248756139756913482913248567,26
600000009008000000090000000100280003400001008080604075809023000004000800060978000,645817239718392654293546781157289463436751928982634175879423516324165897561978342,26
000030089030908006810000002008090007067000004000700010000340020003070005000500060,456237189732918546819654372128495637367821954594763218985346721643172895271589463,26
000020060804006701609103000700000050000090000500007006102060007005009000037000005,371428569824956731659173284718642953246395178593817426182564397465739812937281645,26
000008000007000084000036521800060000000307000600024073700010430008000000190000700,521498367367152984984736521873561249249387615615924873756219438438675192192843756,26
008002634090000017300008009600000003000000005000029401063040000400005000705600000,178952634592436817346718259614587923239164785857329461963841572481275396725693148,26
970008000502030070100047082700010000001000000030004000000001090090005210010000450,974528163582136974163947582745812639821693745639754821458261397397485216216379458,26
000900600010040920032000000106000097300050000000070060004000008080000730760080209,845932671617845923932617854156428397379156482428379165294763518581294736763581249,26
001000090700000000600040050200050030006000102403010000000000040008460020064030785,341527896725986413689143257217658934856394172493712568132875649578469321964231785,26
000053800000200000309860001490085000000026100620000085900000000070600039000000008,142953867768241953359867241491385726583726194627194385934578612875612439216439578,26
102009040000005000034020900300708600001000000640000010090000000400132080003007005,182679543967345128534821976325718694871496352649253817798564231456132789213987465,26
090020000300570900500009000000705001001003070000010300400000206080062003000030805,698324157342571968517689432239745681861293574754816329473158296185962743926437815,26
056000001090005000007000000070200000203900045900540002000694057009000000035000090,456372981198465273327189564574238619283916745961547832812694357649753128735821496,26
000000640508206090002000000000070035010400070700001060006020010003080020007300006,971853642538246791462197358684972135315468279729531864856724913193685427247319586,26
005008000006900000200030608500400309020170400680320005000090000097000000050060000,735618942816942537249537618571486329923175486684329175462793851397851264158264793,26
080102009000000008390084000008400000200000000470010050900057000050000392601000700,784162539162395478395784216538476921219538647476219853923857164857641392641923785,26
135060000006000030020001640000738015000006000000000296000000183001000000200000054,135469827946287531728351649692738415514926378873145296459672183381594762267813954,26
001000000000020007590010000000900014000001080400670000874263000159000030030000070,741386295368529147592714863687932514923451786415678329874263951159847632236195478,26
003060809200003000060000070530600000980001060000907003006020507000000000000875001,753164829298753416164298375531642798987531264642987153316429587875316942429875631,26
000000806016027000900000702007095100500001407030604000000040000005000004080700300,742539816816427953953168742467295138529381467138674529391846275275913684684752391,26
005300060003806000900500170800000000002000000040000897001000034009400780000178000,425317968173896425968542173897654312312789546546231897781965234659423781234178659,26
063000400800250000425000801100460097046900100000001000000100050204000000050000000,963718425871254963425639871182465397546973182397821546738142659214596738659387214,26
026000000000980002098000000000802016080001097000700320751008000600500000000300100,526174839417983652398265741974832516283651497165749328751498263632517984849326175,26
000305000018004900000708040070060310500000094009000000080040500040000800107080009,624395187718624953395718246872469315531872694469531728286943571943157862157286439,26
000000003000700801000809400058003000007080030004000200340000580000300170006508002,891452763425736891763819425258643917917285634634971258342167589589324176176598342,26
090000710007029460000000520000900000403000900060001800000200000000000205800690137,295463718187529463634718529728956341413872956569341872371285694946137285852694137,26
000406000030975000406000000010050900050260000209000000000080000080690204600040350,975426183831975642426831597314758926758269431269314875142583769583697214697142358,26
900072010270001003000500020040900075002000008300200004097000001000005002000010050,935472816274861593168539427641983275752146938389257164597624381813795642426318759,26
530700400060200000002800067070020000000400005000000600000602000200108090050397006,538769412967214538412835967375926184629481375184573629793642851246158793851397246,26
000807200900500000000002005002104007007053000800060002100076000000000604704020800,315847296926531748478692135532184967697253481841769352183476529259318674764925813,26
300721900900500007100000085508090030790000000006800002000902000003008009040000000,385721964964583127127469385518297436792634518436815792871942653653178249249356871,26
001480000006500200020000000007090020800004301600103098004001000900008040200006000,591482763376519284428367915137895426859624371642173598764931852913258647285746139,26
000002060042100700000705000009070500000040000000000030690350800080007305500801006,375482169842196753916735428129673584763548291458219637697354812281967345534821976,26
020070500000020017004800000910480000030910000007500001040050060000090100003000870,329174586865329417174865932912487653536912748487536291241758369758693124693241875,26
000410300000000900000200108500002000006070800007080600002041500385609070000003000,729418356841536927653297148518362794236974815497185632962741583385629471174853269,26
210804000000500901000100000300000500000009104000003000132008700000070000597021400,219834675483567921756192348341786592678259134925413867132648759864975213597321486,26
000000000430001907068007300004010500000000010300500200000490000203760400000000760,795324681432681957168957324924813576657249813381576249876495132213768495549132768,25
000000060203000904500010700900720000005040000000800340600104090000000506309600000,491237865273568914586419732934726158815943627762851349657184293148392576329675481,25
005700036030900000002063980510009000000047000670000000067800000000070800800002000,985724136136958742742163985513289674298647513674531298367815429429376851851492367,25
009002005050096000800005900002050600000760200000000003074080000200000860608200000,469812735357496182821375946982153674135764298746928513574689321213547869698231457,25
000500600081060000000003851049035002005002070010700000000000000008050200020308000,973581624581264793264973851749835162835612479612749385156427938398156247427398516,25
902065008000000029004000700400072036000000800050010902000001050000000401040050000,912765348576348129834129765481972536297536814653814972368491257725683491149257683,25
002000390300260000500000002000000009800005000700906004000000405020507080470000920,642751398398264517517839642254173869869425731731986254183692475926547183475318926,25
001000000000390057000620901134050000860000070050060004000000090083000020270000000,391547268628391457547628931134752689869134572752869314415276893983415726276983145,25
000060000800204103054000000570040000090500001000003085000400000005000000901036850,319867542867254193254319678578142936693578421142693785736485219485921367921736854,25
000080002089000010000010500400001008000403950950260073000000000000000005000340190,714589632589632714632714589473951268268473951951268473197825346346197825825346197,25
300490010094600007200000000000071040000000000040000002600030080731500029000920000,357498216894612357216753894968271543172345968543869172629137485731584629485926731,25
000593000000047300000020704800000010604100000500082006100000693000900001090000000,467593182281647359953821764872364915634159278519782436125478693748936521396215847,25
903007000800006007000480000040200000732000000508060003406709000000008000090010060,963127845854396217271485936649273581732851694518964723486739152125648379397512468,25
000040060070003050000052008052080037000600020060500080000200010600000000580070090,215748963874963152396152748952481637148637529763529481437296815629815374581374296,25
050300000020000100400208000005000040040905370073000006000030002000050700000124900,756341829928576134431298657695713248842965371173482596589637412214859763367124985,25
000040008000059000090000006001000005720000904004002300250701040010004009000005010,172643598436859172598217436361498725725136984984572361259761843617384259843925617,25
020607890000800020000050603050000001941000708008000050000021500010006009000000000,125637894673849125894152673256783941941265738738914256389421567412576389567398412,25
070020006000503700500900102090000500600000020000005901008002000020000410060084000,974821356812563794536947182491238567657419823283675941148352679325796418769184235,25
091400000002308000008901400800010020000509000000700603000006000006040100400007200,691452378542378961738961452874613529163529784259784613317296845926845137485137296,25
003006029902300500000000001000500000000400082000890000070028000500004008021030090,183756429942381576657249831298513647315467982764892153479128365536974218821635794,25
046010002090020500080060300000008000405000800010004900600300200004006130000000009,546913782391827546782465391963178425425639817817254963659381274274596138138742659,25
960000701000090503502000000496005007000020000000600800140060000000014000085700000,968253741714896523532471986496385217853127469271649835149568372327914658685732194,25
036047000020086040000095006100000000004009018000600020000000060600001002502000070,836147295925386147417295386168724539274539618359618724781452963693871452542963871,25
000104080000058002080200040000010006100000004370020050007960400000080600009000007,762194583941358762583276941294815376158637294376429158837962415415783629629541837,25
950000010020301060000000270000060700560070100070010030042608000030095000000000000,956427813427381569381956274814563792563279148279814635142638957638795421795142386,25
000700003003050870000000090708000060005008100002095008327000600000009007000000051,594786213213954876876123594738412965965378142142695738327541689451869327689237451,25
450700000100000400080000000520000001890205030004008006045000000907000000260403000,452731689173896452689524173526347891891265734734918526345179268917682345268453917,25
010040080000071003300286100070950000000008021000000000000060000700000090051890200,517349682268571943394286175172954836945638721683127459839762514726415398451893267,25
000010046080900000000000000605782034000000008720000090000020000502030019073400000,257318946381964257946275381695782134134659728728143695419526873562837419873491562,25
030000050710900620000000803326000000000020470000000300963400018080000007000000900,839246751715938624642517893326754189198623475457891362963472518581369247274185936,25
020903000600001207000052000000010025005008700000009000700090003000100602002084000,527963148639841257418752369386417925295638714174529836751296483843175692962384571,25
000030805376050204000040000000000948000900030004003050000010000000508420000000370,421736895376859214589241763213675948765984132894123657942317586137568429658492371,25
085000091064391005030800000000000400800009100009030500000200000100056000006900000,285674391764391825931825674312587469857469132649132587493218756128756943576943218,25
000817003002000070000302040035001000061200054089030000000500001000000030020000700,654817923392654178817392546435761892761289354289435617978523461146978235523146789,25
000010002070200000300600810806300200050100700407002000290805100005000000000900000,569718432178234956324659817816347295952186743437592681293865174685471329741923568,25
700010000910000400000080500600090200400005000530870000000000004809050020060940005,784519632915623478326487591678194253491235867532876149153762984849351726267948315,25
005000460130462075460000000006000000000000500200090010300600700004700001000300050,975138462138462975462975138596817243817243596243596817321654789654789321789321654,25
070000034000304070000000000000538702207010050800400190004000000120050400000000001,972165834516384279438729615691538742247916358853472196784291563129653487365847921,25
500000000001000000020004163000650310000009000000230804150000400930700050084000000,547316928361892745829574163498657312213489576675231894156923487932748651784165239,25
350000002000400003200500000060000008000002004090643070035000000020000780078290000,351879462789426513246531897463157928517982634892643175635718249924365781178294356,25
000190300009003082006000490195000030003950700000000009050400000000378000000500000,528194367419763582376285491195647238283951746764832159952416873641378925837529614,25
000007090000100060100450070040000013006301945007000000000002807004080000700000400,465827391872139564193456278549268713286371945317594682951642837624783159738915426,25
000003700000000020100600000590071002000900070030460000920030106410200000080000200,269583714853714629174629583598371462642958371731462958925837146416295837387146295,25
083900027000000900050000030007080000300000000000000000049562700026710004000090560,183945627672138945954627138217389456398456271465271389849562713526713894731894562,25
901700800000000010840001000000000000004000079000234008709000003050008090608000025,961725834275483916843691257186957342324816579597234168719542683452368791638179425,25
510400200070009000000000470601800900007000001000001007090060004005000190304002000,516478239478239516239516478621857943857943621943621857192765384765384192384192765,25
070904030004000600000000849000070005030008024008000703060001002000009000481000000,675984231894123657213765849142376985736598124958412763569841372327659418481237596,25
049000050000007934500439006904006200000070000080000000400960800018005000000000000,349681752861257934527439186954316278136872495782594613475963821218745369693128547,25
000605018000000000008070500000700090600200001002140050000500139005930060100000000,473625918526819473918374526341756892657298341892143657764582139285931764139467285,25
070000090510000060000150080020501000000290810000060000000805300060900000085004009,478326591519748263236159487923581674647293815851467932192875346364912758785634129,25
000000020004100009000045017000027900090500080002619050900000200000000000020900340,187396524254178639369245817543827961691534782872619453918463275436752198725981346,25
003000100841365000000000000380000900100008520060000000000850090920700000038000001,653279184841365279792184365384526917179438526265917438417853692926741853538692741,25
001000002003000400090100000009000203004000097020000000030208060072009300006030720,641385972583792416297146835769451283154823697328967541435278169872619354916534728,25
700600005000030090032004006040000000000320040300946000000009060000103002200408000,794681235681532497532794186946815723815327649327946518153279864468153972279468351,25
930000007078030000002870603705000000000060000004507000601042000000000020040008060,936214857578639241412875693725983416389461572164527938691742385853196724247358169,25
003690040009000007000000000010025000000000080502700400000000094601984700000002130,723691548169458327845237961914825673376149285582763419257316894631984752498572136,25
650000890000000065000000000805000020341209006200000000080003000109068003500002000,653421897412987365978635241865314729341279586297856134786543912129768453534192678,25
050000000060005040200306810175008062400030050000500000008000000500001000642000000,851429736763185249294376815175948362489632157326517498918264573537891624642753981,25
012070800400000007000000100093000050040015903060030400304060000000200030100700000,612379845485126397937854162293487651748615923561932478374568219856291734129743586,25
000030760009500000000000001230000000607000000000070200380040000070165382050000904,521834769769512843843796521235489617617253498498671235382947156974165382156328974,25
000006001607500000010002768000300200003090600000604000000000000000007152500000873,249786531687513924315942768476358219853291647192674385738125496964837152521469873,25
000400050000700200000392080000000718708003029009017000000000002000240070000005006,293481657184756293657392184365924718718563429429817365571639842936248571842175936,25
080600340043007160200000080070065900000080000005000208000500000000908000090006050,987621345543897162261453789872165934439782516615349278726514893154938627398276451,25
700018000201006300000700000370040090000000002120985007002003000007009000000000280,743218956281596374569734128376142895958367412124985637892653741417829563635471289,25
030000006000600000000900005350006007004010050007800000980200670000060083000090042,739582416825641739416973825358426197264719358197835264983254671542167983671398542,25
300000050080300000407085200206000000003000060054000700540008020000009000108002005,321497856685321974497685213216973548973854162854216739549168327732549681168732495,25
400000200005070000070419005003850060050700190060000800000007000020001900000000507,419385276385276419276419385193852764852764193764193852938527641527641938641938527,25
000001375000000608100007000906000002502000080070005106000006500000002060687000000,429861375735924618168537249916378452542619783873245196291786534354192867687453921,25
800904010710000405000000360200800050081006000000009000107008000000010040600200001,863954217712683495594172368279831654381546972456729183137468529925317846648295731,25
009506800400000060200000900300000050600100090092000000000700600017690005006000710,179526834438917562265843971381279456654138297792465183543781629817692345926354718,25
000009070008400050600150800000085002509042300006000000800034090030000000000200004,351829476928476153674153829713985642589642317246317985862734591437591268195268734,25
240108706000000029000002000000007048000015000700800000004509310000006800000701000,249158736851673429376942581513267948498315672762894153624589317137426895985731264,25
000003600209000405600407009050000006080140002702000000000800020000900800041000003,475293618239681475618457239154729386386145792792368154963814527527936841841572963,25
004000000150000080000310000000000091000030420072000050031650008540028013000000000,624879135153462789798315642365247891819536427472981356931654278546728913287193564,25
008001930307020601060000008100200000005310070700085006000000100000000090902000000,258641937397528641461937528136279485845316279729485316673892154514763892982154763,25
060800000005000800000000070600350000350409001009000300000000009120504060090006102,967831254245967813831245976618352497352479681479618325786123549123594768594786132,25
003400080908570060406020000200030000000200000000060008801302070000040300300000004,573416982928573461416928537284739156165284793739165248841392675657841329392657814,25
300507602000002000000080050000000000000090570050204036008000000100800040024631000,389547612745162893261983457693758124412396578857214936978425361136879245524631789,25
200000005300000000081000269000020690402900800007000400000340006006009030030000008,269817345345692781781453269813524697452976813697138452978341526526789134134265978,25
100000060420000905000501003000600500001400890000002000009000007040060100310008050,195324768423876915678591243734689521251437896986152374569213487847965132312748659,25
000006000030000050651300000103000500405001207000000000009062000008003040040000973,924516738837249156651378429183927564465831297792654381379462815518793642246185973,25
000000007070040000000710040910050700000020091007100650703000069000000002800904000,489635217172849536365712948918456723546327891237198654753281469694573182821964375,25
420000030300400100006058000000007000060805000000000089700004051091080002000000078,427961835385472196916358247859237614164895723273146589738624951591783462642519378,25
000200809000005002000001006020000047000000000000000230073810500900306120008009700,546237819189645372732981456321598647467123985895764231673812594954376128218459763,25
605070100700800000000000900000034009004020780006080000170050306040003000060002000,635279148729841563481365972817534629354926781296187435172458396548693217963712854,25
001009850060580410205047000400000000007000000600700100070600200000023005300000000,741369852963582417285147639419236578857914326632758194574691283196823745328475961,25
007001000080007300000840600000030750000085190005100000100520007000000000000403502,567391824482657319931842675619234758324785196875169243143528967258976431796413582,25
003000700000000030040009000000000403000005076007103980070400008010000500089250040,193582764825674139746319852958726413431895276267143985572461398614938527389257641,25
000070020002000030703200005107800000600500070000700080056900000200645000009100000,594371628862459137713286945127864359648593271935712486456937812281645793379128564,25
000000000005602070000405000200000000004900200000800041008000495000208017070540002,962387154145692873837415926283174569714956238596823741628731495459268317371549682,25
000600130690001000000004000100009008000060000063000904087210009906300000200000003,524698137698731425731524896172459368459863271863172954387215649946387512215946783,25
054000001900000006000000000702301600000009030010000900009154000001620000080930010,654892371928713546137465289792341658865279134413586927379154862541628793286937415,25
304005070000070300806004100000000000009000007007000002901250700050063040000900200,394125876125876394876394125412587639639412587587639412941258763258763941763941258,25
100000002005300000000010076000090007050040000002075034804000000007000905010706020,198567342675324891243819576436298157751643289982175634824951763367482915519736428,25
000009024600002038000700000000310007000900200970004001020000000096021003000400002,783659124659142738142783695264318957318975246975264381821537469496821573537496812,25
000000390396548200017693040000004000000000000100000000000030084004000009030007001,845712396396548217217693845962354178453871962178269453621935784784126539539487621,25
051009070040800900006030081000000000070050209000002060000000100002070000438020007,851269473743815926296734581129647835674358219385192764967483152512976348438521697,25
000000000487030000600500000060700000008000970050080210016000400070043091000000580,591478362487632159623519748162795834348126975759384216916857423875243691234961587,25
000040180000000000180060000000007001904000850001005970010000540040001068000950000,695742183427318695183569427856497231974123856231685974712836549549271368368954712,25
010050007006000100000900063860000005000007090000003000400290000608000050205600704,912356847356784129784912563867149235523867491149523678471295386638471952295638714,25
000060308907000520048001007090000106800150000000000030010000085003200000000009400,521967348967348521348521967794832156832156794156794832619473285473285619285619473,25
005001004904000701000904000049050080000000029800009000060000010500037048000008000,325671894984325761671984235249753186753816429816249573468592317592137648137468952,25
076300800050002013030080000800236040000100009000008300509007000002000000060000200,276341895958762413134589627897236541623154789415978362549827136782613954361495278,25
000750000000080320400010760500008000040000680800490050000009130000007006086000000,231756948675984321498312765523678419149235687867491253752869134314527896986143572,25
010803000207000503050000004000000058000008090500002006000720640060000200005009800,614853927297614583853297164942136758136578492578942316381725649469381275725469831,25
002000000004000000000000000437800009090003580005060000000000002600702104723010068,362147895174985236958326417437851629296473581815269743541698372689732154723514968,25
000920500600000200100406000000070002300800010080000060930200600000060830700300100,873921546645738291192456378514673982367892415289145763938214657421567839756389124,25
000700200074090000003006700000400000000005089000680401000002140000100500018000960,186754293574293816923816754869471325741325689235689471357962148692148537418537962,25
000000000001003407000005010000000020300002076540067300000050740200000800710030005,475681932681923457923475618167398524398542176542167389836259741259714863714836295,25
301800096900100000040006100050089000036000000000000700780940060000001000000570040,371854296962137854548296137157489623236715489894623715785942361429361578613578942,25
005300000000240010000090205058400060402000008000908000000004081001020700000080009,245317896896245317317896245958472163472163958163958472529734681681529734734681529,25
800056000000908000050000007005000090480000502060000308002800070006000830008007200,879156423234978165651432987125384796483769512967521348542893671716245839398617254,25
700008000000000792005000000050090470430806210090030080080010300000405060000000000,729348156843561792165927834658192473437856219291734685584619327372485961916273548,25
007000000008001000000500846000705008000000000600009400046100032005000901010203600,257684319468931725193572846932745168574816293681329457746198532325467981819253674,25
570400103060213097000000800000030080000000050005070002250008000000000200010000078,579486123864213597132957846621539784748162359395874612253798461987641235416325978,25
700800000130702000865030002300400601690020000000090000010073084004000000000000000,742865139139742865865139742327458691691327458458691327516973284284516973973284516,25
007800004002006008000400600000050200000900040200600050510008400023000061400005000,657813924942576318381429675764351289135982746298647153516238497823794561479165832,25
600040000900001500050092061000000080020000700500080004203000008100000023090020005,631547892982361547457892361314759286826134759579286134263415978145978623798623415,25
000004000020009000900600124002500000806000000300060091200850010000090500080000930,568214379421739865973685124192573648846921753357468291239857416614392587785146932,25
500004090000907000079800000000006000405070100700210400900082610001000070000100000,518634297346927581279851364182546739465379128793218456934782615651493872827165943,25
010000000000500000000140008040001802300000500008095007000014086030000200867000400,419873625783526941256149378945731862371268594628495137592314786134687259867952413,25
000100003030080571007020000000090018000860030000000002300008050090000307065000080,846157293239486571517329864753294618924861735681573942372948156498615327165732489,25
051048020006300000004000100400603507009000002100400060000500006860000000500000090,351748629296315478784269135428693517639157842175482963913574286862931754547826391,25
004005000000000059005000008010040725006000000050003000008030000409007002560020093,384695217271384659695271348813946725946752831752813964128439576439567182567128493,25
020650790400007030000000050030500009090016040000902000010400020900000061000000004,123654798465897132789231456631548279297316845854972613516489327948723561372165984,25
018530600020080000500072000060094050052016040000000000000000000170050030030000080,418539627627481593593672418761894352352716849849325761985263174174958236236147985,25
030010087007000060200800039012000000000900010090008000000039006003000008106007040,539612487487395261261874539812743695374956812695128374728439156943561728156287943,25
004050030800000000000800040300480007409000050072060408008010060000000000900048500,724651839893724615651893742365489127489172356172365498248517963517936284936248571,25
070069300300000800806300057000600472000000013000000000000000000000080930058930100,275869341314257869896341257589613472427598613631472598963124785142785936758936124,25
000900473003680000509370000205000000000000000030000004308200957050000000000750008,186925473473681529529374186265497831794138265831562794348216957957843612612759348,25
900000000000000020741020300400070000300100006007000054003040900896000042070900000,962385417538417629741629385415276893389154276627893154153742968896531742274968531,25
000010009000908500000000040000000013890300004300000050000240875007030400000087300,753614289614928537928753146462895713895371624371462958136249875587136492249587361,25
800000000000050100009700000980040000700000891030000070008001003200800714100002900,817624539426953187359718246981247365742536891635189472598471623263895714174362958,25
673090400005700000009050000000500730000940000000300890042070000008020060060003000,673891425425736189189254673894562731731948256256317894942675318318429567567183942,25
052006000076090420090400000049200008007000000000000000004500003001738002700020000,452176839176893425893452167349215678687349251215687394924561783561738942738924516,25
000040010081023060000008300000200000864000720000080100600804000008070250003000000,237645819981723564456198372319257648864931725572486193625814937148379256793562481,25
005100000000800000009305000003091000040670000001058000890004600100082000004010009,635127948217849563489365721763291854548673192921458376892534617176982435354716289,25
000019000000056901000870600005008000080042350400060000800000000006900000054001700,562319487748256931193874625635198274981742356427563819879425163316987542254631798,25
020000840000000200084000007000090060097650400000100900062010000500004000913070000,129537846735486291684921357241793568397658412856142973462319785578264139913875624,25
500460020102000600003000500308509000060008200000070000000080000800000403976040000,597463128182957634643812579318529746764138295259674381431285967825796413976341852,25
000000070100009002250001809490300000000500090605700008000200040040007060062000000,938652471174839652256471839497328516823516794615794328789263145541987263362145987,25
600170090024005301000090008000000200300040050000730000000020000000406010040007023,685173492924865371713294568498651237372948156561732849157329684239486715846517923,25
846370052900005006000000007000700040005080030000600005000830970000000003003900000,846379152937125486512468397369751248175284639428693715254836971791542863683917524,25
010009050006080390300005200000070900000000003040000180000090070609007000005012600,218349756756281394394765218563178942187924563942536187421693875639857421875412639,25
000003002020010370300000008730000004090001003040087600009040000800035200000100000,481573962926814375357269418738956124695421783142387659219748536874635291563192847,25
000000006000008050800590000000900500500602700708430000600309400907004000015000000,359241876124768359876593124261987543543612798798435261682379415937154682415826937,25
030000000000500740000009006400001903000000001108003604700002100004100000500000482,635748219912536748847219536476821953359674821128953674763482195284195367591367482,25
050000400104507000020000800000000500009756200600300008060000000000072340940800000,758263491194587623326941857432198576819756234675324918267439185581672349943815762,25
003000000400000300000320000000890007702000003000047000614008070035000400200406500,923764185467185329581329764156893247742651893398247651614538972835972416279416538,25
017800000080000009036190800040000280601000005000050900002004003000609000000002040,917825364285346179436197852543961287691278435728453916172584693854639721369712548,25
008060200631200004020900006800702000000003001070000008080100040000090000007500800,498361257631275984725948316863712495549683721172459638986137542254896173317524869,25
490000000860000034000040000009600050180907000300010000500490000920000070008001040,493186527861275934752349618279634851185927463346518792517492386924863175638751249,25
800002000900000000000803009050168000080030200000020000070601000010380970040000016,831942765924576138567813429752168394186439257493725681279651843615384972348297516,25
000040000000035000000007000010409008680300459000020300038004000009080010040006700,153942867876135942924867135317459628682371459495628371738514296269783514541296783,25
050607900000008500000000000060420000400700080010009040000000706041076000000080431,154637928637298514298154367869425173425713689713869245582341796341976852976582431,25
000604002000080000000070800005040080490000050000000470080130007350000008670090300,813654792729381564546972831165749283497823156238516479982135647351467928674298315,25
007200000000300000000900000002000968003096000689500301070000090048050007005000004,597241683124368759836975412752134968413896275689527341271483596348659127965712834,25
020000001690070008130200000240000000300082009000003002083000090010030020000007030,825946371694371258137258946248769513351482769976513482583624197719835624462197835,25
009200304000370090030800005061700948005940000890000003000000000000000000000100507,189265374526374891437891265261753948375948612894612753618527439752439186943186527,25
506000801000000002390070006100060700630000000000510360010000000003100085800040000,546932871781456932392871456158364729634729518279518364917685243423197685865243197,25
000130060000000000000060572304620000000000304091004600000006200017040050050000900,572139468468572139139468572384625791625791384791384625943856217217943856856217943,25
900000002001005003500300000100002004004090000060050100020500000809024000030000426,973186542681245973542379681197862354354791268268453197426537819819624735735918426,25
005000000000000004208300000000020008003705200902030000500006000000842700020570910,345617829671289534298354167756921348483765291912438675537196482169842753824573916,25
350000000072035908000000003000000000100000040548600020000520084081000000200108000,354981276672435918819267453723854691196372845548619327967523184481796532235148769,25
000080000007900500000200380005000000070090000000000400708400260930100058260000034,512783649387946512649215387825374196473691825196528473758439261934162758261857934,25
500000497070561000800009000005008000090000000004000309080940000050006004040107000,561832497479561823832479516625398741398714652714625389286943175157286934943157268,25
609000001001005030000000500590600070010200800000000900000400097007006004130700080,659834721271965438348127569592648173713259846486371952865413297927586314134792685,25
348001200010029300200030600400300900000007000006200180000006000000402000800100000,348761295617529348295834617452318976183697452976245183731956824569482731824173569,25
030000000700080005000017030002050000080470010047120000050004000100008000076031000,238945167761382495594617832612853749385479216947126583859764321123598674476231958,25
000010406046050100000000000000507001700090800001400005420300010000070048070000600,957218436346759182812643597684537921735192864291486375428365719563971248179824653,25
006500100000600000000001000600053000700060000001800900050407089104000523000005010,486592137317648295925731846692153478748269351531874962253417689174986523869325714,25
900001000500007200204580000003000000027415000000000000060700000700058300085300004,976241583538967241214583967893672415627415839451839672369724158742158396185396724,25
000800000000003000100040032000320801000000000018050260001902000800410000090630004,329861475754293618186547932975326841632184597418759263541972386863415729297638154,25
000300200700800900280004750000080004000000095000039001500700000008050130000008060,964375218735821946281694753359187624817462395642539871596713482428956137173248569,25
100070000840061500070000000907000300006000040080000970495800000028100009000000080,162375894849261537573948126957482361316759248284613975495826713628137459731594682,25
000000002018720005000009308009200076200500000000090030050148000184000000000000100,495381762318726495762459318849213576231567849576894231957148623184632957623975184,25
008000310009000020700030000000000000000080502000400870004000290050900004093804057,468275319319648725725139468876352941941786532532491876184567293657923184293814657,25
050000000908460021004120090003000005000009010060000040000000800010000409002904100,251893764938467521674125398493716285825349617167582943749651832516238479382974156,25
030005040004000080000027000800000100025000000100000452700000000040071098009604020,931865247274193685658427913863542179425719836197386452712938564546271398389654721,25
000900560490000000050000002010704000000006100500003004005608000730005010108300000,387942561492561837651837942813794256974256183526183794245618379739425618168379425,25
340050000000000000970200510410086700020001000060900000000003000007410600150800000,342158967581697324976234518413586792729341856865972431698723145237415689154869273,25
080030061000000000309010080000008030070300010030090805007000100040021000290000300,784239561165874923329615487916758234578342619432196875657483192843921756291567348,25
000002480002000900805000000000213050000570860000080023300407500008000000020008000,196732485732845916845196372689213754213574869574689123361427598958361247427958631,25
950000007200900000008207050000006801046820005021090000004000000002109000070000000,953468217217953468468217953795346821346821795821795346534682179682179534179534682,25
000870000610020380800000002709030500050090003000200000000004006000907000048100090,592873164614529387837641952789436521251798643463215879975384216126957438348162795,25
007490000050010000000000005010000000006000502020630801030257900072000003000100050,287495316954316728163728495718542639396871542425639871831257964572964183649183257,25
806207040070150098140000000000400060000003200402000000009500006020040000004000020,896237541273154698145869372738425169961783254452916837389572416527641983614398725,25
005009000783200000006007100000090400060000000400008000000103500008005600092000381,125469738783251964946837152851692473269374815437518296674183529318925647592746381,25
004705000057000004000002500600008000000001060710300000009820051000000030541900000,124795386957683214836412597693248175482571963715369842379826451268154739541937628,25
040000000009254080000007200000003000700009128005000000000096050200001400004020710,542318976679254381183967245821673594736549128495182637317496852258731469964825713,25
065070010000560000000100000507000060040680000080705090004009600900000040053000001,865273419491568327372194856537942168249681573186735294724819635918356742653427981,25
604700053000064102102003600200030007000000300090600010001000000000000500000006701,684712953953864172172593684215938467467125398398647215741259836836471529529386741,25
403080720720400000100702000006800000000501000010007000004200607000900080080000004,463189725725436198198752463376894512849521376512367849934218657657943281281675934,25
060400098890076200002000760000000006000040800000000005006000040200008507000204600,367425198891376254452819763574982316613547829928631475186753942249168537735294681,25
000000041000040000040000000000600009010904000000030706000580067700491280082700000,259378641378146952146259873835617429617924538924835716491582367763491285582763194,25
000004000100000000200710093720000900010000027000000008000040270403060180002100300,398524761167839542245716893724681935816953427539472618981345276453267189672198354,25
706800150000000002040070008004060007650000000008000200000009020439005000200007900,726893154983451672541276398194562837652738419378914265867349521439125786215687943,25
000600450001930020070050000004000367000000508900700004700200080000000640000501000,389627451541938726276154839124895367637412598958763214793246185815379642462581973,25
000417000700200000302000104001070005000038001800100006000000200000981000600000809,958417632714263598362859174491672385276538941835194726189746253523981467647325819,25
000006974000001603300009008000020060008070000210000300080005040000000206100060030,821536974479281653356749128793124865568973412214658397682395741935417286147862539,25
